Location,Duration (min),Time interval,Heuristics,Cuts,MIPFocus,AggFill,Obj (min),Time (s)
BDL-DHY,30,06:00-06:30,0.0001,0,1,-1,1,14.053
BDL-DHY,30,06:00-06:30,0.001,0,0,1,1,14.112
BDL-DHY,30,06:00-06:30,0.1,0,0,0,1,14.942
BDL-DHY,30,06:00-06:30,0.05,0,1,10,1,15.128
BDL-DHY,30,06:00-06:30,0.1,0,2,100,1,15.162
BDL-DHY,30,06:00-06:30,0.005,0,0,100,1,15.225
BDL-DHY,30,06:00-06:30,0.5,0,1,10,1,15.229
BDL-DHY,30,06:00-06:30,0.001,-1,1,1000,1,15.27
BDL-DHY,30,08:00-08:30,0.001,0,0,0,70,12.963
BDL-DHY,30,08:00-08:30,0.001,0,0,-1,70,13.02
BDL-DHY,30,08:00-08:30,0.001,0,0,-1,70,13.053
BDL-DHY,30,08:00-08:30,0.0005,0,1,10,70,13.059
BDL-DHY,30,08:00-08:30,0.0005,0,1,10,70,13.065
BDL-DHY,30,08:00-08:30,0.01,0,0,-1,70,13.068
BDL-DHY,30,08:00-08:30,0.005,0,1,-1,70,13.103
BDL-DHY,30,08:00-08:30,0.005,0,0,-1,70,13.113
BDL-DHY,30,08:30-09:00,0.0001,0,0,0,32,14.789
BDL-DHY,30,08:30-09:00,0.005,0,1,0,32,14.821
BDL-DHY,30,08:30-09:00,0.001,0,1,-1,32,14.924
BDL-DHY,30,08:30-09:00,0.5,0,0,10,32,15.478
BDL-DHY,30,08:30-09:00,0.01,2,0,0,32,16.984
BDL-DHY,30,08:30-09:00,0.005,2,0,-1,32,17.032
BDL-DHY,30,08:30-09:00,0.0001,2,1,-1,32,17.052
BDL-DHY,30,08:30-09:00,0.005,1,0,1,32,17.09
BDL-DHY,30,09:00-09:30,0.0005,-1,1,100,62,11.919
BDL-DHY,30,09:00-09:30,0.001,1,1,1000,62,11.957
BDL-DHY,30,09:00-09:30,0.001,0,1,1000,62,11.962
BDL-DHY,30,09:00-09:30,0.005,2,1,1000,62,11.967
BDL-DHY,30,09:00-09:30,0.0005,2,0,1000,62,11.97
BDL-DHY,30,09:00-09:30,0.005,2,1,1000,62,11.987
BDL-DHY,30,09:00-09:30,0.01,1,1,100,62,12.091
BDL-DHY,30,09:00-09:30,0.01,2,0,1000,62,12.098
BDL-DHY,30,09:30-10:00,0.0001,0,1,10,64,11.751
BDL-DHY,30,09:30-10:00,0.0005,0,1,1,64,12.382
BDL-DHY,30,09:30-10:00,0.0005,0,1,1,64,12.423
BDL-DHY,30,09:30-10:00,0.001,0,1,0,64,12.504
BDL-DHY,30,09:30-10:00,0.0001,0,0,-1,64,12.598
BDL-DHY,30,09:30-10:00,0.5,0,1,10,64,12.73
BDL-DHY,30,09:30-10:00,0.5,0,0,10,64,12.792
BDL-DHY,30,09:30-10:00,0.1,0,0,-1,64,13.295
BDL-DHY,30,10:00-10:30,0.001,0,1,1000,30,10.213
BDL-DHY,30,10:00-10:30,0.001,1,1,1000,30,10.492
BDL-DHY,30,10:00-10:30,0.005,1,1,100,30,10.515
BDL-DHY,30,10:00-10:30,0.001,1,1,100,30,10.517
BDL-DHY,30,10:00-10:30,0.005,-1,1,100,30,10.522
BDL-DHY,30,10:00-10:30,0.01,-1,0,1000,30,10.691
BDL-DHY,30,10:00-10:30,0.001,2,0,100,30,11.026
BDL-DHY,30,10:00-10:30,0.005,2,1,1000,30,11.114
BDL-DHY,30,10:30-11:00,0.005,0,1,100,77,10.216
BDL-DHY,30,10:30-11:00,0.001,0,1,1000,77,10.264
BDL-DHY,30,10:30-11:00,0.01,0,0,100,77,10.453
BDL-DHY,30,10:30-11:00,0.0001,-1,1,1000,77,10.643
BDL-DHY,30,10:30-11:00,0.01,-1,1,1000,77,10.896
BDL-DHY,30,10:30-11:00,0.0001,2,0,100,77,11.29
BDL-DHY,30,10:30-11:00,0.01,2,1,100,77,11.396
BDL-DHY,30,10:30-11:00,0.05,0,0,1000,77,12.123
BDL-DHY,30,11:00-11:30,0.005,0,0,-1,49,9.28
BDL-DHY,30,11:00-11:30,0.0001,0,1,0,49,9.327
BDL-DHY,30,11:00-11:30,0.1,0,0,-1,49,9.857
BDL-DHY,30,11:00-11:30,0.05,0,0,-1,49,9.861
BDL-DHY,30,11:00-11:30,0.05,0,1,1,49,9.867
BDL-DHY,30,11:00-11:30,0.5,0,0,-1,49,9.867
BDL-DHY,30,11:00-11:30,0.001,-1,0,100,49,10.229
BDL-DHY,30,11:00-11:30,0.0005,-1,1,1000,49,10.279
BDL-DHY,30,06:30-07:00,0.0005,0,0,0,0,13.25
BDL-DHY,30,06:30-07:00,0.005,0,0,-1,0,13.272
BDL-DHY,30,06:30-07:00,0.001,0,1,0,0,13.287
BDL-DHY,30,06:30-07:00,0.001,0,0,1,0,13.292
BDL-DHY,30,06:30-07:00,0.001,0,1,10,0,13.38
BDL-DHY,30,06:30-07:00,0.0001,0,1,10,0,13.392
BDL-DHY,30,06:30-07:00,0.0005,0,1,10,0,13.408
BDL-DHY,30,06:30-07:00,0.1,0,1,1,0,14.154
BDL-DHY,30,11:30-12:00,0.001,0,1,10,101,8.584
BDL-DHY,30,11:30-12:00,0.005,0,0,0,101,9.362
BDL-DHY,30,11:30-12:00,0.0001,0,1,0,101,9.38
BDL-DHY,30,11:30-12:00,0.1,0,0,10,101,9.921
BDL-DHY,30,11:30-12:00,0.001,0,0,100,101,11.006
BDL-DHY,30,11:30-12:00,0.005,0,1,100,101,11.173
BDL-DHY,30,11:30-12:00,0.005,-1,0,1,101,11.798
BDL-DHY,30,11:30-12:00,0.0001,1,0,1,101,11.844
BDL-DHY,30,12:00-12:30,0.005,0,1,100,37,5.137
BDL-DHY,30,12:00-12:30,0.01,0,0,100,37,5.518
BDL-DHY,30,12:00-12:30,0.0001,-1,0,100,37,6.451
BDL-DHY,30,12:00-12:30,0.0005,1,0,1000,37,6.518
BDL-DHY,30,12:00-12:30,0.01,-1,1,1000,37,6.84
BDL-DHY,30,12:00-12:30,0.001,0,0,1,37,7.102
BDL-DHY,30,12:00-12:30,0.05,0,0,-1,37,7.51
BDL-DHY,30,12:00-12:30,0.05,0,0,0,37,7.555
BDL-DHY,30,12:30-13:00,0.0001,0,1,100,62,4.595
BDL-DHY,30,12:30-13:00,0.005,0,0,100,62,4.597
BDL-DHY,30,12:30-13:00,0.0005,1,0,1000,62,4.84
BDL-DHY,30,12:30-13:00,0.005,1,1,1000,62,4.853
BDL-DHY,30,12:30-13:00,0.005,-1,0,100,62,4.863
BDL-DHY,30,12:30-13:00,0.01,-1,0,100,62,4.997
BDL-DHY,30,12:30-13:00,0.0001,2,1,100,62,5.3
BDL-DHY,30,12:30-13:00,0.0001,2,1,100,62,5.306
BDL-DHY,30,13:00-13:30,0.0001,0,0,100,44,4.854
BDL-DHY,30,13:00-13:30,0.0005,0,1,1000,44,4.939
BDL-DHY,30,13:00-13:30,0.001,0,1,10,44,5.469
BDL-DHY,30,13:00-13:30,0.01,0,0,10,44,5.546
BDL-DHY,30,13:00-13:30,0.005,0,0,-1,44,5.631
BDL-DHY,30,13:00-13:30,0.0001,0,0,-1,44,5.658
BDL-DHY,30,13:00-13:30,0.001,0,1,-1,44,5.658
BDL-DHY,30,13:00-13:30,0.0005,0,1,-1,44,5.663
BDL-DHY,30,13:30-14:00,0.001,2,0,100,26,3.086
BDL-DHY,30,13:30-14:00,0.001,2,1,1000,26,3.11
BDL-DHY,30,13:30-14:00,0.0005,2,1,100,26,3.125
BDL-DHY,30,13:30-14:00,0.005,-1,1,100,26,3.126
BDL-DHY,30,13:30-14:00,0.005,1,0,100,26,3.132
BDL-DHY,30,13:30-14:00,0.01,0,0,100,26,3.234
BDL-DHY,30,13:30-14:00,0.01,1,0,1000,26,3.25
BDL-DHY,30,13:30-14:00,0.0005,3,0,1000,26,3.537
BDL-DHY,30,14:00-14:30,0.0005,0,0,1,83,4.17
BDL-DHY,30,14:00-14:30,0.0005,0,1,0,83,4.237
BDL-DHY,30,14:00-14:30,0.1,0,0,10,83,4.315
BDL-DHY,30,14:00-14:30,0.01,0,0,-1,83,4.345
BDL-DHY,30,14:00-14:30,0.1,0,1,0,83,4.506
BDL-DHY,30,14:00-14:30,0.05,0,1,1,83,4.516
BDL-DHY,30,14:00-14:30,0.1,0,1,-1,83,4.588
BDL-DHY,30,14:00-14:30,0.001,2,0,10,83,4.781
BDL-DHY,30,14:30-15:00,0.005,0,1,-1,82,3.923
BDL-DHY,30,14:30-15:00,0.001,0,0,0,82,3.965
BDL-DHY,30,14:30-15:00,0.0001,0,1,0,82,4.016
BDL-DHY,30,14:30-15:00,0.001,0,3,100,82,4.278
BDL-DHY,30,14:30-15:00,0.001,0,3,100,82,4.287
BDL-DHY,30,14:30-15:00,0.0005,0,1,10,82,4.334
BDL-DHY,30,14:30-15:00,0.005,0,3,1000,82,4.336
BDL-DHY,30,14:30-15:00,0.0005,2,0,-1,82,4.339
BDL-DHY,30,15:00-15:30,0.0001,0,0,1,101,3.337
BDL-DHY,30,15:00-15:30,0.0005,0,1,1,101,3.367
BDL-DHY,30,15:00-15:30,0.0001,0,1,1,101,3.396
BDL-DHY,30,15:00-15:30,0.001,0,1,100,101,3.467
BDL-DHY,30,15:00-15:30,0.0005,0,1,100,101,3.483
BDL-DHY,30,15:00-15:30,0.05,0,1,-1,101,3.653
BDL-DHY,30,15:00-15:30,0.05,0,1,-1,101,3.676
BDL-DHY,30,15:00-15:30,0.001,2,0,10,101,3.742
BDL-DHY,30,15:30-16:00,0.001,2,1,1000,12,1.809
BDL-DHY,30,15:30-16:00,0.005,1,0,1000,12,1.824
BDL-DHY,30,15:30-16:00,0.001,2,0,100,12,1.856
BDL-DHY,30,15:30-16:00,0.01,1,0,100,12,1.928
BDL-DHY,30,15:30-16:00,0.001,0,0,1000,12,1.933
BDL-DHY,30,15:30-16:00,0.01,2,1,1000,12,1.937
BDL-DHY,30,15:30-16:00,0.01,0,0,1000,12,1.977
BDL-DHY,30,15:30-16:00,0.0001,0,0,1000,12,1.979
BDL-DHY,30,16:00-16:30,0.005,0,0,0,57,1.794
BDL-DHY,30,16:00-16:30,0.0005,0,0,10,57,1.802
BDL-DHY,30,16:00-16:30,0.0001,0,1,0,57,1.829
BDL-DHY,30,16:00-16:30,0.005,0,1,0,57,1.854
BDL-DHY,30,16:00-16:30,0.005,0,0,1,57,1.896
BDL-DHY,30,16:00-16:30,0.1,0,1,0,57,2.109
BDL-DHY,30,16:00-16:30,0.5,0,1,-1,57,2.117
BDL-DHY,30,16:00-16:30,0.5,0,1,-1,57,2.118
BDL-DHY,30,07:00-07:30,0.0005,0,0,-1,9,14.091
BDL-DHY,30,07:00-07:30,0.0001,0,0,0,9,14.11
BDL-DHY,30,07:00-07:30,0.001,0,1,10,9,14.139
BDL-DHY,30,07:00-07:30,0.001,0,1,1,9,14.217
BDL-DHY,30,07:00-07:30,0.005,0,1,1000,9,14.784
BDL-DHY,30,07:00-07:30,0.0005,1,1,100,9,14.793
BDL-DHY,30,07:00-07:30,0.0005,0,0,100,9,14.808
BDL-DHY,30,07:00-07:30,0.01,0,1,1000,9,14.864
BDL-DHY,30,16:30-17:00,0.0001,0,0,100,54,1.386
BDL-DHY,30,16:30-17:00,0.0001,0,1,100,54,1.395
BDL-DHY,30,16:30-17:00,0.001,0,1,1000,54,1.396
BDL-DHY,30,16:30-17:00,0.001,0,0,100,54,1.425
BDL-DHY,30,16:30-17:00,0.0001,0,0,10,54,1.672
BDL-DHY,30,16:30-17:00,0.0005,2,1,100,54,1.726
BDL-DHY,30,16:30-17:00,0.005,1,1,100,54,1.728
BDL-DHY,30,16:30-17:00,0.0005,2,0,1000,54,1.74
BDL-DHY,30,17:00-17:30,0.005,0,0,100,32,1.225
BDL-DHY,30,17:00-17:30,0.0001,0,1,100,32,1.231
BDL-DHY,30,17:00-17:30,0.005,0,1,100,32,1.245
BDL-DHY,30,17:00-17:30,0.005,0,0,10,32,1.372
BDL-DHY,30,17:00-17:30,0.0001,1,1,100,32,1.395
BDL-DHY,30,17:00-17:30,0.005,-1,1,100,32,1.414
BDL-DHY,30,17:00-17:30,0.0001,-1,0,100,32,1.427
BDL-DHY,30,17:00-17:30,0.01,0,1,10,32,1.5
BDL-DHY,30,17:30-18:00,0.001,0,0,100,80,1.43
BDL-DHY,30,17:30-18:00,0.0001,0,0,10,80,1.562
BDL-DHY,30,17:30-18:00,0.0001,0,0,1,80,1.573
BDL-DHY,30,17:30-18:00,0.05,0,1,100,80,1.696
BDL-DHY,30,17:30-18:00,0.1,0,0,1000,80,1.729
BDL-DHY,30,17:30-18:00,0.005,-1,0,10,80,1.731
BDL-DHY,30,17:30-18:00,0.0001,-1,0,10,80,1.743
BDL-DHY,30,17:30-18:00,0.001,3,0,10,80,1.749
BDL-DHY,30,18:00-18:30,0.0001,2,0,100,37,1.012
BDL-DHY,30,18:00-18:30,0.001,0,1,100,37,1.032
BDL-DHY,30,18:00-18:30,0.0005,2,1,100,37,1.034
BDL-DHY,30,18:00-18:30,0.0001,0,1,10,37,1.037
BDL-DHY,30,18:00-18:30,0.005,0,0,10,37,1.059
BDL-DHY,30,18:00-18:30,0.005,0,0,1000,37,1.068
BDL-DHY,30,18:00-18:30,0.0001,2,0,100,37,1.076
BDL-DHY,30,18:00-18:30,0.005,0,0,1,37,1.129
BDL-DHY,30,18:30-19:00,0.0005,0,0,1000,72,0.761
BDL-DHY,30,18:30-19:00,0.0005,0,0,1000,72,0.786
BDL-DHY,30,18:30-19:00,0.0005,0,1,100,72,0.786
BDL-DHY,30,18:30-19:00,0.005,0,0,1000,72,0.793
BDL-DHY,30,18:30-19:00,0.0001,-1,0,100,72,0.847
BDL-DHY,30,18:30-19:00,0.005,2,1,100,72,0.848
BDL-DHY,30,18:30-19:00,0.0001,2,1,100,72,0.866
BDL-DHY,30,18:30-19:00,0.001,2,1,1000,72,0.874
BDL-DHY,30,19:00-19:30,0.001,0,1,1000,59,1.004
BDL-DHY,30,19:00-19:30,0.0005,2,0,1000,59,1.007
BDL-DHY,30,19:00-19:30,0.0001,0,1,1000,59,1.018
BDL-DHY,30,19:00-19:30,0.0005,2,1,10,59,1.022
BDL-DHY,30,19:00-19:30,0.0005,0,1,0,59,1.049
BDL-DHY,30,19:00-19:30,0.0001,0,1,-1,59,1.052
BDL-DHY,30,19:00-19:30,0.0001,2,0,10,59,1.062
BDL-DHY,30,19:00-19:30,0.0005,2,1,1,59,1.12
BDL-DHY,30,19:30-20:00,0.0001,0,0,1000,410,0.585
BDL-DHY,30,19:30-20:00,0.0001,0,0,100,410,0.592
BDL-DHY,30,19:30-20:00,0.001,1,0,10,410,0.611
BDL-DHY,30,19:30-20:00,0.001,-1,0,100,410,0.616
BDL-DHY,30,19:30-20:00,0.0005,0,0,1000,410,0.628
BDL-DHY,30,19:30-20:00,0.005,-1,1,1000,410,0.631
BDL-DHY,30,19:30-20:00,0.0001,3,1,1000,410,0.654
BDL-DHY,30,19:30-20:00,0.001,3,1,100,410,0.664
BDL-DHY,30,20:00-20:30,0.0005,0,0,100,95,0.522
BDL-DHY,30,20:00-20:30,0.0005,0,1,1000,95,0.53
BDL-DHY,30,20:00-20:30,0.005,0,0,100,95,0.539
BDL-DHY,30,20:00-20:30,0.005,-1,0,1000,95,0.543
BDL-DHY,30,20:00-20:30,0.001,2,0,10,95,0.547
BDL-DHY,30,20:00-20:30,0.001,-1,0,10,95,0.549
BDL-DHY,30,20:00-20:30,0.0005,-1,0,10,95,0.552
BDL-DHY,30,20:00-20:30,0.0001,0,1,100,95,0.554
BDL-DHY,30,20:30-21:00,0.0001,0,1,10,18,0.455
BDL-DHY,30,20:30-21:00,0.001,0,1,100,18,0.455
BDL-DHY,30,20:30-21:00,0.0001,0,0,10,18,0.455
BDL-DHY,30,20:30-21:00,0.001,0,0,1,18,0.455
BDL-DHY,30,20:30-21:00,0.0001,0,0,100,18,0.458
BDL-DHY,30,20:30-21:00,0.0001,0,1,1000,18,0.459
BDL-DHY,30,20:30-21:00,0.0001,-1,1,1,18,0.46
BDL-DHY,30,20:30-21:00,0.0005,-1,0,1000,18,0.46
BDL-DHY,30,21:00-21:30,0.0001,1,0,10,31,0.406
BDL-DHY,30,21:00-21:30,0.001,-1,1,1000,31,0.407
BDL-DHY,30,21:00-21:30,0.0001,2,0,1000,31,0.409
BDL-DHY,30,21:00-21:30,0.0005,-1,1,10,31,0.41
BDL-DHY,30,21:00-21:30,0.0001,-1,1,100,31,0.411
BDL-DHY,30,21:00-21:30,0.0005,2,0,10,31,0.413
BDL-DHY,30,21:00-21:30,0.0005,2,0,100,31,0.413
BDL-DHY,30,21:00-21:30,0.0001,1,0,1000,31,0.414
BDL-DHY,30,07:30-08:00,0.5,0,3,100,64,14.618
BDL-DHY,30,07:30-08:00,0.1,-1,2,100,64,14.701
BDL-DHY,30,07:30-08:00,0.005,0,1,10,64,16.044
BDL-DHY,30,07:30-08:00,0.0005,0,1,10,64,16.22
BDL-DHY,30,07:30-08:00,0.0005,0,1,0,64,16.41
BDL-DHY,30,07:30-08:00,0.0001,0,0,-1,64,16.571
BDL-DHY,30,07:30-08:00,0.1,0,1,10,64,17.082
BDL-DHY,30,07:30-08:00,0.001,0,1,1,64,17.234
BDL-DHY,30,21:30-22:00,0.005,2,1,-1,37,0.408
BDL-DHY,30,21:30-22:00,0.0005,-1,0,-1,37,0.41
BDL-DHY,30,21:30-22:00,0.005,2,0,0,37,0.411
BDL-DHY,30,21:30-22:00,0.0001,2,1,0,37,0.411
BDL-DHY,30,21:30-22:00,0.001,-1,0,0,37,0.413
BDL-DHY,30,21:30-22:00,0.0005,1,0,-1,37,0.414
BDL-DHY,30,21:30-22:00,0.0005,-1,0,0,37,0.426
BDL-DHY,30,21:30-22:00,0.005,-1,1,1,37,0.427
BDL-DHY,30,22:00-22:30,0.001,3,0,100,48,0.38
BDL-DHY,30,22:00-22:30,0.001,1,1,100,48,0.381
BDL-DHY,30,22:00-22:30,0.001,-1,1,100,48,0.381
BDL-DHY,30,22:00-22:30,0.0005,0,0,100,48,0.381
BDL-DHY,30,22:00-22:30,0.005,-1,1,1000,48,0.381
BDL-DHY,30,22:00-22:30,0.005,1,0,1000,48,0.382
BDL-DHY,30,22:00-22:30,0.005,0,0,100,48,0.383
BDL-DHY,30,22:00-22:30,0.001,3,0,100,48,0.384
BJB-QHZ,30,06:00-06:30,0.1,0,0,1,0,14.238
BJB-QHZ,30,06:00-06:30,0.001,0,1,1,0,14.522
BJB-QHZ,30,06:00-06:30,0.0001,0,1,1,0,14.56
BJB-QHZ,30,06:00-06:30,0.0001,0,1,10,0,14.679
BJB-QHZ,30,06:00-06:30,0.005,0,0,-1,0,14.91
BJB-QHZ,30,06:00-06:30,0.0005,0,0,1,0,14.956
BJB-QHZ,30,06:00-06:30,0.5,0,1,1,0,14.972
BJB-QHZ,30,06:00-06:30,0.0001,1,1,1,0,15.134
BJB-QHZ,30,08:00-08:30,0.001,0,1,-1,0,12.315
BJB-QHZ,30,08:00-08:30,0.005,0,1,1,0,12.36
BJB-QHZ,30,08:00-08:30,0.05,0,1,1,0,13.279
BJB-QHZ,30,08:00-08:30,0.0001,0,0,1000,0,13.68
BJB-QHZ,30,08:00-08:30,0.001,-1,1,1000,0,13.717
BJB-QHZ,30,08:00-08:30,0.005,0,1,100,0,13.722
BJB-QHZ,30,08:00-08:30,0.0005,1,0,100,0,13.733
BJB-QHZ,30,08:00-08:30,0.0001,2,1,100,0,13.738
BJB-QHZ,30,08:30-09:00,0.0001,0,1,-1,44,14.772
BJB-QHZ,30,08:30-09:00,0.0001,0,0,10,44,15.024
BJB-QHZ,30,08:30-09:00,0.1,0,0,1,44,15.44
BJB-QHZ,30,08:30-09:00,0.0005,2,0,1,44,16.645
BJB-QHZ,30,08:30-09:00,0.0001,-1,0,0,44,16.781
BJB-QHZ,30,08:30-09:00,0.0005,-1,1,-1,44,16.823
BJB-QHZ,30,08:30-09:00,0.01,1,0,-1,44,16.832
BJB-QHZ,30,08:30-09:00,0.001,-1,0,-1,44,16.857
BJB-QHZ,30,09:00-09:30,0.005,0,1,0,15,12.738
BJB-QHZ,30,09:00-09:30,0.0005,0,1,1,15,12.889
BJB-QHZ,30,09:00-09:30,0.0001,0,1,1,15,12.892
BJB-QHZ,30,09:00-09:30,0.001,0,1,10,15,13.05
BJB-QHZ,30,09:00-09:30,0.5,0,0,1,15,13.77
BJB-QHZ,30,09:00-09:30,0.5,0,1,-1,15,13.782
BJB-QHZ,30,09:00-09:30,0.5,0,0,0,15,13.788
BJB-QHZ,30,09:00-09:30,0.5,0,1,10,15,13.98
BJB-QHZ,30,09:30-10:00,0.001,0,0,10,22,12.442
BJB-QHZ,30,09:30-10:00,0.0005,0,1,0,22,12.641
BJB-QHZ,30,09:30-10:00,0.05,0,1,0,22,13.096
BJB-QHZ,30,09:30-10:00,0.5,0,0,-1,22,13.108
BJB-QHZ,30,09:30-10:00,0.5,0,1,10,22,13.411
BJB-QHZ,30,09:30-10:00,0.0005,1,0,1000,22,13.766
BJB-QHZ,30,09:30-10:00,0.0005,-1,0,1000,22,13.789
BJB-QHZ,30,09:30-10:00,0.005,2,1,100,22,13.792
BJB-QHZ,30,10:00-10:30,0.005,0,1,1,11,11.158
BJB-QHZ,30,10:00-10:30,0.0001,0,1,1,11,11.18
BJB-QHZ,30,10:00-10:30,0.001,0,0,-1,11,11.311
BJB-QHZ,30,10:00-10:30,0.01,0,1,-1,11,11.353
BJB-QHZ,30,10:00-10:30,0.5,0,1,1,11,11.72
BJB-QHZ,30,10:00-10:30,0.5,0,0,1,11,11.736
BJB-QHZ,30,10:00-10:30,0.001,1,1,-1,11,13.035
BJB-QHZ,30,10:00-10:30,0.01,1,0,10,11,13.11
BJB-QHZ,30,10:30-11:00,0.01,0,0,10,23,9.976
BJB-QHZ,30,10:30-11:00,0.5,1,2,100,23,10.017
BJB-QHZ,30,10:30-11:00,0.1,1,2,1000,23,10.026
BJB-QHZ,30,10:30-11:00,0.05,-1,2,100,23,10.054
BJB-QHZ,30,10:30-11:00,0.5,1,3,1000,23,10.067
BJB-QHZ,30,10:30-11:00,0.05,2,2,1000,23,10.098
BJB-QHZ,30,10:30-11:00,0.0001,0,0,1,23,10.616
BJB-QHZ,30,10:30-11:00,0.5,0,1,10,23,10.623
BJB-QHZ,30,11:00-11:30,0.005,0,1,0,16,8.864
BJB-QHZ,30,11:00-11:30,0.0005,0,0,10,16,8.938
BJB-QHZ,30,11:00-11:30,0.01,0,0,-1,16,8.978
BJB-QHZ,30,11:00-11:30,0.5,0,1,0,16,9.441
BJB-QHZ,30,11:00-11:30,0.0005,0,0,1,16,9.505
BJB-QHZ,30,11:00-11:30,0.5,0,0,0,16,9.512
BJB-QHZ,30,11:00-11:30,0.05,0,0,-1,16,9.521
BJB-QHZ,30,11:00-11:30,0.0001,0,1,1000,16,10.203
BJB-QHZ,30,06:30-07:00,0.001,0,1,-1,0,13.365
BJB-QHZ,30,06:30-07:00,0.005,0,0,1,0,13.391
BJB-QHZ,30,06:30-07:00,0.001,0,1,-1,0,14.02
BJB-QHZ,30,06:30-07:00,0.5,0,1,-1,0,14.128
BJB-QHZ,30,06:30-07:00,0.0001,0,1,1,0,14.194
BJB-QHZ,30,06:30-07:00,0.05,0,1,0,0,14.196
BJB-QHZ,30,06:30-07:00,0.001,-1,1,1,0,14.758
BJB-QHZ,30,06:30-07:00,0.0005,1,1,-1,0,14.812
BJB-QHZ,30,11:30-12:00,0.0005,1,1,1000,0,7.072
BJB-QHZ,30,11:30-12:00,0.005,-1,0,1000,0,7.077
BJB-QHZ,30,11:30-12:00,0.005,2,0,1000,0,7.081
BJB-QHZ,30,11:30-12:00,0.0005,1,1,1000,0,7.086
BJB-QHZ,30,11:30-12:00,0.0005,2,0,100,0,7.096
BJB-QHZ,30,11:30-12:00,0.0001,2,1,100,0,7.097
BJB-QHZ,30,11:30-12:00,0.005,1,1,100,0,7.103
BJB-QHZ,30,11:30-12:00,0.001,2,1,1000,0,7.112
BJB-QHZ,30,12:00-12:30,0.0001,0,1,1000,3,5.823
BJB-QHZ,30,12:00-12:30,0.0005,2,0,100,3,5.825
BJB-QHZ,30,12:00-12:30,0.005,-1,1,1000,3,5.832
BJB-QHZ,30,12:00-12:30,0.0005,2,1,100,3,5.84
BJB-QHZ,30,12:00-12:30,0.0005,0,1,100,3,5.848
BJB-QHZ,30,12:00-12:30,0.005,0,1,100,3,5.85
BJB-QHZ,30,12:00-12:30,0.0005,-1,0,1000,3,5.862
BJB-QHZ,30,12:00-12:30,0.005,-1,0,1000,3,5.864
BJB-QHZ,30,12:30-13:00,0.0001,0,0,1,31,5.849
BJB-QHZ,30,12:30-13:00,0.005,0,1,100,31,6.01
BJB-QHZ,30,12:30-13:00,0.0001,1,1,1000,31,6.054
BJB-QHZ,30,12:30-13:00,0.001,1,1,1000,31,6.064
BJB-QHZ,30,12:30-13:00,0.0001,0,0,1,31,6.143
BJB-QHZ,30,12:30-13:00,0.005,0,0,10,31,6.169
BJB-QHZ,30,12:30-13:00,0.005,2,2,100,31,6.566
BJB-QHZ,30,12:30-13:00,0.01,1,2,1000,31,6.653
BJB-QHZ,30,13:00-13:30,0.001,0,1,100,29,3.41
BJB-QHZ,30,13:00-13:30,0.005,-1,0,1000,29,3.414
BJB-QHZ,30,13:00-13:30,0.0005,2,0,100,29,3.416
BJB-QHZ,30,13:00-13:30,0.0005,-1,1,100,29,3.416
BJB-QHZ,30,13:00-13:30,0.0005,2,1,100,29,3.418
BJB-QHZ,30,13:00-13:30,0.001,0,0,100,29,3.428
BJB-QHZ,30,13:00-13:30,0.005,2,1,100,29,3.43
BJB-QHZ,30,13:00-13:30,0.005,2,1,100,29,3.432
BJB-QHZ,30,13:30-14:00,0.005,1,1,100,21,3.088
BJB-QHZ,30,13:30-14:00,0.005,2,1,100,21,3.091
BJB-QHZ,30,13:30-14:00,0.0005,1,0,100,21,3.104
BJB-QHZ,30,13:30-14:00,0.0001,0,1,100,21,3.108
BJB-QHZ,30,13:30-14:00,0.001,0,1,100,21,3.111
BJB-QHZ,30,13:30-14:00,0.01,1,0,1000,21,3.196
BJB-QHZ,30,13:30-14:00,0.01,-1,0,100,21,3.201
BJB-QHZ,30,13:30-14:00,0.01,2,1,1000,21,3.238
BJB-QHZ,30,14:00-14:30,0.0005,0,1,1000,1.00E+100,3.657
BJB-QHZ,30,14:00-14:30,0.001,1,0,100,1.00E+100,3.663
BJB-QHZ,30,14:00-14:30,0.001,-1,0,100,1.00E+100,3.671
BJB-QHZ,30,14:00-14:30,0.0005,2,0,100,1.00E+100,3.675
BJB-QHZ,30,14:00-14:30,0.005,-1,0,1000,1.00E+100,3.677
BJB-QHZ,30,14:00-14:30,0.0005,1,1,1000,1.00E+100,3.683
BJB-QHZ,30,14:00-14:30,0.0005,0,1,100,1.00E+100,3.685
BJB-QHZ,30,14:00-14:30,0.005,0,0,1000,1.00E+100,3.722
BJB-QHZ,30,14:30-15:00,0.0001,-1,1,1000,0,2.368
BJB-QHZ,30,14:30-15:00,0.001,0,0,100,0,2.376
BJB-QHZ,30,14:30-15:00,0.0001,-1,1,1000,0,2.394
BJB-QHZ,30,14:30-15:00,0.0005,0,1,1000,0,2.396
BJB-QHZ,30,14:30-15:00,0.005,0,1,100,0,2.398
BJB-QHZ,30,14:30-15:00,0.0005,2,0,1000,0,2.422
BJB-QHZ,30,14:30-15:00,0.01,1,0,100,0,2.491
BJB-QHZ,30,14:30-15:00,0.01,2,1,100,0,2.525
BJB-QHZ,30,15:00-15:30,0.001,0,1,1000,0,2.054
BJB-QHZ,30,15:00-15:30,0.005,0,0,100,0,2.071
BJB-QHZ,30,15:00-15:30,0.001,0,1,1000,0,2.075
BJB-QHZ,30,15:00-15:30,0.005,0,1,1000,0,2.083
BJB-QHZ,30,15:00-15:30,0.001,2,0,100,0,2.088
BJB-QHZ,30,15:00-15:30,0.005,-1,0,1000,0,2.092
BJB-QHZ,30,15:00-15:30,0.0005,-1,1,1000,0,2.097
BJB-QHZ,30,15:00-15:30,0.0005,2,0,100,0,2.097
BJB-QHZ,30,15:30-16:00,0.1,2,0,1000,49,1.593
BJB-QHZ,30,15:30-16:00,0.1,2,1,100,49,1.598
BJB-QHZ,30,15:30-16:00,0.05,2,0,1000,49,1.6
BJB-QHZ,30,15:30-16:00,0.05,0,0,1000,49,1.61
BJB-QHZ,30,15:30-16:00,0.05,2,1,1000,49,1.61
BJB-QHZ,30,15:30-16:00,0.1,-1,0,100,49,1.637
BJB-QHZ,30,15:30-16:00,0.001,0,0,100,49,1.779
BJB-QHZ,30,15:30-16:00,0.001,1,0,1000,49,1.801
BJB-QHZ,30,16:00-16:30,0.001,0,0,0,20,1.806
BJB-QHZ,30,16:00-16:30,0.001,0,0,0,20,1.811
BJB-QHZ,30,16:00-16:30,0.005,0,0,1,20,1.813
BJB-QHZ,30,16:00-16:30,0.0001,0,1,1,20,1.82
BJB-QHZ,30,16:00-16:30,0.005,0,0,100,20,1.906
BJB-QHZ,30,16:00-16:30,0.1,0,1,-1,20,2.115
BJB-QHZ,30,16:00-16:30,0.5,0,0,1,20,2.115
BJB-QHZ,30,16:00-16:30,0.05,0,0,0,20,2.142
BJB-QHZ,30,07:00-07:30,0.005,0,0,1,22,13.666
BJB-QHZ,30,07:00-07:30,0.0005,0,0,0,22,13.686
BJB-QHZ,30,07:00-07:30,0.001,0,0,1,22,13.759
BJB-QHZ,30,07:00-07:30,0.0001,2,0,1000,22,14.85
BJB-QHZ,30,07:00-07:30,0.001,2,1,100,22,14.9
BJB-QHZ,30,07:00-07:30,0.0005,0,1,100,22,14.92
BJB-QHZ,30,07:00-07:30,0.01,1,1,1000,22,14.963
BJB-QHZ,30,07:00-07:30,0.01,2,0,100,22,14.998
BJB-QHZ,30,16:30-17:00,0.001,0,0,100,7,1.559
BJB-QHZ,30,16:30-17:00,0.005,0,0,1,7,1.632
BJB-QHZ,30,16:30-17:00,0.0005,0,0,10,7,1.689
BJB-QHZ,30,16:30-17:00,0.0001,0,1,10,7,1.703
BJB-QHZ,30,16:30-17:00,0.0001,0,0,-1,7,1.761
BJB-QHZ,30,16:30-17:00,0.01,0,0,1,7,1.763
BJB-QHZ,30,16:30-17:00,0.0005,0,1,0,7,1.801
BJB-QHZ,30,16:30-17:00,0.005,-1,0,100,7,1.857
BJB-QHZ,30,17:00-17:30,0.001,0,0,10,10,1.365
BJB-QHZ,30,17:00-17:30,0.0001,0,1,10,10,1.418
BJB-QHZ,30,17:00-17:30,0.001,0,0,1,10,1.516
BJB-QHZ,30,17:00-17:30,0.001,2,0,100,10,1.541
BJB-QHZ,30,17:00-17:30,0.0001,1,0,100,10,1.542
BJB-QHZ,30,17:00-17:30,0.0005,-1,0,100,10,1.552
BJB-QHZ,30,17:00-17:30,0.005,-1,0,100,10,1.553
BJB-QHZ,30,17:00-17:30,0.005,-1,0,1000,10,1.555
BJB-QHZ,30,17:30-18:00,0.005,0,0,1000,0,0.984
BJB-QHZ,30,17:30-18:00,0.001,0,0,100,0,0.997
BJB-QHZ,30,17:30-18:00,0.0001,0,0,100,0,0.999
BJB-QHZ,30,17:30-18:00,0.0001,0,1,1000,0,1
BJB-QHZ,30,17:30-18:00,0.0005,-1,1,1000,0,1.099
BJB-QHZ,30,17:30-18:00,0.005,-1,1,100,0,1.129
BJB-QHZ,30,17:30-18:00,0.01,0,0,1000,0,1.138
BJB-QHZ,30,17:30-18:00,0.001,-1,0,100,0,1.139
BJB-QHZ,30,18:00-18:30,0.0005,1,0,1000,50,0.967
BJB-QHZ,30,18:00-18:30,0.0001,-1,0,100,50,0.967
BJB-QHZ,30,18:00-18:30,0.005,-1,0,100,50,0.982
BJB-QHZ,30,18:00-18:30,0.005,2,0,100,50,0.982
BJB-QHZ,30,18:00-18:30,0.001,2,0,1000,50,0.991
BJB-QHZ,30,18:00-18:30,0.005,2,0,100,50,0.993
BJB-QHZ,30,18:00-18:30,0.001,1,1,100,50,1.003
BJB-QHZ,30,18:00-18:30,0.0001,0,0,10,50,1.05
BJB-QHZ,30,18:30-19:00,0.0001,0,1,100,8,0.758
BJB-QHZ,30,18:30-19:00,0.0005,2,1,100,8,0.8
BJB-QHZ,30,18:30-19:00,0.0001,-1,0,100,8,0.822
BJB-QHZ,30,18:30-19:00,0.001,1,0,1000,8,0.822
BJB-QHZ,30,18:30-19:00,0.001,2,0,1000,8,0.823
BJB-QHZ,30,18:30-19:00,0.005,1,0,100,8,0.829
BJB-QHZ,30,18:30-19:00,0.005,2,0,100,8,0.831
BJB-QHZ,30,18:30-19:00,0.001,2,1,1000,8,0.84
BJB-QHZ,30,19:00-19:30,0.0005,0,0,10,20,0.656
BJB-QHZ,30,19:00-19:30,0.0005,0,1,1000,20,0.664
BJB-QHZ,30,19:00-19:30,0.001,-1,0,1000,20,0.693
BJB-QHZ,30,19:00-19:30,0.0005,1,0,1000,20,0.703
BJB-QHZ,30,19:00-19:30,0.0005,1,0,1000,20,0.704
BJB-QHZ,30,19:00-19:30,0.0005,-1,1,10,20,0.707
BJB-QHZ,30,19:00-19:30,0.001,-1,0,10,20,0.709
BJB-QHZ,30,19:00-19:30,0.0001,1,1,10,20,0.712
BJB-QHZ,30,19:30-20:00,0.0005,0,0,1000,11,0.551
BJB-QHZ,30,19:30-20:00,0.005,0,0,1000,11,0.561
BJB-QHZ,30,19:30-20:00,0.0001,1,1,10,11,0.575
BJB-QHZ,30,19:30-20:00,0.0005,-1,0,10,11,0.577
BJB-QHZ,30,19:30-20:00,0.005,-1,1,100,11,0.582
BJB-QHZ,30,19:30-20:00,0.0001,1,0,1000,11,0.582
BJB-QHZ,30,19:30-20:00,0.001,-1,0,10,11,0.584
BJB-QHZ,30,19:30-20:00,0.001,1,1,1000,11,0.585
BJB-QHZ,30,20:00-20:30,0.0005,0,1,100,22,0.483
BJB-QHZ,30,20:00-20:30,0.001,2,1,1000,22,0.502
BJB-QHZ,30,20:00-20:30,0.0001,1,1,10,22,0.503
BJB-QHZ,30,20:00-20:30,0.005,-1,0,10,22,0.519
BJB-QHZ,30,20:00-20:30,0.0005,3,0,10,22,0.533
BJB-QHZ,30,20:00-20:30,0.001,0,0,1,22,0.568
BJB-QHZ,30,20:00-20:30,0.0001,0,1,0,22,0.571
BJB-QHZ,30,20:00-20:30,0.0001,0,1,-1,22,0.574
BJB-QHZ,30,20:30-21:00,0.0001,0,0,-1,0,0.452
BJB-QHZ,30,20:30-21:00,0.005,3,1,0,0,0.453
BJB-QHZ,30,20:30-21:00,0.0005,-1,1,-1,0,0.456
BJB-QHZ,30,20:30-21:00,0.005,-1,0,-1,0,0.457
BJB-QHZ,30,20:30-21:00,0.001,-1,0,10,0,0.461
BJB-QHZ,30,20:30-21:00,0.005,2,0,10,0,0.463
BJB-QHZ,30,20:30-21:00,0.0001,-1,0,100,0,0.464
BJB-QHZ,30,20:30-21:00,0.0001,3,1,-1,0,0.465
BJB-QHZ,30,21:00-21:30,0.001,2,1,100,28,0.406
BJB-QHZ,30,21:00-21:30,0.005,1,1,10,28,0.407
BJB-QHZ,30,21:00-21:30,0.005,0,1,100,28,0.407
BJB-QHZ,30,21:00-21:30,0.005,-1,0,1000,28,0.407
BJB-QHZ,30,21:00-21:30,0.0005,0,0,1000,28,0.409
BJB-QHZ,30,21:00-21:30,0.001,-1,0,1000,28,0.41
BJB-QHZ,30,21:00-21:30,0.0005,-1,0,100,28,0.411
BJB-QHZ,30,21:00-21:30,0.0005,3,1,1000,28,0.415
BJB-QHZ,30,07:30-08:00,0.1,1,2,100,25,13.696
BJB-QHZ,30,07:30-08:00,0.05,1,2,1000,25,13.701
BJB-QHZ,30,07:30-08:00,0.05,-1,2,100,25,13.711
BJB-QHZ,30,07:30-08:00,0.1,-1,2,100,25,13.745
BJB-QHZ,30,07:30-08:00,0.5,0,2,1000,25,13.745
BJB-QHZ,30,07:30-08:00,0.05,2,3,100,25,13.748
BJB-QHZ,30,07:30-08:00,0.1,0,2,100,25,13.778
BJB-QHZ,30,07:30-08:00,0.1,2,3,100,25,13.781
BJB-QHZ,30,21:30-22:00,0.005,1,1,0,12,0.389
BJB-QHZ,30,21:30-22:00,0.0005,2,3,0,12,0.39
BJB-QHZ,30,21:30-22:00,0.005,0,3,0,12,0.392
BJB-QHZ,30,21:30-22:00,0.0001,-1,0,-1,12,0.392
BJB-QHZ,30,21:30-22:00,0.005,-1,3,1,12,0.393
BJB-QHZ,30,21:30-22:00,0.0001,-1,1,100,12,0.393
BJB-QHZ,30,21:30-22:00,0.005,1,3,-1,12,0.393
BJB-QHZ,30,21:30-22:00,0.0005,-1,0,1000,12,0.394
BJB-QHZ,30,22:00-22:30,0.005,0,0,10,13,0.377
BJB-QHZ,30,22:00-22:30,0.0001,3,1,1000,13,0.378
BJB-QHZ,30,22:00-22:30,0.0005,1,0,100,13,0.378
BJB-QHZ,30,22:00-22:30,0.0005,2,0,100,13,0.38
BJB-QHZ,30,22:00-22:30,0.0005,3,2,1000,13,0.381
BJB-QHZ,30,22:00-22:30,0.005,1,2,100,13,0.381
BJB-QHZ,30,22:00-22:30,0.0005,0,3,100,13,0.381
BJB-QHZ,30,22:00-22:30,0.005,2,2,1000,13,0.381
CPZ-BDL,30,06:00-06:30,0.005,0,1,1,9,14.327
CPZ-BDL,30,06:00-06:30,0.01,0,0,10,9,14.401
CPZ-BDL,30,06:00-06:30,0.05,0,0,-1,9,15.024
CPZ-BDL,30,06:00-06:30,0.05,0,2,1000,9,15.15
CPZ-BDL,30,06:00-06:30,0.5,2,3,100,9,15.206
CPZ-BDL,30,06:00-06:30,0.001,0,0,1000,9,15.229
CPZ-BDL,30,06:00-06:30,0.5,-1,2,100,9,15.252
CPZ-BDL,30,06:00-06:30,0.0005,2,0,1000,9,15.259
CPZ-BDL,30,08:00-08:30,0.0001,0,0,1,60,14.874
CPZ-BDL,30,08:00-08:30,0.0001,0,1,1,60,14.927
CPZ-BDL,30,08:00-08:30,0.01,0,1,1,60,15.046
CPZ-BDL,30,08:00-08:30,0.0005,0,1,0,60,15.088
CPZ-BDL,30,08:00-08:30,0.01,-1,0,1,60,17.176
CPZ-BDL,30,08:00-08:30,0.0005,-1,0,1,60,17.219
CPZ-BDL,30,08:00-08:30,0.001,1,1,1,60,17.235
CPZ-BDL,30,08:00-08:30,0.001,1,0,-1,60,17.255
CPZ-BDL,30,08:30-09:00,0.001,0,1,-1,22,14.807
CPZ-BDL,30,08:30-09:00,0.0001,0,0,-1,22,14.893
CPZ-BDL,30,08:30-09:00,0.01,0,0,0,22,14.928
CPZ-BDL,30,08:30-09:00,0.01,0,1,1,22,15.154
CPZ-BDL,30,08:30-09:00,0.001,-1,0,1,22,17.003
CPZ-BDL,30,08:30-09:00,0.001,-1,0,-1,22,17.015
CPZ-BDL,30,08:30-09:00,0.0005,2,1,0,22,17.051
CPZ-BDL,30,08:30-09:00,0.001,1,1,-1,22,17.081
CPZ-BDL,30,09:00-09:30,0.001,0,1,1000,1.00E+100,12.376
CPZ-BDL,30,09:00-09:30,0.001,1,0,1000,1.00E+100,12.401
CPZ-BDL,30,09:00-09:30,0.0001,2,1,1000,1.00E+100,12.443
CPZ-BDL,30,09:00-09:30,0.0001,2,1,1000,1.00E+100,12.454
CPZ-BDL,30,09:00-09:30,0.01,-1,1,1000,1.00E+100,12.504
CPZ-BDL,30,09:00-09:30,0.0005,0,1,0,1.00E+100,13.739
CPZ-BDL,30,09:00-09:30,0.001,3,1,100,1.00E+100,14.153
CPZ-BDL,30,09:00-09:30,0.1,0,1,1,1.00E+100,14.991
CPZ-BDL,30,09:30-10:00,0.001,0,1,-1,40,12.419
CPZ-BDL,30,09:30-10:00,0.0005,0,0,-1,40,12.523
CPZ-BDL,30,09:30-10:00,0.001,0,0,1,40,12.531
CPZ-BDL,30,09:30-10:00,0.0005,0,0,0,40,12.559
CPZ-BDL,30,09:30-10:00,0.1,0,0,1,40,13.225
CPZ-BDL,30,09:30-10:00,0.05,0,0,-1,40,13.277
CPZ-BDL,30,09:30-10:00,0.1,0,1,1,40,13.313
CPZ-BDL,30,09:30-10:00,0.0005,1,0,100,40,14.892
CPZ-BDL,30,10:00-10:30,0.0001,0,1,100,57,12.329
CPZ-BDL,30,10:00-10:30,0.005,0,1,100,57,12.367
CPZ-BDL,30,10:00-10:30,0.001,0,0,0,57,13.211
CPZ-BDL,30,10:00-10:30,0.01,0,0,10,57,13.65
CPZ-BDL,30,10:00-10:30,0.0005,0,0,1,57,13.724
CPZ-BDL,30,10:00-10:30,0.5,0,1,100,57,15.86
CPZ-BDL,30,10:00-10:30,0.1,0,0,1000,57,15.948
CPZ-BDL,30,10:00-10:30,0.1,1,1,1000,57,17.556
CPZ-BDL,30,10:30-11:00,0.0005,0,1,-1,62,10.606
CPZ-BDL,30,10:30-11:00,0.0001,0,1,-1,62,10.643
CPZ-BDL,30,10:30-11:00,0.0005,0,1,10,62,11.09
CPZ-BDL,30,10:30-11:00,0.5,0,0,0,62,11.343
CPZ-BDL,30,10:30-11:00,0.5,0,0,0,62,11.399
CPZ-BDL,30,10:30-11:00,0.001,0,0,1000,62,11.558
CPZ-BDL,30,10:30-11:00,0.05,0,1,1,62,11.574
CPZ-BDL,30,10:30-11:00,0.005,0,0,1000,62,11.58
CPZ-BDL,30,11:00-11:30,0.0005,0,0,0,19,9.33
CPZ-BDL,30,11:00-11:30,0.0001,0,1,1,19,9.422
CPZ-BDL,30,11:00-11:30,0.0005,0,1,1,19,9.528
CPZ-BDL,30,11:00-11:30,0.5,0,0,0,19,9.888
CPZ-BDL,30,11:00-11:30,0.5,0,0,-1,19,9.935
CPZ-BDL,30,11:00-11:30,0.5,0,1,-1,19,9.949
CPZ-BDL,30,11:00-11:30,0.5,0,0,1,19,9.993
CPZ-BDL,30,11:00-11:30,0.0005,0,0,10,19,10.273
CPZ-BDL,30,06:30-07:00,0.005,0,0,1,0,13.271
CPZ-BDL,30,06:30-07:00,0.005,0,1,1,0,13.288
CPZ-BDL,30,06:30-07:00,0.005,0,0,0,0,13.326
CPZ-BDL,30,06:30-07:00,0.005,0,0,0,0,13.342
CPZ-BDL,30,06:30-07:00,0.001,0,0,-1,0,13.354
CPZ-BDL,30,06:30-07:00,0.0001,0,1,10,0,13.504
CPZ-BDL,30,06:30-07:00,0.5,0,1,0,0,14.195
CPZ-BDL,30,06:30-07:00,0.5,0,1,0,0,14.228
CPZ-BDL,30,11:30-12:00,0.0001,1,0,100,1.00E+100,7.451
CPZ-BDL,30,11:30-12:00,0.0005,0,1,100,1.00E+100,7.495
CPZ-BDL,30,11:30-12:00,0.005,1,1,100,1.00E+100,7.508
CPZ-BDL,30,11:30-12:00,0.005,1,0,100,1.00E+100,7.512
CPZ-BDL,30,11:30-12:00,0.005,-1,1,1000,1.00E+100,7.52
CPZ-BDL,30,11:30-12:00,0.001,0,1,100,1.00E+100,7.534
CPZ-BDL,30,11:30-12:00,0.005,1,0,1000,1.00E+100,7.534
CPZ-BDL,30,11:30-12:00,0.005,2,1,1000,1.00E+100,7.548
CPZ-BDL,30,12:00-12:30,0.001,0,0,0,102,7.826
CPZ-BDL,30,12:00-12:30,0.001,0,0,0,102,7.827
CPZ-BDL,30,12:00-12:30,0.0005,0,0,-1,102,7.828
CPZ-BDL,30,12:00-12:30,0.01,0,0,-1,102,7.916
CPZ-BDL,30,12:00-12:30,0.5,0,1,1,102,9.083
CPZ-BDL,30,12:00-12:30,0.1,0,1,0,102,9.722
CPZ-BDL,30,12:00-12:30,0.001,-1,1,1,102,10.525
CPZ-BDL,30,12:00-12:30,0.001,2,0,1,102,11.063
CPZ-BDL,30,12:30-13:00,0.0001,0,1,100,22,3.855
CPZ-BDL,30,12:30-13:00,0.001,0,0,100,22,3.859
CPZ-BDL,30,12:30-13:00,0.0005,2,0,100,22,3.874
CPZ-BDL,30,12:30-13:00,0.005,1,1,1000,22,3.877
CPZ-BDL,30,12:30-13:00,0.0005,0,0,100,22,3.882
CPZ-BDL,30,12:30-13:00,0.0005,2,0,1000,22,3.899
CPZ-BDL,30,12:30-13:00,0.001,0,1,100,22,3.903
CPZ-BDL,30,12:30-13:00,0.001,-1,0,1000,22,3.905
CPZ-BDL,30,13:00-13:30,0.0001,0,0,100,72,4.13
CPZ-BDL,30,13:00-13:30,0.001,0,1,100,72,4.15
CPZ-BDL,30,13:00-13:30,0.0001,0,0,1000,72,4.24
CPZ-BDL,30,13:00-13:30,0.01,0,0,1000,72,4.308
CPZ-BDL,30,13:00-13:30,0.0005,-1,1,100,72,4.425
CPZ-BDL,30,13:00-13:30,0.0005,1,0,1000,72,4.436
CPZ-BDL,30,13:00-13:30,0.0001,1,0,1000,72,4.47
CPZ-BDL,30,13:00-13:30,0.05,0,1,100,72,5.046
CPZ-BDL,30,13:30-14:00,0.001,1,1,100,4,3.047
CPZ-BDL,30,13:30-14:00,0.0005,1,0,100,4,3.051
CPZ-BDL,30,13:30-14:00,0.001,0,0,100,4,3.058
CPZ-BDL,30,13:30-14:00,0.0005,-1,0,100,4,3.06
CPZ-BDL,30,13:30-14:00,0.005,0,0,100,4,3.074
CPZ-BDL,30,13:30-14:00,0.005,1,1,100,4,3.082
CPZ-BDL,30,13:30-14:00,0.001,1,0,100,4,3.086
CPZ-BDL,30,13:30-14:00,0.0005,1,0,100,4,3.087
CPZ-BDL,30,14:00-14:30,0.0001,0,0,10,118,4.371
CPZ-BDL,30,14:00-14:30,0.0005,0,1,10,118,4.387
CPZ-BDL,30,14:00-14:30,0.0005,0,0,1,118,4.538
CPZ-BDL,30,14:00-14:30,0.001,0,1,0,118,4.544
CPZ-BDL,30,14:00-14:30,0.001,0,1,0,118,4.571
CPZ-BDL,30,14:00-14:30,0.0001,2,0,1,118,4.902
CPZ-BDL,30,14:00-14:30,0.1,0,1,1000,118,4.907
CPZ-BDL,30,14:00-14:30,0.01,2,1,1,118,4.958
CPZ-BDL,30,14:30-15:00,0.0005,2,0,100,34,2.505
CPZ-BDL,30,14:30-15:00,0.0005,2,0,100,34,2.593
CPZ-BDL,30,14:30-15:00,0.01,1,0,1000,34,2.682
CPZ-BDL,30,14:30-15:00,0.0001,3,0,100,34,2.958
CPZ-BDL,30,14:30-15:00,0.001,3,1,1000,34,2.964
CPZ-BDL,30,14:30-15:00,0.0001,3,0,100,34,2.997
CPZ-BDL,30,14:30-15:00,0.005,3,0,100,34,3.019
CPZ-BDL,30,14:30-15:00,0.1,0,1,1000,34,3.402
CPZ-BDL,30,15:00-15:30,0.0005,0,0,10,68,3.212
CPZ-BDL,30,15:00-15:30,0.0001,0,1,-1,68,3.303
CPZ-BDL,30,15:00-15:30,0.0001,0,0,0,68,3.316
CPZ-BDL,30,15:00-15:30,0.005,0,0,0,68,3.328
CPZ-BDL,30,15:00-15:30,0.0005,0,0,0,68,3.356
CPZ-BDL,30,15:00-15:30,0.5,0,1,-1,68,3.584
CPZ-BDL,30,15:00-15:30,0.05,0,0,-1,68,3.588
CPZ-BDL,30,15:00-15:30,0.1,0,1,-1,68,3.605
CPZ-BDL,30,15:30-16:00,0.05,1,1,100,0,1.614
CPZ-BDL,30,15:30-16:00,0.0001,0,1,100,0,1.774
CPZ-BDL,30,15:30-16:00,0.005,0,0,1000,0,1.787
CPZ-BDL,30,15:30-16:00,0.001,-1,1,1000,0,1.791
CPZ-BDL,30,15:30-16:00,0.005,0,0,100,0,1.791
CPZ-BDL,30,15:30-16:00,0.0001,1,0,1000,0,1.793
CPZ-BDL,30,15:30-16:00,0.001,0,1,100,0,1.795
CPZ-BDL,30,15:30-16:00,0.0005,2,0,100,0,1.807
CPZ-BDL,30,16:00-16:30,0.005,0,0,100,65,1.769
CPZ-BDL,30,16:00-16:30,0.005,0,0,1000,65,1.8
CPZ-BDL,30,16:00-16:30,0.001,0,0,1000,65,1.803
CPZ-BDL,30,16:00-16:30,0.0005,0,1,100,65,1.819
CPZ-BDL,30,16:00-16:30,0.0001,0,1,1000,65,1.823
CPZ-BDL,30,16:00-16:30,0.01,0,0,1000,65,1.929
CPZ-BDL,30,16:00-16:30,0.005,0,0,10,65,2.009
CPZ-BDL,30,16:00-16:30,0.01,0,0,1,65,2.146
CPZ-BDL,30,07:00-07:30,0.0005,0,1,1,31,14.824
CPZ-BDL,30,07:00-07:30,0.0001,0,0,-1,31,14.888
CPZ-BDL,30,07:00-07:30,0.0001,0,0,1,31,14.903
CPZ-BDL,30,07:00-07:30,0.01,0,0,0,31,15.076
CPZ-BDL,30,07:00-07:30,0.0001,2,1,-1,31,16.033
CPZ-BDL,30,07:00-07:30,0.0001,-1,0,1,31,16.109
CPZ-BDL,30,07:00-07:30,0.0005,-1,1,0,31,16.11
CPZ-BDL,30,07:00-07:30,0.005,1,0,-1,31,16.149
CPZ-BDL,30,16:30-17:00,0.001,0,1,100,0,1.311
CPZ-BDL,30,16:30-17:00,0.005,0,1,1000,0,1.347
CPZ-BDL,30,16:30-17:00,0.0001,0,0,1,0,1.577
CPZ-BDL,30,16:30-17:00,0.0001,1,1,1000,0,1.627
CPZ-BDL,30,16:30-17:00,0.005,0,1,10,0,1.631
CPZ-BDL,30,16:30-17:00,0.005,2,0,100,0,1.646
CPZ-BDL,30,16:30-17:00,0.005,1,1,100,0,1.665
CPZ-BDL,30,16:30-17:00,0.0001,0,0,10,0,1.674
CPZ-BDL,30,17:00-17:30,0.001,0,0,100,66,1.213
CPZ-BDL,30,17:00-17:30,0.001,0,1,100,66,1.232
CPZ-BDL,30,17:00-17:30,0.0001,0,1,100,66,1.266
CPZ-BDL,30,17:00-17:30,0.0005,0,1,1000,66,1.268
CPZ-BDL,30,17:00-17:30,0.0005,0,1,10,66,1.334
CPZ-BDL,30,17:00-17:30,0.005,2,1,100,66,1.41
CPZ-BDL,30,17:00-17:30,0.01,0,1,10,66,1.444
CPZ-BDL,30,17:00-17:30,0.001,-1,0,100,66,1.448
CPZ-BDL,30,17:30-18:00,0.0005,0,1,10,82,1.407
CPZ-BDL,30,17:30-18:00,0.005,0,1,100,82,1.418
CPZ-BDL,30,17:30-18:00,0.001,0,1,1000,82,1.428
CPZ-BDL,30,17:30-18:00,0.0005,0,1,10,82,1.433
CPZ-BDL,30,17:30-18:00,0.001,0,1,1000,82,1.436
CPZ-BDL,30,17:30-18:00,0.0001,0,0,1000,82,1.441
CPZ-BDL,30,17:30-18:00,0.001,0,0,0,82,1.501
CPZ-BDL,30,17:30-18:00,0.0001,0,1,-1,82,1.521
CPZ-BDL,30,18:00-18:30,0.0001,2,0,100,38,1.022
CPZ-BDL,30,18:00-18:30,0.005,0,1,10,38,1.083
CPZ-BDL,30,18:00-18:30,0.0001,0,0,10,38,1.103
CPZ-BDL,30,18:00-18:30,0.001,0,1,100,38,1.107
CPZ-BDL,30,18:00-18:30,0.0001,0,1,10,38,1.137
CPZ-BDL,30,18:00-18:30,0.005,-1,0,1000,38,1.176
CPZ-BDL,30,18:00-18:30,0.01,2,0,1000,38,1.182
CPZ-BDL,30,18:00-18:30,0.001,-1,1,1000,38,1.192
CPZ-BDL,30,18:30-19:00,0.001,0,0,100,13,0.749
CPZ-BDL,30,18:30-19:00,0.001,1,1,1000,13,0.839
CPZ-BDL,30,18:30-19:00,0.005,1,0,100,13,0.84
CPZ-BDL,30,18:30-19:00,0.0001,1,0,100,13,0.84
CPZ-BDL,30,18:30-19:00,0.0005,1,0,1000,13,0.856
CPZ-BDL,30,18:30-19:00,0.001,3,1,100,13,0.915
CPZ-BDL,30,18:30-19:00,0.0005,0,1,-1,13,0.949
CPZ-BDL,30,18:30-19:00,0.001,0,1,-1,13,0.952
CPZ-BDL,30,19:00-19:30,0.0005,0,1,0,75,1.151
CPZ-BDL,30,19:00-19:30,0.0001,2,0,0,75,1.177
CPZ-BDL,30,19:00-19:30,0.01,0,0,1,75,1.207
CPZ-BDL,30,19:00-19:30,0.001,2,0,-1,75,1.21
CPZ-BDL,30,19:00-19:30,0.01,0,1,1,75,1.217
CPZ-BDL,30,19:00-19:30,0.001,3,1,1,75,1.228
CPZ-BDL,30,19:00-19:30,0.001,-1,0,0,75,1.229
CPZ-BDL,30,19:00-19:30,0.0001,2,0,-1,75,1.233
CPZ-BDL,30,19:30-20:00,0.0001,0,0,1000,12,0.58
CPZ-BDL,30,19:30-20:00,0.001,-1,1,100,12,0.582
CPZ-BDL,30,19:30-20:00,0.001,2,0,1000,12,0.582
CPZ-BDL,30,19:30-20:00,0.001,2,1,10,12,0.585
CPZ-BDL,30,19:30-20:00,0.005,-1,0,1000,12,0.587
CPZ-BDL,30,19:30-20:00,0.0005,-1,0,1000,12,0.589
CPZ-BDL,30,19:30-20:00,0.0001,-1,0,10,12,0.592
CPZ-BDL,30,19:30-20:00,0.0005,2,0,100,12,0.594
CPZ-BDL,30,20:00-20:30,0.001,2,0,10,104,0.575
CPZ-BDL,30,20:00-20:30,0.0005,2,0,100,104,0.581
CPZ-BDL,30,20:00-20:30,0.0001,2,0,1000,104,0.6
CPZ-BDL,30,20:00-20:30,0.005,0,1,100,104,0.601
CPZ-BDL,30,20:00-20:30,0.0001,3,0,100,104,0.603
CPZ-BDL,30,20:00-20:30,0.0005,1,0,-1,104,0.609
CPZ-BDL,30,20:00-20:30,0.001,-1,1,-1,104,0.615
CPZ-BDL,30,20:00-20:30,0.005,3,0,0,104,0.621
CPZ-BDL,30,20:30-21:00,0.005,0,1,-1,55,0.45
CPZ-BDL,30,20:30-21:00,0.0001,0,1,-1,55,0.454
CPZ-BDL,30,20:30-21:00,0.0001,-1,1,-1,55,0.456
CPZ-BDL,30,20:30-21:00,0.005,1,0,0,55,0.456
CPZ-BDL,30,20:30-21:00,0.0001,1,0,0,55,0.456
CPZ-BDL,30,20:30-21:00,0.0001,1,1,0,55,0.459
CPZ-BDL,30,20:30-21:00,0.005,0,1,100,55,0.462
CPZ-BDL,30,20:30-21:00,0.0001,1,1,1,55,0.465
CPZ-BDL,30,21:00-21:30,0.0001,-1,1,1000,280,0.407
CPZ-BDL,30,21:00-21:30,0.0001,-1,1,100,280,0.407
CPZ-BDL,30,21:00-21:30,0.005,1,0,100,280,0.408
CPZ-BDL,30,21:00-21:30,0.001,2,1,10,280,0.409
CPZ-BDL,30,21:00-21:30,0.0001,0,0,100,280,0.409
CPZ-BDL,30,21:00-21:30,0.005,1,0,100,280,0.41
CPZ-BDL,30,21:00-21:30,0.0005,0,0,10,280,0.411
CPZ-BDL,30,21:00-21:30,0.005,0,0,100,280,0.413
CPZ-BDL,30,07:30-08:00,0.1,0,1,10,26,18.1
CPZ-BDL,30,07:30-08:00,0.5,0,0,10,26,18.176
CPZ-BDL,30,07:30-08:00,0.5,0,0,1,26,18.325
CPZ-BDL,30,07:30-08:00,0.005,0,1,0,26,18.397
CPZ-BDL,30,07:30-08:00,0.001,0,0,0,26,18.468
CPZ-BDL,30,07:30-08:00,0.0001,0,0,1,26,18.917
CPZ-BDL,30,07:30-08:00,0.005,0,0,10,26,19.012
CPZ-BDL,30,07:30-08:00,0.0001,0,0,10,26,19.037
CPZ-BDL,30,21:30-22:00,0.0005,1,0,0,17,0.395
CPZ-BDL,30,21:30-22:00,0.0001,3,0,-1,17,0.397
CPZ-BDL,30,21:30-22:00,0.0001,-1,0,-1,17,0.399
CPZ-BDL,30,21:30-22:00,0.0001,3,0,0,17,0.401
CPZ-BDL,30,21:30-22:00,0.005,1,0,0,17,0.401
CPZ-BDL,30,21:30-22:00,0.005,3,0,-1,17,0.403
CPZ-BDL,30,21:30-22:00,0.005,-1,0,100,17,0.411
CPZ-BDL,30,21:30-22:00,0.001,2,0,1000,17,0.411
CPZ-BDL,30,22:00-22:30,0.005,1,1,100,1.00E+100,0.376
CPZ-BDL,30,22:00-22:30,0.001,-1,1,10,1.00E+100,0.378
CPZ-BDL,30,22:00-22:30,0.001,-1,0,100,1.00E+100,0.378
CPZ-BDL,30,22:00-22:30,0.001,1,1,100,1.00E+100,0.378
CPZ-BDL,30,22:00-22:30,0.0001,1,1,100,1.00E+100,0.379
CPZ-BDL,30,22:00-22:30,0.001,-1,1,100,1.00E+100,0.379
CPZ-BDL,30,22:00-22:30,0.0005,-1,1,100,1.00E+100,0.379
CPZ-BDL,30,22:00-22:30,0.0005,3,0,1000,1.00E+100,0.38
DHY-HLZ,30,06:00-06:30,0.0001,0,0,1,0,13.379
DHY-HLZ,30,06:00-06:30,0.005,0,0,-1,0,13.39
DHY-HLZ,30,06:00-06:30,0.001,0,1,1,0,13.434
DHY-HLZ,30,06:00-06:30,0.005,0,1,-1,0,13.435
DHY-HLZ,30,06:00-06:30,0.01,0,0,10,0,13.523
DHY-HLZ,30,06:00-06:30,0.5,0,0,10,0,14.556
DHY-HLZ,30,06:00-06:30,0.0005,1,1,10,0,14.651
DHY-HLZ,30,06:00-06:30,0.0005,-1,1,10,0,14.675
DHY-HLZ,30,08:00-08:30,0.005,0,0,0,43,14.465
DHY-HLZ,30,08:00-08:30,0.0005,0,0,1,43,14.493
DHY-HLZ,30,08:00-08:30,0.0001,0,1,-1,43,14.568
DHY-HLZ,30,08:00-08:30,0.0005,0,1,0,43,14.599
DHY-HLZ,30,08:00-08:30,0.01,0,0,0,43,14.618
DHY-HLZ,30,08:00-08:30,0.01,0,0,1,43,14.631
DHY-HLZ,30,08:00-08:30,0.01,0,1,-1,43,14.657
DHY-HLZ,30,08:00-08:30,0.1,-1,1,-1,43,16.449
DHY-HLZ,30,08:30-09:00,0.001,0,0,-1,49,14.627
DHY-HLZ,30,08:30-09:00,0.0001,0,0,1,49,14.674
DHY-HLZ,30,08:30-09:00,0.001,0,0,0,49,14.682
DHY-HLZ,30,08:30-09:00,0.01,0,1,1,49,14.726
DHY-HLZ,30,08:30-09:00,0.01,0,0,10,49,14.759
DHY-HLZ,30,08:30-09:00,0.1,0,1,1,49,15.369
DHY-HLZ,30,08:30-09:00,0.05,0,1,1,49,15.376
DHY-HLZ,30,08:30-09:00,0.001,-1,1,10,49,16.962
DHY-HLZ,30,09:00-09:30,0.0005,1,1,100,95,12.652
DHY-HLZ,30,09:00-09:30,0.0001,-1,1,100,95,12.69
DHY-HLZ,30,09:00-09:30,0.0005,-1,0,1000,95,12.696
DHY-HLZ,30,09:00-09:30,0.001,1,0,1000,95,12.701
DHY-HLZ,30,09:00-09:30,0.0001,0,0,1000,95,12.702
DHY-HLZ,30,09:00-09:30,0.0001,0,0,100,95,12.708
DHY-HLZ,30,09:00-09:30,0.01,-1,0,100,95,12.807
DHY-HLZ,30,09:00-09:30,0.0005,0,0,1,95,13.673
DHY-HLZ,30,09:30-10:00,0.0005,0,1,-1,51,12.357
DHY-HLZ,30,09:30-10:00,0.001,0,1,10,51,12.367
DHY-HLZ,30,09:30-10:00,0.001,0,0,-1,51,12.432
DHY-HLZ,30,09:30-10:00,0.005,0,1,1,51,12.469
DHY-HLZ,30,09:30-10:00,0.001,0,0,1,51,12.486
DHY-HLZ,30,09:30-10:00,0.001,0,0,1,51,12.533
DHY-HLZ,30,09:30-10:00,0.1,0,1,10,51,12.999
DHY-HLZ,30,09:30-10:00,0.001,0,0,100,51,14.495
DHY-HLZ,30,10:00-10:30,0.001,2,1,1000,34,9.694
DHY-HLZ,30,10:00-10:30,0.005,2,1,1000,34,9.7
DHY-HLZ,30,10:00-10:30,0.0001,2,1,1000,34,9.707
DHY-HLZ,30,10:00-10:30,0.001,0,0,100,34,9.734
DHY-HLZ,30,10:00-10:30,0.001,-1,1,100,34,9.734
DHY-HLZ,30,10:00-10:30,0.001,0,1,1000,34,9.772
DHY-HLZ,30,10:00-10:30,0.0001,2,1,1000,34,9.782
DHY-HLZ,30,10:00-10:30,0.0005,0,0,100,34,9.791
DHY-HLZ,30,10:30-11:00,0.001,0,1,-1,61,11.668
DHY-HLZ,30,10:30-11:00,0.005,0,1,0,61,11.693
DHY-HLZ,30,10:30-11:00,0.0005,0,1,0,61,11.718
DHY-HLZ,30,10:30-11:00,0.0005,0,0,1,61,11.75
DHY-HLZ,30,10:30-11:00,0.01,0,1,10,61,11.914
DHY-HLZ,30,10:30-11:00,0.05,0,1,-1,61,13.632
DHY-HLZ,30,10:30-11:00,0.005,0,1,100,61,13.883
DHY-HLZ,30,10:30-11:00,0.005,1,0,100,61,13.903
DHY-HLZ,30,11:00-11:30,0.001,0,1,0,69,10.041
DHY-HLZ,30,11:00-11:30,0.01,1,1,100,69,10.423
DHY-HLZ,30,11:00-11:30,0.01,1,0,1000,69,10.526
DHY-HLZ,30,11:00-11:30,0.05,0,1,10,69,10.53
DHY-HLZ,30,11:00-11:30,0.01,2,1,100,69,10.742
DHY-HLZ,30,11:00-11:30,0.001,0,3,100,69,12.879
DHY-HLZ,30,11:00-11:30,0.1,-1,2,1000,69,13.077
DHY-HLZ,30,11:00-11:30,0.1,2,2,1000,69,13.094
DHY-HLZ,30,06:30-07:00,0.0001,0,1,1,24,13.888
DHY-HLZ,30,06:30-07:00,0.0005,0,0,1,24,14.06
DHY-HLZ,30,06:30-07:00,0.001,0,0,1,24,14.176
DHY-HLZ,30,06:30-07:00,0.05,0,1,-1,24,14.766
DHY-HLZ,30,06:30-07:00,0.1,0,1,0,24,14.807
DHY-HLZ,30,06:30-07:00,0.1,0,1,1,24,14.814
DHY-HLZ,30,06:30-07:00,0.5,0,1,1,24,14.838
DHY-HLZ,30,06:30-07:00,0.0001,-1,1,100,24,15.06
DHY-HLZ,30,11:30-12:00,0.0001,0,0,-1,106,11.013
DHY-HLZ,30,11:30-12:00,0.0005,0,0,-1,106,11.052
DHY-HLZ,30,11:30-12:00,0.005,0,1,1,106,11.075
DHY-HLZ,30,11:30-12:00,0.5,0,0,10,106,11.175
DHY-HLZ,30,11:30-12:00,0.001,0,1,10,106,11.465
DHY-HLZ,30,11:30-12:00,0.0005,0,1,10,106,11.489
DHY-HLZ,30,11:30-12:00,0.1,0,0,100,106,11.566
DHY-HLZ,30,11:30-12:00,0.05,-1,1,10,106,14.511
DHY-HLZ,30,12:00-12:30,0.001,0,0,1000,95,6.423
DHY-HLZ,30,12:00-12:30,0.005,0,1,1000,95,6.464
DHY-HLZ,30,12:00-12:30,0.005,0,0,0,95,7.134
DHY-HLZ,30,12:00-12:30,0.005,0,1,0,95,7.141
DHY-HLZ,30,12:00-12:30,0.01,0,1,-1,95,7.3
DHY-HLZ,30,12:00-12:30,0.001,0,1,1,95,7.38
DHY-HLZ,30,12:00-12:30,0.1,0,0,0,95,7.53
DHY-HLZ,30,12:00-12:30,0.5,0,0,-1,95,7.551
DHY-HLZ,30,12:30-13:00,0.0005,-1,1,100,68,4.085
DHY-HLZ,30,12:30-13:00,0.0001,-1,1,1000,68,4.094
DHY-HLZ,30,12:30-13:00,0.005,-1,0,100,68,4.097
DHY-HLZ,30,12:30-13:00,0.0001,-1,1,1000,68,4.106
DHY-HLZ,30,12:30-13:00,0.0001,-1,0,100,68,4.118
DHY-HLZ,30,12:30-13:00,0.01,0,1,1000,68,4.222
DHY-HLZ,30,12:30-13:00,0.5,0,0,1000,68,4.616
DHY-HLZ,30,12:30-13:00,0.1,0,1,100,68,4.617
DHY-HLZ,30,13:00-13:30,0.005,0,1,100,26,3.404
DHY-HLZ,30,13:00-13:30,0.005,0,1,100,26,3.42
DHY-HLZ,30,13:00-13:30,0.01,1,1,100,26,3.501
DHY-HLZ,30,13:00-13:30,0.01,0,0,100,26,3.512
DHY-HLZ,30,13:00-13:30,0.01,1,1,1000,26,3.542
DHY-HLZ,30,13:00-13:30,0.001,-1,1,100,26,3.716
DHY-HLZ,30,13:00-13:30,0.001,1,1,1000,26,3.732
DHY-HLZ,30,13:00-13:30,0.001,1,1,1000,26,3.743
DHY-HLZ,30,13:30-14:00,0.001,0,0,1000,56,3.378
DHY-HLZ,30,13:30-14:00,0.0005,1,1,100,56,3.517
DHY-HLZ,30,13:30-14:00,0.0005,1,0,1000,56,3.544
DHY-HLZ,30,13:30-14:00,0.005,1,1,1000,56,3.569
DHY-HLZ,30,13:30-14:00,0.001,1,0,100,56,3.574
DHY-HLZ,30,13:30-14:00,0.0005,1,0,100,56,3.575
DHY-HLZ,30,13:30-14:00,0.0005,-1,0,1000,56,3.575
DHY-HLZ,30,13:30-14:00,0.01,-1,0,1000,56,3.699
DHY-HLZ,30,14:00-14:30,0.0001,0,1,1000,35,2.928
DHY-HLZ,30,14:00-14:30,0.0001,0,0,100,35,2.967
DHY-HLZ,30,14:00-14:30,0.0005,-1,0,100,35,3.082
DHY-HLZ,30,14:00-14:30,0.005,1,1,100,35,3.095
DHY-HLZ,30,14:00-14:30,0.001,1,0,100,35,3.122
DHY-HLZ,30,14:00-14:30,0.001,1,1,100,35,3.143
DHY-HLZ,30,14:00-14:30,0.001,2,0,1000,35,3.446
DHY-HLZ,30,14:00-14:30,0.005,2,1,1000,35,3.45
DHY-HLZ,30,14:30-15:00,0.0005,0,1,0,90,3.898
DHY-HLZ,30,14:30-15:00,0.005,0,1,1,90,3.904
DHY-HLZ,30,14:30-15:00,0.0001,0,1,-1,90,3.925
DHY-HLZ,30,14:30-15:00,0.005,0,1,1,90,3.944
DHY-HLZ,30,14:30-15:00,0.01,0,0,-1,90,4.02
DHY-HLZ,30,14:30-15:00,0.0005,2,1,0,90,4.249
DHY-HLZ,30,14:30-15:00,0.005,2,0,1,90,4.272
DHY-HLZ,30,14:30-15:00,0.005,2,0,0,90,4.278
DHY-HLZ,30,15:00-15:30,0.01,-1,0,100,95,3.462
DHY-HLZ,30,15:00-15:30,0.001,0,1,100,95,3.488
DHY-HLZ,30,15:00-15:30,0.01,-1,0,100,95,3.527
DHY-HLZ,30,15:00-15:30,0.5,0,0,-1,95,3.619
DHY-HLZ,30,15:00-15:30,0.001,0,1,10,95,3.643
DHY-HLZ,30,15:00-15:30,0.0001,2,1,10,95,3.75
DHY-HLZ,30,15:00-15:30,0.01,0,1,10,95,3.762
DHY-HLZ,30,15:00-15:30,0.0001,2,1,1,95,3.882
DHY-HLZ,30,15:30-16:00,0.0001,-1,0,1000,59,1.961
DHY-HLZ,30,15:30-16:00,0.0005,-1,0,100,59,1.966
DHY-HLZ,30,15:30-16:00,0.0005,-1,1,100,59,1.967
DHY-HLZ,30,15:30-16:00,0.005,-1,0,100,59,1.973
DHY-HLZ,30,15:30-16:00,0.001,0,1,1000,59,1.976
DHY-HLZ,30,15:30-16:00,0.0005,-1,1,100,59,1.987
DHY-HLZ,30,15:30-16:00,0.005,-1,1,100,59,1.991
DHY-HLZ,30,15:30-16:00,0.005,1,0,1000,59,2.003
DHY-HLZ,30,16:00-16:30,0.0001,0,1,0,280,1.824
DHY-HLZ,30,16:00-16:30,0.0001,0,1,1,280,1.872
DHY-HLZ,30,16:00-16:30,0.001,0,0,1,280,1.917
DHY-HLZ,30,16:00-16:30,0.0005,0,0,1000,280,1.952
DHY-HLZ,30,16:00-16:30,0.1,0,1,10,280,2.074
DHY-HLZ,30,16:00-16:30,0.5,0,1,10,280,2.095
DHY-HLZ,30,16:00-16:30,0.005,-1,1,100,280,2.352
DHY-HLZ,30,16:00-16:30,0.001,1,1,1000,280,2.362
DHY-HLZ,30,07:00-07:30,0.005,0,1,10,0,13.202
DHY-HLZ,30,07:00-07:30,0.001,0,0,-1,0,13.31
DHY-HLZ,30,07:00-07:30,0.001,0,0,10,0,13.312
DHY-HLZ,30,07:00-07:30,0.005,0,1,0,0,13.356
DHY-HLZ,30,07:00-07:30,0.001,0,0,0,0,13.356
DHY-HLZ,30,07:00-07:30,0.1,0,1,1,0,14.274
DHY-HLZ,30,07:00-07:30,0.5,0,1,1,0,14.445
DHY-HLZ,30,07:00-07:30,0.0005,1,0,10,0,14.599
DHY-HLZ,30,16:30-17:00,0.005,0,1,1000,47,1.482
DHY-HLZ,30,16:30-17:00,0.001,0,0,1000,47,1.483
DHY-HLZ,30,16:30-17:00,0.0001,0,1,100,47,1.486
DHY-HLZ,30,16:30-17:00,0.0005,0,0,100,47,1.487
DHY-HLZ,30,16:30-17:00,0.0005,0,1,100,47,1.491
DHY-HLZ,30,16:30-17:00,0.0001,0,1,100,47,1.508
DHY-HLZ,30,16:30-17:00,0.01,0,1,100,47,1.618
DHY-HLZ,30,16:30-17:00,0.005,2,1,100,47,1.778
DHY-HLZ,30,17:00-17:30,0.001,0,1,100,64,1.702
DHY-HLZ,30,17:00-17:30,0.001,0,1,10,64,1.718
DHY-HLZ,30,17:00-17:30,0.001,0,1,1000,64,1.724
DHY-HLZ,30,17:00-17:30,0.001,0,1,1,64,1.753
DHY-HLZ,30,17:00-17:30,0.0001,0,0,0,64,1.814
DHY-HLZ,30,17:00-17:30,0.0005,0,0,100,64,1.846
DHY-HLZ,30,17:00-17:30,0.05,0,0,-1,64,1.855
DHY-HLZ,30,17:00-17:30,0.01,0,0,0,64,1.917
DHY-HLZ,30,17:30-18:00,0.005,0,1,100,57,1.234
DHY-HLZ,30,17:30-18:00,0.001,0,0,100,57,1.299
DHY-HLZ,30,17:30-18:00,0.005,0,0,100,57,1.336
DHY-HLZ,30,17:30-18:00,0.0001,0,0,1,57,1.35
DHY-HLZ,30,17:30-18:00,0.001,2,1,10,57,1.416
DHY-HLZ,30,17:30-18:00,0.001,-1,0,10,57,1.438
DHY-HLZ,30,17:30-18:00,0.005,0,0,-1,57,1.45
DHY-HLZ,30,17:30-18:00,0.1,0,1,10,57,1.469
DHY-HLZ,30,18:00-18:30,0.005,0,0,100,436,0.853
DHY-HLZ,30,18:00-18:30,0.0005,0,0,1000,436,0.86
DHY-HLZ,30,18:00-18:30,0.0001,2,0,100,436,0.957
DHY-HLZ,30,18:00-18:30,0.001,-1,1,1000,436,0.97
DHY-HLZ,30,18:00-18:30,0.001,1,0,1000,436,0.972
DHY-HLZ,30,18:00-18:30,0.0001,1,1,1000,436,0.974
DHY-HLZ,30,18:00-18:30,0.001,1,0,100,436,0.981
DHY-HLZ,30,18:00-18:30,0.005,1,0,1000,436,0.996
DHY-HLZ,30,18:30-19:00,0.001,0,0,100,27,0.78
DHY-HLZ,30,18:30-19:00,0.001,1,1,1000,27,0.841
DHY-HLZ,30,18:30-19:00,0.005,-1,1,1000,27,0.847
DHY-HLZ,30,18:30-19:00,0.001,2,0,1000,27,0.854
DHY-HLZ,30,18:30-19:00,0.0001,1,0,100,27,0.865
DHY-HLZ,30,18:30-19:00,0.001,1,0,1000,27,0.877
DHY-HLZ,30,18:30-19:00,0.001,3,1,100,27,0.932
DHY-HLZ,30,18:30-19:00,0.001,0,0,10,27,0.933
DHY-HLZ,30,19:00-19:30,0.001,0,1,100,29,0.699
DHY-HLZ,30,19:00-19:30,0.001,0,0,1000,29,0.723
DHY-HLZ,30,19:00-19:30,0.0005,1,1,1000,29,0.746
DHY-HLZ,30,19:00-19:30,0.0005,1,0,100,29,0.747
DHY-HLZ,30,19:00-19:30,0.001,1,1,100,29,0.758
DHY-HLZ,30,19:00-19:30,0.0001,-1,0,1000,29,0.769
DHY-HLZ,30,19:00-19:30,0.0001,2,0,1000,29,0.783
DHY-HLZ,30,19:00-19:30,0.01,0,0,10,29,0.864
DHY-HLZ,30,19:30-20:00,0.0005,0,1,100,52,0.647
DHY-HLZ,30,19:30-20:00,0.0001,1,0,10,52,0.653
DHY-HLZ,30,19:30-20:00,0.001,0,0,10,52,0.654
DHY-HLZ,30,19:30-20:00,0.0005,0,1,100,52,0.665
DHY-HLZ,30,19:30-20:00,0.0001,1,0,1000,52,0.68
DHY-HLZ,30,19:30-20:00,0.001,1,1,10,52,0.681
DHY-HLZ,30,19:30-20:00,0.005,-1,0,1000,52,0.693
DHY-HLZ,30,19:30-20:00,0.0005,0,1,-1,52,0.75
DHY-HLZ,30,20:00-20:30,0.0001,0,0,10,17,0.498
DHY-HLZ,30,20:00-20:30,0.005,0,1,10,17,0.502
DHY-HLZ,30,20:00-20:30,0.001,-1,0,100,17,0.509
DHY-HLZ,30,20:00-20:30,0.0001,1,0,1000,17,0.51
DHY-HLZ,30,20:00-20:30,0.0001,2,1,100,17,0.51
DHY-HLZ,30,20:00-20:30,0.0001,2,0,1000,17,0.513
DHY-HLZ,30,20:00-20:30,0.0001,2,0,1000,17,0.515
DHY-HLZ,30,20:00-20:30,0.0005,-1,0,1000,17,0.518
DHY-HLZ,30,20:30-21:00,0.005,-1,0,0,41,0.466
DHY-HLZ,30,20:30-21:00,0.0005,1,0,0,41,0.467
DHY-HLZ,30,20:30-21:00,0.005,1,1,0,41,0.469
DHY-HLZ,30,20:30-21:00,0.005,0,1,10,41,0.47
DHY-HLZ,30,20:30-21:00,0.005,-1,1,100,41,0.471
DHY-HLZ,30,20:30-21:00,0.0001,1,1,1000,41,0.471
DHY-HLZ,30,20:30-21:00,0.005,1,1,-1,41,0.472
DHY-HLZ,30,20:30-21:00,0.001,1,1,1000,41,0.473
DHY-HLZ,30,21:00-21:30,0.0001,0,1,10,12,0.41
DHY-HLZ,30,21:00-21:30,0.005,0,1,10,12,0.415
DHY-HLZ,30,21:00-21:30,0.0005,2,1,10,12,0.416
DHY-HLZ,30,21:00-21:30,0.0001,1,0,100,12,0.416
DHY-HLZ,30,21:00-21:30,0.0001,-1,0,100,12,0.417
DHY-HLZ,30,21:00-21:30,0.0001,0,1,100,12,0.418
DHY-HLZ,30,21:00-21:30,0.001,3,0,1000,12,0.424
DHY-HLZ,30,21:00-21:30,0.0001,3,0,10,12,0.425
DHY-HLZ,30,07:30-08:00,0.05,0,3,1000,25,13.641
DHY-HLZ,30,07:30-08:00,0.1,1,2,1000,25,13.757
DHY-HLZ,30,07:30-08:00,0.005,0,1,0,25,17.414
DHY-HLZ,30,07:30-08:00,0.0005,0,0,0,25,17.429
DHY-HLZ,30,07:30-08:00,0.05,0,0,0,25,18.506
DHY-HLZ,30,07:30-08:00,0.001,1,0,10,25,18.979
DHY-HLZ,30,07:30-08:00,0.001,1,0,10,25,19.024
DHY-HLZ,30,07:30-08:00,0.0001,-1,0,10,25,19.172
DHY-HLZ,30,21:30-22:00,0.001,2,0,0,99,0.535
DHY-HLZ,30,21:30-22:00,0.0001,-1,2,-1,99,0.539
DHY-HLZ,30,21:30-22:00,0.0005,2,1,-1,99,0.548
DHY-HLZ,30,21:30-22:00,0.005,3,2,0,99,0.556
DHY-HLZ,30,21:30-22:00,0.005,2,3,0,99,0.56
DHY-HLZ,30,21:30-22:00,0.0005,3,1,-1,99,0.565
DHY-HLZ,30,21:30-22:00,0.005,1,1,0,99,0.572
DHY-HLZ,30,21:30-22:00,0.005,1,1,-1,99,0.575
DHY-HLZ,30,22:00-22:30,0.0005,0,1,1000,24,0.379
DHY-HLZ,30,22:00-22:30,0.005,0,0,100,24,0.379
DHY-HLZ,30,22:00-22:30,0.001,1,0,1000,24,0.38
DHY-HLZ,30,22:00-22:30,0.0001,-1,0,1000,24,0.381
DHY-HLZ,30,22:00-22:30,0.001,-1,0,100,24,0.384
DHY-HLZ,30,22:00-22:30,0.0005,3,1,100,24,0.387
DHY-HLZ,30,22:00-22:30,0.005,0,1,10,24,0.388
DHY-HLZ,30,22:00-22:30,0.0005,-1,0,10,24,0.388
HLZ-XHY,30,06:00-06:30,0.005,0,1,-1,0,13.378
HLZ-XHY,30,06:00-06:30,0.0005,0,0,1,0,13.495
HLZ-XHY,30,06:00-06:30,0.5,0,1,1,0,14.12
HLZ-XHY,30,06:00-06:30,0.1,0,1,1,0,14.147
HLZ-XHY,30,06:00-06:30,0.5,0,1,0,0,14.195
HLZ-XHY,30,06:00-06:30,0.05,0,1,1,0,14.227
HLZ-XHY,30,06:00-06:30,0.0005,2,1,10,0,14.715
HLZ-XHY,30,06:00-06:30,0.005,1,1,10,0,14.798
HLZ-XHY,30,08:00-08:30,0.001,0,1,1,35,13.946
HLZ-XHY,30,08:00-08:30,0.001,0,0,-1,35,13.971
HLZ-XHY,30,08:00-08:30,0.01,0,0,1,35,14.075
HLZ-XHY,30,08:00-08:30,0.5,0,0,1,35,14.734
HLZ-XHY,30,08:00-08:30,0.05,0,0,0,35,14.853
HLZ-XHY,30,08:00-08:30,0.1,0,0,-1,35,14.868
HLZ-XHY,30,08:00-08:30,0.001,2,1,1,35,15.639
HLZ-XHY,30,08:00-08:30,0.0001,1,0,0,35,15.753
HLZ-XHY,30,08:30-09:00,0.0005,0,0,0,23,16.003
HLZ-XHY,30,08:30-09:00,0.0001,0,1,0,23,16.02
HLZ-XHY,30,08:30-09:00,0.0001,0,1,1,23,17.143
HLZ-XHY,30,08:30-09:00,0.0001,0,1,1,23,17.21
HLZ-XHY,30,08:30-09:00,0.01,0,1,1,23,17.25
HLZ-XHY,30,08:30-09:00,0.005,0,1,1,23,17.288
HLZ-XHY,30,08:30-09:00,0.1,0,0,10,23,18.391
HLZ-XHY,30,08:30-09:00,0.0001,0,0,100,23,18.702
HLZ-XHY,30,09:00-09:30,0.005,0,1,10,28,13.565
HLZ-XHY,30,09:00-09:30,0.001,0,0,10,28,13.597
HLZ-XHY,30,09:00-09:30,0.0005,0,1,0,28,13.667
HLZ-XHY,30,09:00-09:30,0.005,0,1,0,28,13.716
HLZ-XHY,30,09:00-09:30,0.0001,0,1,-1,28,13.74
HLZ-XHY,30,09:00-09:30,0.1,0,1,-1,28,14.587
HLZ-XHY,30,09:00-09:30,0.0001,0,1,1,28,14.719
HLZ-XHY,30,09:00-09:30,0.005,-1,0,10,28,15.843
HLZ-XHY,30,09:30-10:00,0.005,0,1,1,45,12.416
HLZ-XHY,30,09:30-10:00,0.0005,0,1,10,45,12.632
HLZ-XHY,30,09:30-10:00,0.05,0,1,-1,45,13.203
HLZ-XHY,30,09:30-10:00,0.01,0,0,0,45,13.862
HLZ-XHY,30,09:30-10:00,0.05,0,0,1,45,14.832
HLZ-XHY,30,09:30-10:00,0.001,-1,0,1,45,17.1
HLZ-XHY,30,09:30-10:00,0.0005,1,1,1,45,17.206
HLZ-XHY,30,09:30-10:00,0.005,1,1,1,45,17.243
HLZ-XHY,30,10:00-10:30,0.0005,2,1,100,38,9.704
HLZ-XHY,30,10:00-10:30,0.005,0,1,1000,38,9.758
HLZ-XHY,30,10:00-10:30,0.005,1,1,100,38,9.76
HLZ-XHY,30,10:00-10:30,0.005,-1,0,100,38,9.769
HLZ-XHY,30,10:00-10:30,0.0005,3,0,1000,38,10.701
HLZ-XHY,30,10:00-10:30,0.01,3,1,1000,38,10.805
HLZ-XHY,30,10:00-10:30,0.0005,0,1,10,38,11.136
HLZ-XHY,30,10:00-10:30,0.0001,0,1,1,38,11.293
HLZ-XHY,30,10:30-11:00,0.01,0,1,100,57,10.396
HLZ-XHY,30,10:30-11:00,0.005,-1,0,1000,57,10.647
HLZ-XHY,30,10:30-11:00,0.0005,1,1,1000,57,10.656
HLZ-XHY,30,10:30-11:00,0.01,-1,0,1000,57,10.808
HLZ-XHY,30,10:30-11:00,0.0001,3,1,100,57,12.251
HLZ-XHY,30,10:30-11:00,0.0005,0,1,0,57,12.361
HLZ-XHY,30,10:30-11:00,0.0005,0,0,10,57,12.426
HLZ-XHY,30,10:30-11:00,0.01,0,0,10,57,12.679
HLZ-XHY,30,11:00-11:30,0.0001,0,1,10,33,10.579
HLZ-XHY,30,11:00-11:30,0.001,0,1,1000,33,10.82
HLZ-XHY,30,11:00-11:30,0.0005,1,0,1000,33,10.94
HLZ-XHY,30,11:00-11:30,0.0005,1,0,1000,33,10.958
HLZ-XHY,30,11:00-11:30,0.005,1,0,1000,33,11.007
HLZ-XHY,30,11:00-11:30,0.01,0,0,1000,33,11.058
HLZ-XHY,30,11:00-11:30,0.01,1,0,100,33,11.077
HLZ-XHY,30,11:00-11:30,0.01,-1,1,1000,33,11.095
HLZ-XHY,30,06:30-07:00,0.01,0,0,0,19,14.044
HLZ-XHY,30,06:30-07:00,0.1,0,1,0,19,14.72
HLZ-XHY,30,06:30-07:00,0.001,0,1,100,19,15.018
HLZ-XHY,30,06:30-07:00,0.0005,0,0,1000,19,15.024
HLZ-XHY,30,06:30-07:00,0.005,1,0,1000,19,15.048
HLZ-XHY,30,06:30-07:00,0.0001,-1,0,100,19,15.053
HLZ-XHY,30,06:30-07:00,0.01,0,1,100,19,15.16
HLZ-XHY,30,06:30-07:00,0.01,-1,0,100,19,15.192
HLZ-XHY,30,11:30-12:00,0.005,0,1,-1,64,9.115
HLZ-XHY,30,11:30-12:00,0.01,0,1,0,64,9.186
HLZ-XHY,30,11:30-12:00,0.0005,0,0,100,64,10.199
HLZ-XHY,30,11:30-12:00,0.001,0,0,1000,64,10.256
HLZ-XHY,30,11:30-12:00,0.5,0,1,0,64,10.599
HLZ-XHY,30,11:30-12:00,0.0001,0,0,10,64,10.693
HLZ-XHY,30,11:30-12:00,0.1,0,1,10,64,10.737
HLZ-XHY,30,11:30-12:00,0.01,0,0,100,64,10.769
HLZ-XHY,30,12:00-12:30,0.0001,0,0,1000,55,7.029
HLZ-XHY,30,12:00-12:30,0.001,0,0,100,55,7.065
HLZ-XHY,30,12:00-12:30,0.0005,0,1,100,55,7.083
HLZ-XHY,30,12:00-12:30,0.0001,0,1,1000,55,7.093
HLZ-XHY,30,12:00-12:30,0.1,0,0,0,55,7.58
HLZ-XHY,30,12:00-12:30,0.5,0,0,1,55,7.742
HLZ-XHY,30,12:00-12:30,0.0001,0,3,100,55,7.881
HLZ-XHY,30,12:00-12:30,0.001,0,3,1000,55,7.903
HLZ-XHY,30,12:30-13:00,0.001,0,0,1000,87,5.138
HLZ-XHY,30,12:30-13:00,0.01,0,1,1,87,6.057
HLZ-XHY,30,12:30-13:00,0.05,0,1,0,87,6.274
HLZ-XHY,30,12:30-13:00,0.5,0,0,1,87,6.287
HLZ-XHY,30,12:30-13:00,0.5,0,0,0,87,6.294
HLZ-XHY,30,12:30-13:00,0.5,0,1,-1,87,6.361
HLZ-XHY,30,12:30-13:00,0.01,0,0,-1,87,6.495
HLZ-XHY,30,12:30-13:00,0.005,0,0,10,87,6.532
HLZ-XHY,30,13:00-13:30,0.001,-1,0,100,33,3.423
HLZ-XHY,30,13:00-13:30,0.0001,-1,0,100,33,3.435
HLZ-XHY,30,13:00-13:30,0.001,2,1,1000,33,3.438
HLZ-XHY,30,13:00-13:30,0.001,1,0,100,33,3.448
HLZ-XHY,30,13:00-13:30,0.001,0,1,100,33,3.474
HLZ-XHY,30,13:00-13:30,0.0001,-1,1,100,33,3.52
HLZ-XHY,30,13:00-13:30,0.0005,3,0,100,33,4.212
HLZ-XHY,30,13:00-13:30,0.005,0,1,10,33,5.167
HLZ-XHY,30,13:30-14:00,0.0001,0,1,1,80,4.68
HLZ-XHY,30,13:30-14:00,0.01,0,0,-1,80,4.943
HLZ-XHY,30,13:30-14:00,0.01,0,0,0,80,4.948
HLZ-XHY,30,13:30-14:00,0.01,0,1,10,80,5.132
HLZ-XHY,30,13:30-14:00,0.001,0,1,0,80,5.182
HLZ-XHY,30,13:30-14:00,0.05,0,0,10,80,5.191
HLZ-XHY,30,13:30-14:00,0.01,0,0,1000,80,5.313
HLZ-XHY,30,13:30-14:00,0.05,0,0,0,80,5.601
HLZ-XHY,30,14:00-14:30,0.005,0,1,100,31,2.767
HLZ-XHY,30,14:00-14:30,0.001,-1,1,100,31,2.775
HLZ-XHY,30,14:00-14:30,0.001,-1,0,1000,31,2.779
HLZ-XHY,30,14:00-14:30,0.0001,2,0,1000,31,2.793
HLZ-XHY,30,14:00-14:30,0.005,1,0,1000,31,2.798
HLZ-XHY,30,14:00-14:30,0.001,2,1,100,31,2.8
HLZ-XHY,30,14:00-14:30,0.0001,0,0,100,31,2.825
HLZ-XHY,30,14:00-14:30,0.0001,2,1,1000,31,2.841
HLZ-XHY,30,14:30-15:00,0.0001,0,0,100,42,3.328
HLZ-XHY,30,14:30-15:00,0.005,0,0,1,42,3.849
HLZ-XHY,30,14:30-15:00,0.0005,0,1,10,42,3.883
HLZ-XHY,30,14:30-15:00,0.01,2,0,100,42,3.896
HLZ-XHY,30,14:30-15:00,0.005,0,1,10,42,3.914
HLZ-XHY,30,14:30-15:00,0.05,0,1,1000,42,3.99
HLZ-XHY,30,14:30-15:00,0.1,0,1,100,42,3.991
HLZ-XHY,30,14:30-15:00,0.0005,0,0,10,42,3.996
HLZ-XHY,30,15:00-15:30,0.0005,2,1,100,55,2.099
HLZ-XHY,30,15:00-15:30,0.0001,2,0,100,55,2.106
HLZ-XHY,30,15:00-15:30,0.005,1,0,1000,55,2.113
HLZ-XHY,30,15:00-15:30,0.0005,2,1,100,55,2.119
HLZ-XHY,30,15:00-15:30,0.005,2,1,100,55,2.136
HLZ-XHY,30,15:00-15:30,0.01,1,0,100,55,2.227
HLZ-XHY,30,15:00-15:30,0.01,1,0,1000,55,2.245
HLZ-XHY,30,15:00-15:30,0.0005,3,0,100,55,2.481
HLZ-XHY,30,15:30-16:00,0.1,2,0,1000,33,1.665
HLZ-XHY,30,15:30-16:00,0.5,2,0,100,33,1.68
HLZ-XHY,30,15:30-16:00,0.5,1,0,1000,33,1.697
HLZ-XHY,30,15:30-16:00,0.5,-1,1,100,33,1.698
HLZ-XHY,30,15:30-16:00,0.005,1,0,1000,33,1.871
HLZ-XHY,30,15:30-16:00,0.0001,1,0,100,33,1.892
HLZ-XHY,30,15:30-16:00,0.0001,0,1,100,33,1.892
HLZ-XHY,30,15:30-16:00,0.0001,0,1,1000,33,1.897
HLZ-XHY,30,16:00-16:30,0.005,0,1,10,273,1.8
HLZ-XHY,30,16:00-16:30,0.005,0,0,-1,273,1.848
HLZ-XHY,30,16:00-16:30,0.0005,0,1,1000,273,1.925
HLZ-XHY,30,16:00-16:30,0.0001,0,1,100,273,1.934
HLZ-XHY,30,16:00-16:30,0.5,0,0,-1,273,2.07
HLZ-XHY,30,16:00-16:30,0.001,2,1,100,273,2.36
HLZ-XHY,30,16:00-16:30,0.0001,-1,1,1000,273,2.384
HLZ-XHY,30,16:00-16:30,0.0005,-1,0,100,273,2.421
HLZ-XHY,30,07:00-07:30,0.0001,0,1,0,0,13.357
HLZ-XHY,30,07:00-07:30,0.5,0,0,1,0,14.312
HLZ-XHY,30,07:00-07:30,0.005,2,1,10,0,14.526
HLZ-XHY,30,07:00-07:30,0.0001,2,0,10,0,14.542
HLZ-XHY,30,07:00-07:30,0.01,2,0,10,0,14.609
HLZ-XHY,30,07:00-07:30,0.0005,2,1,10,0,14.697
HLZ-XHY,30,07:00-07:30,0.0005,-1,0,100,0,14.785
HLZ-XHY,30,07:00-07:30,0.0005,-1,1,100,0,14.787
HLZ-XHY,30,16:30-17:00,0.0001,0,1,100,56,1.576
HLZ-XHY,30,16:30-17:00,0.005,0,0,1000,56,1.618
HLZ-XHY,30,16:30-17:00,0.0005,0,0,1000,56,1.627
HLZ-XHY,30,16:30-17:00,0.01,0,1,1000,56,1.745
HLZ-XHY,30,16:30-17:00,0.001,2,0,100,56,1.761
HLZ-XHY,30,16:30-17:00,0.001,2,0,1000,56,1.804
HLZ-XHY,30,16:30-17:00,0.001,2,0,1000,56,1.805
HLZ-XHY,30,16:30-17:00,0.005,3,0,1000,56,1.936
HLZ-XHY,30,17:00-17:30,0.0005,0,1,1000,50,1.594
HLZ-XHY,30,17:00-17:30,0.001,0,1,1000,50,1.607
HLZ-XHY,30,17:00-17:30,0.0005,0,1,100,50,1.625
HLZ-XHY,30,17:00-17:30,0.005,0,1,1000,50,1.642
HLZ-XHY,30,17:00-17:30,0.001,0,1,10,50,1.701
HLZ-XHY,30,17:00-17:30,0.01,0,1,100,50,1.724
HLZ-XHY,30,17:00-17:30,0.01,0,1,100,50,1.767
HLZ-XHY,30,17:00-17:30,0.0005,0,1,1,50,1.775
HLZ-XHY,30,17:30-18:00,0.001,0,0,100,57,1.016
HLZ-XHY,30,17:30-18:00,0.0005,2,1,1000,57,1.136
HLZ-XHY,30,17:30-18:00,0.0001,2,1,1000,57,1.139
HLZ-XHY,30,17:30-18:00,0.0005,2,0,100,57,1.15
HLZ-XHY,30,17:30-18:00,0.005,-1,1,1000,57,1.167
HLZ-XHY,30,17:30-18:00,0.0005,3,0,100,57,1.249
HLZ-XHY,30,17:30-18:00,0.001,3,0,100,57,1.262
HLZ-XHY,30,17:30-18:00,0.0001,3,0,1000,57,1.284
HLZ-XHY,30,18:00-18:30,0.001,0,0,100,45,0.877
HLZ-XHY,30,18:00-18:30,0.0001,0,1,100,45,0.879
HLZ-XHY,30,18:00-18:30,0.005,0,0,1000,45,0.889
HLZ-XHY,30,18:00-18:30,0.0005,0,0,100,45,0.913
HLZ-XHY,30,18:00-18:30,0.0001,2,0,1000,45,0.983
HLZ-XHY,30,18:00-18:30,0.0001,1,0,100,45,0.985
HLZ-XHY,30,18:00-18:30,0.0001,-1,0,1000,45,0.988
HLZ-XHY,30,18:00-18:30,0.0001,1,1,1000,45,0.99
HLZ-XHY,30,18:30-19:00,0.005,0,0,1000,24,0.812
HLZ-XHY,30,18:30-19:00,0.005,0,1,1000,24,0.838
HLZ-XHY,30,18:30-19:00,0.001,0,1,1000,24,0.842
HLZ-XHY,30,18:30-19:00,0.001,1,0,100,24,0.887
HLZ-XHY,30,18:30-19:00,0.005,-1,1,100,24,0.893
HLZ-XHY,30,18:30-19:00,0.001,-1,0,100,24,0.913
HLZ-XHY,30,18:30-19:00,0.0001,0,0,100,24,0.92
HLZ-XHY,30,18:30-19:00,0.0005,2,0,1000,24,0.948
HLZ-XHY,30,19:00-19:30,0.0001,2,0,100,42,0.749
HLZ-XHY,30,19:00-19:30,0.001,0,1,10,42,0.758
HLZ-XHY,30,19:00-19:30,0.0005,2,0,1000,42,0.758
HLZ-XHY,30,19:00-19:30,0.0005,2,0,100,42,0.778
HLZ-XHY,30,19:00-19:30,0.0005,0,1,1000,42,0.79
HLZ-XHY,30,19:00-19:30,0.0001,1,0,1000,42,0.82
HLZ-XHY,30,19:00-19:30,0.005,-1,1,100,42,0.877
HLZ-XHY,30,19:00-19:30,0.005,1,0,10,42,0.883
HLZ-XHY,30,19:30-20:00,0.0005,-1,1,1000,48,0.633
HLZ-XHY,30,19:30-20:00,0.005,1,0,1000,48,0.646
HLZ-XHY,30,19:30-20:00,0.0005,1,0,1000,48,0.646
HLZ-XHY,30,19:30-20:00,0.0005,1,1,100,48,0.648
HLZ-XHY,30,19:30-20:00,0.005,-1,1,1000,48,0.65
HLZ-XHY,30,19:30-20:00,0.0001,1,0,1000,48,0.653
HLZ-XHY,30,19:30-20:00,0.001,-1,0,10,48,0.657
HLZ-XHY,30,19:30-20:00,0.001,1,0,1000,48,0.671
HLZ-XHY,30,20:00-20:30,0.001,0,1,10,49,0.494
HLZ-XHY,30,20:00-20:30,0.005,0,0,100,49,0.499
HLZ-XHY,30,20:00-20:30,0.0005,2,0,10,49,0.512
HLZ-XHY,30,20:00-20:30,0.001,2,1,1000,49,0.512
HLZ-XHY,30,20:00-20:30,0.0005,-1,0,100,49,0.513
HLZ-XHY,30,20:00-20:30,0.005,2,0,100,49,0.517
HLZ-XHY,30,20:00-20:30,0.001,-1,1,100,49,0.517
HLZ-XHY,30,20:00-20:30,0.001,2,1,1000,49,0.519
HLZ-XHY,30,20:30-21:00,0.001,0,0,1000,47,0.461
HLZ-XHY,30,20:30-21:00,0.001,0,0,1000,47,0.465
HLZ-XHY,30,20:30-21:00,0.001,1,1,1000,47,0.465
HLZ-XHY,30,20:30-21:00,0.0001,2,0,-1,47,0.465
HLZ-XHY,30,20:30-21:00,0.0001,2,0,-1,47,0.466
HLZ-XHY,30,20:30-21:00,0.005,-1,1,1000,47,0.466
HLZ-XHY,30,20:30-21:00,0.0001,2,1,1000,47,0.466
HLZ-XHY,30,20:30-21:00,0.005,-1,1,1000,47,0.467
HLZ-XHY,30,21:00-21:30,0.0005,-1,0,100,44,0.413
HLZ-XHY,30,21:00-21:30,0.005,1,0,100,44,0.415
HLZ-XHY,30,21:00-21:30,0.0001,-1,0,10,44,0.416
HLZ-XHY,30,21:00-21:30,0.001,0,0,1000,44,0.418
HLZ-XHY,30,21:00-21:30,0.005,2,0,100,44,0.418
HLZ-XHY,30,21:00-21:30,0.001,-1,0,100,44,0.419
HLZ-XHY,30,21:00-21:30,0.005,2,0,10,44,0.42
HLZ-XHY,30,21:00-21:30,0.005,1,1,1000,44,0.421
HLZ-XHY,30,07:30-08:00,0.1,1,3,100,57,14.362
HLZ-XHY,30,07:30-08:00,0.1,1,3,1000,57,14.401
HLZ-XHY,30,07:30-08:00,0.05,1,2,100,57,15.602
HLZ-XHY,30,07:30-08:00,0.0001,0,0,-1,57,16.633
HLZ-XHY,30,07:30-08:00,0.01,0,1,-1,57,16.722
HLZ-XHY,30,07:30-08:00,0.01,0,1,-1,57,16.764
HLZ-XHY,30,07:30-08:00,0.001,0,1,1,57,17.605
HLZ-XHY,30,07:30-08:00,0.001,-1,0,-1,57,19.007
HLZ-XHY,30,21:30-22:00,0.0001,1,2,-1,80,0.438
HLZ-XHY,30,21:30-22:00,0.0005,1,2,0,80,0.446
HLZ-XHY,30,21:30-22:00,0.0005,1,0,0,80,0.449
HLZ-XHY,30,21:30-22:00,0.0001,2,0,0,80,0.451
HLZ-XHY,30,21:30-22:00,0.0001,1,3,0,80,0.451
HLZ-XHY,30,21:30-22:00,0.005,2,1,-1,80,0.455
HLZ-XHY,30,21:30-22:00,0.005,1,0,-1,80,0.455
HLZ-XHY,30,21:30-22:00,0.0001,-1,2,0,80,0.461
HLZ-XHY,30,22:00-22:30,0.0005,3,1,10,29,0.385
HLZ-XHY,30,22:00-22:30,0.0001,3,1,100,29,0.387
HLZ-XHY,30,22:00-22:30,0.0005,-1,1,100,29,0.39
HLZ-XHY,30,22:00-22:30,0.0001,3,1,1000,29,0.391
HLZ-XHY,30,22:00-22:30,0.005,2,1,1000,29,0.392
HLZ-XHY,30,22:00-22:30,0.0001,1,1,100,29,0.403
HLZ-XHY,30,22:00-22:30,0.0005,0,1,10,29,0.405
HLZ-XHY,30,22:00-22:30,0.0001,1,0,1000,29,0.407
QHZ-CPZ,30,06:00-06:30,0.01,0,1,0,14,14.388
QHZ-CPZ,30,06:00-06:30,0.1,0,0,1,14,14.782
QHZ-CPZ,30,06:00-06:30,0.5,2,2,100,14,15.081
QHZ-CPZ,30,06:00-06:30,0.1,-1,2,1000,14,15.107
QHZ-CPZ,30,06:00-06:30,0.0001,-1,1,1000,14,15.301
QHZ-CPZ,30,06:00-06:30,0.001,2,0,10,14,15.305
QHZ-CPZ,30,06:00-06:30,0.0001,1,1,100,14,15.306
QHZ-CPZ,30,06:00-06:30,0.01,1,0,1000,14,15.325
QHZ-CPZ,30,08:00-08:30,0.0001,0,0,1,54,13.243
QHZ-CPZ,30,08:00-08:30,0.001,0,0,0,54,13.251
QHZ-CPZ,30,08:00-08:30,0.001,0,0,1,54,13.307
QHZ-CPZ,30,08:00-08:30,0.5,0,1,1,54,14.144
QHZ-CPZ,30,08:00-08:30,0.1,0,1,0,54,14.176
QHZ-CPZ,30,08:00-08:30,0.001,2,0,1,54,15.008
QHZ-CPZ,30,08:00-08:30,0.001,1,1,1,54,15.044
QHZ-CPZ,30,08:00-08:30,0.005,2,1,1,54,15.133
QHZ-CPZ,30,08:30-09:00,0.0001,0,1,0,26,14.62
QHZ-CPZ,30,08:30-09:00,0.0005,0,1,-1,26,14.65
QHZ-CPZ,30,08:30-09:00,0.0005,0,1,1,26,14.806
QHZ-CPZ,30,08:30-09:00,0.1,0,1,-1,26,15.453
QHZ-CPZ,30,08:30-09:00,0.05,0,1,0,26,15.462
QHZ-CPZ,30,08:30-09:00,0.5,0,0,1,26,15.825
QHZ-CPZ,30,08:30-09:00,0.001,1,0,10,26,16.873
QHZ-CPZ,30,08:30-09:00,0.0005,2,1,0,26,16.895
QHZ-CPZ,30,09:00-09:30,0.001,0,1,100,25,12.375
QHZ-CPZ,30,09:00-09:30,0.005,-1,1,1000,25,12.378
QHZ-CPZ,30,09:00-09:30,0.0001,0,0,1000,25,12.385
QHZ-CPZ,30,09:00-09:30,0.001,0,1,-1,25,13.122
QHZ-CPZ,30,09:00-09:30,0.005,0,0,-1,25,13.13
QHZ-CPZ,30,09:00-09:30,0.0005,0,0,-1,25,13.142
QHZ-CPZ,30,09:00-09:30,0.1,0,0,100,25,13.198
QHZ-CPZ,30,09:00-09:30,0.005,3,0,1000,25,13.592
QHZ-CPZ,30,09:30-10:00,0.001,0,1,10,38,12.706
QHZ-CPZ,30,09:30-10:00,0.01,0,0,10,38,12.838
QHZ-CPZ,30,09:30-10:00,0.005,0,0,-1,38,12.978
QHZ-CPZ,30,09:30-10:00,0.005,0,1,1,38,13.009
QHZ-CPZ,30,09:30-10:00,0.1,0,0,-1,38,13.043
QHZ-CPZ,30,09:30-10:00,0.01,0,1,-1,38,13.093
QHZ-CPZ,30,09:30-10:00,0.005,-1,1,100,38,14.231
QHZ-CPZ,30,09:30-10:00,0.001,2,0,100,38,14.266
QHZ-CPZ,30,10:00-10:30,0.001,0,1,100,19,9.753
QHZ-CPZ,30,10:00-10:30,0.005,0,0,100,19,9.764
QHZ-CPZ,30,10:00-10:30,0.001,1,0,100,19,9.775
QHZ-CPZ,30,10:00-10:30,0.0001,1,1,1000,19,9.776
QHZ-CPZ,30,10:00-10:30,0.005,1,1,1000,19,9.792
QHZ-CPZ,30,10:00-10:30,0.0005,2,1,1000,19,9.793
QHZ-CPZ,30,10:00-10:30,0.001,-1,1,1000,19,9.795
QHZ-CPZ,30,10:00-10:30,0.0005,1,0,1000,19,9.808
QHZ-CPZ,30,10:30-11:00,0.0001,0,0,1000,103,10.554
QHZ-CPZ,30,10:30-11:00,0.005,0,1,1000,103,10.559
QHZ-CPZ,30,10:30-11:00,0.0005,0,0,100,103,10.565
QHZ-CPZ,30,10:30-11:00,0.001,1,1,100,103,10.917
QHZ-CPZ,30,10:30-11:00,0.0001,-1,1,100,103,10.925
QHZ-CPZ,30,10:30-11:00,0.0001,1,0,1000,103,10.926
QHZ-CPZ,30,10:30-11:00,0.0005,0,0,10,103,10.929
QHZ-CPZ,30,10:30-11:00,0.0001,0,0,10,103,10.937
QHZ-CPZ,30,11:00-11:30,0.001,0,0,1,24,9.388
QHZ-CPZ,30,11:00-11:30,0.001,0,1,-1,24,9.409
QHZ-CPZ,30,11:00-11:30,0.0001,0,0,-1,24,9.495
QHZ-CPZ,30,11:00-11:30,0.001,0,1,10,24,9.624
QHZ-CPZ,30,11:00-11:30,0.05,0,1,0,24,10.069
QHZ-CPZ,30,11:00-11:30,0.5,0,1,10,24,10.118
QHZ-CPZ,30,11:00-11:30,0.001,-1,0,100,24,10.238
QHZ-CPZ,30,11:00-11:30,0.0001,1,1,100,24,10.268
QHZ-CPZ,30,06:30-07:00,0.0001,0,1,-1,0,13.287
QHZ-CPZ,30,06:30-07:00,0.005,0,0,1,0,13.291
QHZ-CPZ,30,06:30-07:00,0.005,0,0,1,0,13.35
QHZ-CPZ,30,06:30-07:00,0.0001,0,0,10,0,13.365
QHZ-CPZ,30,06:30-07:00,0.01,0,1,1,0,13.386
QHZ-CPZ,30,06:30-07:00,0.0001,0,0,10,0,13.447
QHZ-CPZ,30,06:30-07:00,0.0001,2,1,10,0,14.7
QHZ-CPZ,30,06:30-07:00,0.005,1,1,-1,0,14.818
QHZ-CPZ,30,11:30-12:00,0.0005,0,0,10,30,7.824
QHZ-CPZ,30,11:30-12:00,0.0001,0,0,-1,30,7.901
QHZ-CPZ,30,11:30-12:00,0.005,0,0,0,30,7.935
QHZ-CPZ,30,11:30-12:00,0.005,0,1,-1,30,7.946
QHZ-CPZ,30,11:30-12:00,0.01,0,1,-1,30,8.136
QHZ-CPZ,30,11:30-12:00,0.5,0,0,10,30,8.418
QHZ-CPZ,30,11:30-12:00,0.001,0,1,1,30,8.483
QHZ-CPZ,30,11:30-12:00,0.5,0,1,1,30,9.154
QHZ-CPZ,30,12:00-12:30,0.0005,0,1,100,88,5.256
QHZ-CPZ,30,12:00-12:30,0.0001,0,1,1000,88,5.274
QHZ-CPZ,30,12:00-12:30,0.005,-1,1,100,88,5.608
QHZ-CPZ,30,12:00-12:30,0.01,1,1,100,88,5.722
QHZ-CPZ,30,12:00-12:30,0.01,-1,1,1000,88,5.742
QHZ-CPZ,30,12:00-12:30,0.01,-1,0,1000,88,5.776
QHZ-CPZ,30,12:00-12:30,0.01,2,0,100,88,6.434
QHZ-CPZ,30,12:00-12:30,0.5,0,1,1000,88,6.488
QHZ-CPZ,30,12:30-13:00,0.01,-1,0,100,55,5.272
QHZ-CPZ,30,12:30-13:00,0.01,2,0,100,55,5.72
QHZ-CPZ,30,12:30-13:00,0.1,0,0,1000,55,6.073
QHZ-CPZ,30,12:30-13:00,0.5,0,1,100,55,6.09
QHZ-CPZ,30,12:30-13:00,0.5,0,0,1000,55,6.139
QHZ-CPZ,30,12:30-13:00,0.05,0,1,100,55,6.152
QHZ-CPZ,30,12:30-13:00,0.0005,0,0,10,55,6.478
QHZ-CPZ,30,12:30-13:00,0.0001,0,1,10,55,6.549
QHZ-CPZ,30,13:00-13:30,0.005,0,1,0,101,5.776
QHZ-CPZ,30,13:00-13:30,0.005,0,1,0,101,5.811
QHZ-CPZ,30,13:00-13:30,0.0005,0,1,10,101,5.816
QHZ-CPZ,30,13:00-13:30,0.01,-1,1,1000,101,5.846
QHZ-CPZ,30,13:00-13:30,0.01,-1,0,100,101,5.913
QHZ-CPZ,30,13:00-13:30,0.01,0,0,0,101,5.938
QHZ-CPZ,30,13:00-13:30,0.01,1,0,100,101,5.947
QHZ-CPZ,30,13:00-13:30,0.05,0,0,1000,101,6.161
QHZ-CPZ,30,13:30-14:00,0.001,1,1,1000,38,3.3
QHZ-CPZ,30,13:30-14:00,0.0001,1,1,1000,38,3.31
QHZ-CPZ,30,13:30-14:00,0.005,-1,1,100,38,3.323
QHZ-CPZ,30,13:30-14:00,0.005,2,1,100,38,3.33
QHZ-CPZ,30,13:30-14:00,0.005,2,1,1000,38,3.331
QHZ-CPZ,30,13:30-14:00,0.005,-1,1,1000,38,3.336
QHZ-CPZ,30,13:30-14:00,0.0005,1,1,1000,38,3.342
QHZ-CPZ,30,13:30-14:00,0.01,2,0,1000,38,3.45
QHZ-CPZ,30,14:00-14:30,0.05,0,0,-1,86,4.551
QHZ-CPZ,30,14:00-14:30,0.5,0,1,0,86,4.58
QHZ-CPZ,30,14:00-14:30,0.05,0,1,0,86,4.613
QHZ-CPZ,30,14:00-14:30,0.005,2,0,10,86,4.738
QHZ-CPZ,30,14:00-14:30,0.001,2,0,10,86,4.756
QHZ-CPZ,30,14:00-14:30,0.05,0,0,10,86,4.781
QHZ-CPZ,30,14:00-14:30,0.1,0,1,10,86,4.838
QHZ-CPZ,30,14:00-14:30,0.1,0,0,10,86,4.895
QHZ-CPZ,30,14:30-15:00,0.1,-1,1,1000,7,3.013
QHZ-CPZ,30,14:30-15:00,0.5,2,0,1000,7,3.032
QHZ-CPZ,30,14:30-15:00,0.5,1,1,1000,7,3.046
QHZ-CPZ,30,14:30-15:00,0.1,-1,1,1000,7,3.068
QHZ-CPZ,30,14:30-15:00,0.0001,0,1,100,7,3.104
QHZ-CPZ,30,14:30-15:00,0.001,2,0,100,7,3.105
QHZ-CPZ,30,14:30-15:00,0.005,-1,0,1000,7,3.107
QHZ-CPZ,30,14:30-15:00,0.0005,2,0,100,7,3.111
QHZ-CPZ,30,15:00-15:30,0.0001,0,1,10,92,3.184
QHZ-CPZ,30,15:00-15:30,0.5,0,1,10,92,3.489
QHZ-CPZ,30,15:00-15:30,0.1,0,0,0,92,3.556
QHZ-CPZ,30,15:00-15:30,0.5,0,1,-1,92,3.575
QHZ-CPZ,30,15:00-15:30,0.001,1,0,10,92,3.657
QHZ-CPZ,30,15:00-15:30,0.0001,2,0,10,92,3.748
QHZ-CPZ,30,15:00-15:30,0.0001,-1,1,1,92,3.749
QHZ-CPZ,30,15:00-15:30,0.0005,1,1,10,92,3.75
QHZ-CPZ,30,15:30-16:00,0.05,1,0,1000,150,1.631
QHZ-CPZ,30,15:30-16:00,0.1,0,1,100,150,1.634
QHZ-CPZ,30,15:30-16:00,0.5,0,0,100,150,1.64
QHZ-CPZ,30,15:30-16:00,0.05,2,1,1000,150,1.641
QHZ-CPZ,30,15:30-16:00,0.05,1,0,1000,150,1.647
QHZ-CPZ,30,15:30-16:00,0.05,1,0,100,150,1.653
QHZ-CPZ,30,15:30-16:00,0.5,1,0,1000,150,1.656
QHZ-CPZ,30,15:30-16:00,0.05,3,0,100,150,1.656
QHZ-CPZ,30,16:00-16:30,0.005,0,1,10,52,2.043
QHZ-CPZ,30,16:00-16:30,0.005,0,0,1,52,2.051
QHZ-CPZ,30,16:00-16:30,0.0005,0,0,10,52,2.053
QHZ-CPZ,30,16:00-16:30,0.0001,0,1,1000,52,2.121
QHZ-CPZ,30,16:00-16:30,0.005,0,0,100,52,2.133
QHZ-CPZ,30,16:00-16:30,0.005,0,1,100,52,2.134
QHZ-CPZ,30,16:00-16:30,0.1,0,1,10,52,2.419
QHZ-CPZ,30,16:00-16:30,0.5,0,1,0,52,2.486
QHZ-CPZ,30,07:00-07:30,0.0005,0,1,-1,1.00E+100,13.475
QHZ-CPZ,30,07:00-07:30,0.001,0,0,-1,1.00E+100,13.481
QHZ-CPZ,30,07:00-07:30,0.01,0,1,10,1.00E+100,13.52
QHZ-CPZ,30,07:00-07:30,0.0005,0,1,0,1.00E+100,13.528
QHZ-CPZ,30,07:00-07:30,0.05,0,0,10,1.00E+100,14.438
QHZ-CPZ,30,07:00-07:30,0.5,0,0,10,1.00E+100,14.451
QHZ-CPZ,30,07:00-07:30,0.1,0,0,1,1.00E+100,14.532
QHZ-CPZ,30,07:00-07:30,0.5,0,0,0,1.00E+100,14.554
QHZ-CPZ,30,16:30-17:00,0.0005,0,0,100,1.00E+100,1.401
QHZ-CPZ,30,16:30-17:00,0.0005,0,1,10,1.00E+100,1.587
QHZ-CPZ,30,16:30-17:00,0.001,0,1,10,1.00E+100,1.601
QHZ-CPZ,30,16:30-17:00,0.0001,0,1,10,1.00E+100,1.601
QHZ-CPZ,30,16:30-17:00,0.0005,0,1,1,1.00E+100,1.617
QHZ-CPZ,30,16:30-17:00,0.0001,2,1,100,1.00E+100,1.636
QHZ-CPZ,30,16:30-17:00,0.0005,1,1,100,1.00E+100,1.638
QHZ-CPZ,30,16:30-17:00,0.005,1,1,1000,1.00E+100,1.66
QHZ-CPZ,30,17:00-17:30,0.005,0,0,1000,59,1.185
QHZ-CPZ,30,17:00-17:30,0.001,0,1,10,59,1.362
QHZ-CPZ,30,17:00-17:30,0.0005,1,1,100,59,1.436
QHZ-CPZ,30,17:00-17:30,0.5,0,0,100,59,1.463
QHZ-CPZ,30,17:00-17:30,0.0005,2,1,100,59,1.469
QHZ-CPZ,30,17:00-17:30,0.5,0,1,1000,59,1.499
QHZ-CPZ,30,17:00-17:30,0.01,0,1,10,59,1.513
QHZ-CPZ,30,17:00-17:30,0.01,1,0,100,59,1.563
QHZ-CPZ,30,17:30-18:00,0.0001,0,0,1,70,1.453
QHZ-CPZ,30,17:30-18:00,0.001,2,0,10,70,1.476
QHZ-CPZ,30,17:30-18:00,0.05,0,0,10,70,1.496
QHZ-CPZ,30,17:30-18:00,0.0001,0,1,1,70,1.502
QHZ-CPZ,30,17:30-18:00,0.05,0,0,10,70,1.507
QHZ-CPZ,30,17:30-18:00,0.1,0,0,10,70,1.516
QHZ-CPZ,30,17:30-18:00,0.05,0,1,10,70,1.519
QHZ-CPZ,30,17:30-18:00,0.0005,2,0,100,70,1.635
QHZ-CPZ,30,18:00-18:30,0.005,0,0,1000,48,0.871
QHZ-CPZ,30,18:00-18:30,0.005,-1,1,1000,48,0.956
QHZ-CPZ,30,18:00-18:30,0.0001,2,0,1000,48,0.956
QHZ-CPZ,30,18:00-18:30,0.0001,1,1,100,48,0.963
QHZ-CPZ,30,18:00-18:30,0.0001,1,0,100,48,0.974
QHZ-CPZ,30,18:00-18:30,0.0001,-1,0,100,48,0.98
QHZ-CPZ,30,18:00-18:30,0.005,1,1,100,48,0.981
QHZ-CPZ,30,18:00-18:30,0.001,3,0,100,48,1.107
QHZ-CPZ,30,18:30-19:00,0.001,0,1,1000,38,0.769
QHZ-CPZ,30,18:30-19:00,0.005,2,0,1000,38,0.823
QHZ-CPZ,30,18:30-19:00,0.001,2,0,1000,38,0.842
QHZ-CPZ,30,18:30-19:00,0.0005,2,0,100,38,0.852
QHZ-CPZ,30,18:30-19:00,0.01,0,1,100,38,0.909
QHZ-CPZ,30,18:30-19:00,0.001,-1,1,100,38,0.912
QHZ-CPZ,30,18:30-19:00,0.001,-1,0,100,38,0.915
QHZ-CPZ,30,18:30-19:00,0.001,-1,1,100,38,0.918
QHZ-CPZ,30,19:00-19:30,0.005,0,1,1,84,1.059
QHZ-CPZ,30,19:00-19:30,0.0005,2,0,0,84,1.08
QHZ-CPZ,30,19:00-19:30,0.001,0,1,1,84,1.092
QHZ-CPZ,30,19:00-19:30,0.005,1,0,1,84,1.095
QHZ-CPZ,30,19:00-19:30,0.0005,0,0,-1,84,1.097
QHZ-CPZ,30,19:00-19:30,0.005,0,0,0,84,1.097
QHZ-CPZ,30,19:00-19:30,0.0005,2,1,0,84,1.124
QHZ-CPZ,30,19:00-19:30,0.0001,1,1,1,84,1.138
QHZ-CPZ,30,19:30-20:00,0.001,0,1,100,39,0.564
QHZ-CPZ,30,19:30-20:00,0.005,1,1,100,39,0.568
QHZ-CPZ,30,19:30-20:00,0.005,-1,1,100,39,0.579
QHZ-CPZ,30,19:30-20:00,0.0001,1,0,1000,39,0.581
QHZ-CPZ,30,19:30-20:00,0.005,2,0,100,39,0.583
QHZ-CPZ,30,19:30-20:00,0.005,1,0,100,39,0.584
QHZ-CPZ,30,19:30-20:00,0.001,1,0,1000,39,0.585
QHZ-CPZ,30,19:30-20:00,0.0005,2,1,100,39,0.587
QHZ-CPZ,30,20:00-20:30,0.0001,0,1,100,57,0.507
QHZ-CPZ,30,20:00-20:30,0.001,-1,0,1000,57,0.517
QHZ-CPZ,30,20:00-20:30,0.0005,1,1,1000,57,0.517
QHZ-CPZ,30,20:00-20:30,0.005,1,1,100,57,0.518
QHZ-CPZ,30,20:00-20:30,0.0001,2,0,10,57,0.519
QHZ-CPZ,30,20:00-20:30,0.0005,2,1,1000,57,0.521
QHZ-CPZ,30,20:00-20:30,0.0001,0,0,100,57,0.521
QHZ-CPZ,30,20:00-20:30,0.0005,2,0,100,57,0.529
QHZ-CPZ,30,20:30-21:00,0.0005,0,1,-1,23,0.445
QHZ-CPZ,30,20:30-21:00,0.001,0,1,1000,23,0.449
QHZ-CPZ,30,20:30-21:00,0.0005,2,1,0,23,0.45
QHZ-CPZ,30,20:30-21:00,0.0001,-1,1,-1,23,0.453
QHZ-CPZ,30,20:30-21:00,0.0001,2,0,-1,23,0.454
QHZ-CPZ,30,20:30-21:00,0.0001,-1,1,-1,23,0.455
QHZ-CPZ,30,20:30-21:00,0.001,0,0,1,23,0.456
QHZ-CPZ,30,20:30-21:00,0.0005,0,0,1000,23,0.456
QHZ-CPZ,30,21:00-21:30,0.001,1,0,10,25,0.407
QHZ-CPZ,30,21:00-21:30,0.001,1,1,100,25,0.408
QHZ-CPZ,30,21:00-21:30,0.001,2,0,1000,25,0.41
QHZ-CPZ,30,21:00-21:30,0.005,2,0,1000,25,0.412
QHZ-CPZ,30,21:00-21:30,0.001,2,0,1000,25,0.412
QHZ-CPZ,30,21:00-21:30,0.0001,-1,0,100,25,0.413
QHZ-CPZ,30,21:00-21:30,0.0001,1,0,10,25,0.414
QHZ-CPZ,30,21:00-21:30,0.0005,3,1,100,25,0.416
QHZ-CPZ,30,07:30-08:00,0.005,0,0,-1,38,16.46
QHZ-CPZ,30,07:30-08:00,0.0001,0,0,0,38,16.728
QHZ-CPZ,30,07:30-08:00,0.0001,0,0,1,38,19.06
QHZ-CPZ,30,07:30-08:00,0.001,1,1,-1,38,19.174
QHZ-CPZ,30,07:30-08:00,0.0005,2,1,-1,38,19.21
QHZ-CPZ,30,07:30-08:00,0.005,2,0,-1,38,19.264
QHZ-CPZ,30,07:30-08:00,0.0001,1,1,10,38,19.327
QHZ-CPZ,30,07:30-08:00,0.0005,1,1,10,38,19.35
QHZ-CPZ,30,21:30-22:00,0.0005,1,0,100,30,0.391
QHZ-CPZ,30,21:30-22:00,0.0001,-1,0,100,30,0.392
QHZ-CPZ,30,21:30-22:00,0.0005,-1,0,1000,30,0.393
QHZ-CPZ,30,21:30-22:00,0.001,2,1,1,30,0.394
QHZ-CPZ,30,21:30-22:00,0.0005,2,0,1000,30,0.394
QHZ-CPZ,30,21:30-22:00,0.005,-1,0,10,30,0.395
QHZ-CPZ,30,21:30-22:00,0.0005,-1,0,100,30,0.395
QHZ-CPZ,30,21:30-22:00,0.005,2,3,0,30,0.395
QHZ-CPZ,30,22:00-22:30,0.005,2,1,1,89,0.373
QHZ-CPZ,30,22:00-22:30,0.001,-1,1,1,89,0.374
QHZ-CPZ,30,22:00-22:30,0.005,3,0,1,89,0.376
QHZ-CPZ,30,22:00-22:30,0.005,0,0,1000,89,0.377
QHZ-CPZ,30,22:00-22:30,0.001,2,0,1,89,0.379
QHZ-CPZ,30,22:00-22:30,0.0001,3,1,10,89,0.381
QHZ-CPZ,30,22:00-22:30,0.0005,-1,1,1000,89,0.383
QHZ-CPZ,30,22:00-22:30,0.0005,0,0,1,89,0.384
XHB-ZJK,30,06:00-06:30,0.0005,0,1,0,0,13.461
XHB-ZJK,30,06:00-06:30,0.01,0,1,-1,0,13.601
XHB-ZJK,30,06:00-06:30,0.05,0,0,1,0,14.26
XHB-ZJK,30,06:00-06:30,0.5,0,0,0,0,14.274
XHB-ZJK,30,06:00-06:30,0.0001,2,1,10,0,14.649
XHB-ZJK,30,06:00-06:30,0.005,2,1,10,0,14.713
XHB-ZJK,30,06:00-06:30,0.0001,1,0,10,0,14.74
XHB-ZJK,30,06:00-06:30,0.01,2,0,10,0,14.751
XHB-ZJK,30,08:00-08:30,0.0001,0,0,1,33,13.172
XHB-ZJK,30,08:00-08:30,0.0001,0,0,1,33,13.173
XHB-ZJK,30,08:00-08:30,0.01,0,0,10,33,13.296
XHB-ZJK,30,08:00-08:30,0.01,0,1,0,33,13.353
XHB-ZJK,30,08:00-08:30,0.001,0,1,1,33,13.373
XHB-ZJK,30,08:00-08:30,0.5,0,1,-1,33,14.143
XHB-ZJK,30,08:00-08:30,0.0001,-1,1,10,33,15.035
XHB-ZJK,30,08:00-08:30,0.5,1,1,1,33,16.328
XHB-ZJK,30,08:30-09:00,0.0001,0,1,10,43,16.037
XHB-ZJK,30,08:30-09:00,0.005,0,0,10,43,16.089
XHB-ZJK,30,08:30-09:00,0.001,0,0,1,43,17.493
XHB-ZJK,30,08:30-09:00,0.01,0,1,1,43,17.543
XHB-ZJK,30,08:30-09:00,0.5,0,0,-1,43,18.897
XHB-ZJK,30,08:30-09:00,0.0005,-1,0,1,43,19.467
XHB-ZJK,30,08:30-09:00,0.005,-1,0,1,43,19.482
XHB-ZJK,30,08:30-09:00,0.001,2,1,1,43,20.041
XHB-ZJK,30,09:00-09:30,0.0005,0,0,1,78,13.369
XHB-ZJK,30,09:00-09:30,0.0001,1,1,100,78,13.444
XHB-ZJK,30,09:00-09:30,0.01,0,0,1,78,13.445
XHB-ZJK,30,09:00-09:30,0.01,0,1,1,78,13.456
XHB-ZJK,30,09:00-09:30,0.0005,0,0,1,78,13.529
XHB-ZJK,30,09:00-09:30,0.0005,0,1,1,78,13.534
XHB-ZJK,30,09:00-09:30,0.005,0,0,-1,78,13.612
XHB-ZJK,30,09:00-09:30,0.001,0,1,10,78,13.698
XHB-ZJK,30,09:30-10:00,0.5,0,1,10,38,13.02
XHB-ZJK,30,09:30-10:00,0.01,0,1,-1,38,13.313
XHB-ZJK,30,09:30-10:00,0.0005,0,0,10,38,13.427
XHB-ZJK,30,09:30-10:00,0.01,0,1,10,38,13.438
XHB-ZJK,30,09:30-10:00,0.01,1,0,1000,38,15.115
XHB-ZJK,30,09:30-10:00,0.01,2,1,100,38,15.133
XHB-ZJK,30,09:30-10:00,0.0005,1,1,100,38,16.091
XHB-ZJK,30,09:30-10:00,0.0001,1,1,1000,38,16.098
XHB-ZJK,30,10:00-10:30,0.0001,-1,0,100,62,10.432
XHB-ZJK,30,10:00-10:30,0.0001,-1,1,1000,62,10.442
XHB-ZJK,30,10:00-10:30,0.0005,-1,0,100,62,10.464
XHB-ZJK,30,10:00-10:30,0.0005,-1,0,1000,62,10.523
XHB-ZJK,30,10:00-10:30,0.005,1,1,100,62,10.531
XHB-ZJK,30,10:00-10:30,0.01,-1,0,100,62,10.652
XHB-ZJK,30,10:00-10:30,0.0005,2,0,100,62,10.986
XHB-ZJK,30,10:00-10:30,0.0005,2,1,1000,62,11.02
XHB-ZJK,30,10:30-11:00,0.5,1,3,1000,20,9.965
XHB-ZJK,30,10:30-11:00,0.1,2,3,100,20,10.02
XHB-ZJK,30,10:30-11:00,0.5,2,3,1000,20,10.025
XHB-ZJK,30,10:30-11:00,0.5,1,2,100,20,10.05
XHB-ZJK,30,10:30-11:00,0.1,1,3,1000,20,10.072
XHB-ZJK,30,10:30-11:00,0.1,2,2,100,20,10.073
XHB-ZJK,30,10:30-11:00,0.5,2,2,1000,20,10.1
XHB-ZJK,30,10:30-11:00,0.05,-1,2,1000,20,10.104
XHB-ZJK,30,11:00-11:30,0.0001,0,1,10,108,11.752
XHB-ZJK,30,11:00-11:30,0.001,0,1,100,108,11.79
XHB-ZJK,30,11:00-11:30,0.0001,0,1,1000,108,11.81
XHB-ZJK,30,11:00-11:30,0.01,0,1,10,108,11.979
XHB-ZJK,30,11:00-11:30,0.0005,0,1,0,108,11.99
XHB-ZJK,30,11:00-11:30,0.0005,0,1,-1,108,12.056
XHB-ZJK,30,11:00-11:30,0.0001,0,0,-1,108,12.312
XHB-ZJK,30,11:00-11:30,0.5,0,0,10,108,12.366
XHB-ZJK,30,06:30-07:00,0.0001,0,1,-1,6,13.53
XHB-ZJK,30,06:30-07:00,0.01,0,1,0,6,13.575
XHB-ZJK,30,06:30-07:00,0.001,0,0,10,6,13.599
XHB-ZJK,30,06:30-07:00,0.1,0,0,10,6,14.73
XHB-ZJK,30,06:30-07:00,0.0005,-1,0,10,6,14.982
XHB-ZJK,30,06:30-07:00,0.0005,2,1,100,6,15.057
XHB-ZJK,30,06:30-07:00,0.0001,2,0,100,6,15.091
XHB-ZJK,30,06:30-07:00,0.005,2,1,1000,6,15.099
XHB-ZJK,30,11:30-12:00,0.005,0,1,10,98,10.123
XHB-ZJK,30,11:30-12:00,0.0005,0,1,0,98,10.588
XHB-ZJK,30,11:30-12:00,0.0001,0,0,1,98,10.726
XHB-ZJK,30,11:30-12:00,0.0001,0,0,-1,98,10.761
XHB-ZJK,30,11:30-12:00,0.01,0,1,0,98,10.821
XHB-ZJK,30,11:30-12:00,0.05,0,1,1,98,11.199
XHB-ZJK,30,11:30-12:00,0.1,0,1,-1,98,11.206
XHB-ZJK,30,11:30-12:00,0.05,0,1,1000,98,12.058
XHB-ZJK,30,12:00-12:30,0.01,0,0,1000,75,5.407
XHB-ZJK,30,12:00-12:30,0.01,0,1,100,75,5.415
XHB-ZJK,30,12:00-12:30,0.001,0,0,100,75,5.955
XHB-ZJK,30,12:00-12:30,0.01,2,1,100,75,6.316
XHB-ZJK,30,12:00-12:30,0.01,2,0,1000,75,6.327
XHB-ZJK,30,12:00-12:30,0.0001,0,1,-1,75,7.084
XHB-ZJK,30,12:00-12:30,0.005,0,0,10,75,7.103
XHB-ZJK,30,12:00-12:30,0.01,0,0,-1,75,7.208
XHB-ZJK,30,12:30-13:00,0.001,0,1,1000,36,3.774
XHB-ZJK,30,12:30-13:00,0.0005,0,0,1000,36,3.802
XHB-ZJK,30,12:30-13:00,0.0005,-1,0,1000,36,3.839
XHB-ZJK,30,12:30-13:00,0.0005,2,1,1000,36,3.852
XHB-ZJK,30,12:30-13:00,0.0001,2,1,100,36,3.858
XHB-ZJK,30,12:30-13:00,0.001,0,1,100,36,3.867
XHB-ZJK,30,12:30-13:00,0.0005,1,0,100,36,3.878
XHB-ZJK,30,12:30-13:00,0.005,2,0,100,36,3.879
XHB-ZJK,30,13:00-13:30,0.001,0,0,100,541,3.339
XHB-ZJK,30,13:00-13:30,0.0005,-1,0,1000,541,3.358
XHB-ZJK,30,13:00-13:30,0.005,2,0,1000,541,3.363
XHB-ZJK,30,13:00-13:30,0.005,0,1,100,541,3.367
XHB-ZJK,30,13:00-13:30,0.0005,1,0,100,541,3.374
XHB-ZJK,30,13:00-13:30,0.01,0,1,100,541,3.486
XHB-ZJK,30,13:00-13:30,0.01,2,1,100,541,3.517
XHB-ZJK,30,13:00-13:30,0.0005,3,0,100,541,3.891
XHB-ZJK,30,13:30-14:00,0.0005,1,1,100,46,3.092
XHB-ZJK,30,13:30-14:00,0.005,-1,1,1000,46,3.097
XHB-ZJK,30,13:30-14:00,0.001,-1,0,1000,46,3.099
XHB-ZJK,30,13:30-14:00,0.001,-1,0,100,46,3.108
XHB-ZJK,30,13:30-14:00,0.0005,0,0,1000,46,3.118
XHB-ZJK,30,13:30-14:00,0.0005,2,1,100,46,3.123
XHB-ZJK,30,13:30-14:00,0.005,2,0,100,46,3.129
XHB-ZJK,30,13:30-14:00,0.0001,-1,1,1000,46,3.129
XHB-ZJK,30,14:00-14:30,0.001,0,0,10,79,3.964
XHB-ZJK,30,14:00-14:30,0.0005,0,0,1000,79,4.121
XHB-ZJK,30,14:00-14:30,0.005,0,1,1000,79,4.158
XHB-ZJK,30,14:00-14:30,0.05,0,1,1,79,4.392
XHB-ZJK,30,14:00-14:30,0.1,0,0,-1,79,4.409
XHB-ZJK,30,14:00-14:30,0.5,0,1,1,79,4.421
XHB-ZJK,30,14:00-14:30,0.5,0,1,-1,79,4.444
XHB-ZJK,30,14:00-14:30,0.05,0,0,1,79,4.457
XHB-ZJK,30,14:30-15:00,0.0005,2,1,100,83,2.594
XHB-ZJK,30,14:30-15:00,0.001,0,1,100,83,2.595
XHB-ZJK,30,14:30-15:00,0.0005,2,1,100,83,2.597
XHB-ZJK,30,14:30-15:00,0.001,2,1,100,83,2.597
XHB-ZJK,30,14:30-15:00,0.005,0,0,100,83,2.606
XHB-ZJK,30,14:30-15:00,0.0005,-1,0,100,83,2.623
XHB-ZJK,30,14:30-15:00,0.001,-1,1,1000,83,2.626
XHB-ZJK,30,14:30-15:00,0.001,-1,0,1000,83,2.651
XHB-ZJK,30,15:00-15:30,0.001,1,0,1000,75,2.984
XHB-ZJK,30,15:00-15:30,0.0001,-1,1,100,75,2.995
XHB-ZJK,30,15:00-15:30,0.0001,-1,1,100,75,3.005
XHB-ZJK,30,15:00-15:30,0.01,1,0,100,75,3.192
XHB-ZJK,30,15:00-15:30,0.0005,0,0,1000,75,3.317
XHB-ZJK,30,15:00-15:30,0.0005,0,1,100,75,3.368
XHB-ZJK,30,15:00-15:30,0.0005,0,1,1000,75,3.466
XHB-ZJK,30,15:00-15:30,0.05,0,1,100,75,3.627
XHB-ZJK,30,15:30-16:00,0.001,2,0,1000,66,1.941
XHB-ZJK,30,15:30-16:00,0.0001,2,0,100,66,1.942
XHB-ZJK,30,15:30-16:00,0.0001,2,1,100,66,1.952
XHB-ZJK,30,15:30-16:00,0.0005,2,1,100,66,1.957
XHB-ZJK,30,15:30-16:00,0.01,2,1,100,66,2.063
XHB-ZJK,30,15:30-16:00,0.001,0,0,1000,66,2.069
XHB-ZJK,30,15:30-16:00,0.01,2,0,100,66,2.105
XHB-ZJK,30,15:30-16:00,0.0001,1,0,100,66,2.162
XHB-ZJK,30,16:00-16:30,0.001,0,0,0,20,1.821
XHB-ZJK,30,16:00-16:30,0.0001,0,1,1,20,1.851
XHB-ZJK,30,16:00-16:30,0.001,0,1,0,20,1.858
XHB-ZJK,30,16:00-16:30,0.0005,0,0,10,20,1.862
XHB-ZJK,30,16:00-16:30,0.0001,0,1,-1,20,1.869
XHB-ZJK,30,16:00-16:30,0.001,0,0,0,20,1.887
XHB-ZJK,30,16:00-16:30,0.005,0,1,-1,20,1.892
XHB-ZJK,30,16:00-16:30,0.01,0,0,-1,20,1.996
XHB-ZJK,30,07:00-07:30,0.0005,0,0,10,3,13.997
XHB-ZJK,30,07:00-07:30,0.0005,0,1,10,3,14.062
XHB-ZJK,30,07:00-07:30,0.0001,0,0,0,3,14.078
XHB-ZJK,30,07:00-07:30,0.0001,0,0,-1,3,14.084
XHB-ZJK,30,07:00-07:30,0.0001,-1,1,100,3,14.756
XHB-ZJK,30,07:00-07:30,0.001,-1,0,100,3,14.799
XHB-ZJK,30,07:00-07:30,0.005,0,1,100,3,14.804
XHB-ZJK,30,07:00-07:30,0.0001,-1,0,1000,3,14.835
XHB-ZJK,30,16:30-17:00,0.0005,0,0,10,33,1.683
XHB-ZJK,30,16:30-17:00,0.005,0,0,10,33,1.708
XHB-ZJK,30,16:30-17:00,0.05,0,1,1000,33,1.714
XHB-ZJK,30,16:30-17:00,0.5,0,0,100,33,1.719
XHB-ZJK,30,16:30-17:00,0.05,0,1,100,33,1.737
XHB-ZJK,30,16:30-17:00,0.005,2,1,100,33,1.797
XHB-ZJK,30,16:30-17:00,0.0005,0,1,0,33,1.849
XHB-ZJK,30,16:30-17:00,0.001,1,0,100,33,1.916
XHB-ZJK,30,17:00-17:30,0.005,0,0,100,1.00E+100,1.21
XHB-ZJK,30,17:00-17:30,0.005,0,0,10,1.00E+100,1.46
XHB-ZJK,30,17:00-17:30,0.0001,-1,1,1000,1.00E+100,1.465
XHB-ZJK,30,17:00-17:30,0.0005,-1,0,100,1.00E+100,1.467
XHB-ZJK,30,17:00-17:30,0.0001,2,1,1000,1.00E+100,1.486
XHB-ZJK,30,17:00-17:30,0.005,1,0,1000,1.00E+100,1.491
XHB-ZJK,30,17:00-17:30,0.0005,-1,0,1000,1.00E+100,1.494
XHB-ZJK,30,17:00-17:30,0.05,0,1,1000,1.00E+100,1.529
XHB-ZJK,30,17:30-18:00,0.001,-1,1,100,11,1.187
XHB-ZJK,30,17:30-18:00,0.1,0,1,1000,11,1.264
XHB-ZJK,30,17:30-18:00,0.005,3,0,100,11,1.295
XHB-ZJK,30,17:30-18:00,0.01,2,0,100,11,1.308
XHB-ZJK,30,17:30-18:00,0.01,2,0,1000,11,1.316
XHB-ZJK,30,17:30-18:00,0.005,3,0,1000,11,1.316
XHB-ZJK,30,17:30-18:00,0.5,1,0,1000,11,1.443
XHB-ZJK,30,17:30-18:00,0.1,2,1,1000,11,1.456
XHB-ZJK,30,18:00-18:30,0.005,0,0,1000,18,0.83
XHB-ZJK,30,18:00-18:30,0.0001,0,0,1000,18,0.847
XHB-ZJK,30,18:00-18:30,0.0005,1,1,1000,18,0.961
XHB-ZJK,30,18:00-18:30,0.001,2,0,1000,18,0.981
XHB-ZJK,30,18:00-18:30,0.0005,2,1,100,18,0.993
XHB-ZJK,30,18:00-18:30,0.0005,0,1,10,18,1.004
XHB-ZJK,30,18:00-18:30,0.01,0,0,100,18,1.016
XHB-ZJK,30,18:00-18:30,0.001,2,0,1000,18,1.017
XHB-ZJK,30,18:30-19:00,0.0001,0,1,1000,44,0.881
XHB-ZJK,30,18:30-19:00,0.0001,0,1,100,44,0.898
XHB-ZJK,30,18:30-19:00,0.001,0,0,1000,44,0.914
XHB-ZJK,30,18:30-19:00,0.005,0,0,1000,44,0.925
XHB-ZJK,30,18:30-19:00,0.005,-1,0,100,44,0.995
XHB-ZJK,30,18:30-19:00,0.001,1,0,1000,44,1.009
XHB-ZJK,30,18:30-19:00,0.001,-1,0,100,44,1.01
XHB-ZJK,30,18:30-19:00,0.0001,2,1,10,44,1.076
XHB-ZJK,30,19:00-19:30,0.005,2,0,100,86,0.755
XHB-ZJK,30,19:00-19:30,0.001,2,1,10,86,0.765
XHB-ZJK,30,19:00-19:30,0.0001,2,0,100,86,0.768
XHB-ZJK,30,19:00-19:30,0.001,0,0,1000,86,0.801
XHB-ZJK,30,19:00-19:30,0.0001,0,0,1000,86,0.825
XHB-ZJK,30,19:00-19:30,0.005,-1,0,10,86,0.878
XHB-ZJK,30,19:00-19:30,0.001,1,0,100,86,0.894
XHB-ZJK,30,19:00-19:30,0.005,1,1,100,86,0.902
XHB-ZJK,30,19:30-20:00,0.0001,0,1,1000,54,0.555
XHB-ZJK,30,19:30-20:00,0.0001,0,1,1000,54,0.57
XHB-ZJK,30,19:30-20:00,0.0005,2,1,100,54,0.587
XHB-ZJK,30,19:30-20:00,0.0005,-1,0,1000,54,0.588
XHB-ZJK,30,19:30-20:00,0.001,2,1,10,54,0.598
XHB-ZJK,30,19:30-20:00,0.0005,-1,1,1000,54,0.599
XHB-ZJK,30,19:30-20:00,0.005,1,1,1000,54,0.599
XHB-ZJK,30,19:30-20:00,0.001,-1,1,10,54,0.606
XHB-ZJK,30,20:00-20:30,0.001,0,0,1000,80,0.493
XHB-ZJK,30,20:00-20:30,0.0005,2,0,10,80,0.506
XHB-ZJK,30,20:00-20:30,0.0001,2,0,1000,80,0.508
XHB-ZJK,30,20:00-20:30,0.0001,1,0,10,80,0.515
XHB-ZJK,30,20:00-20:30,0.005,1,0,100,80,0.516
XHB-ZJK,30,20:00-20:30,0.005,2,1,100,80,0.523
XHB-ZJK,30,20:00-20:30,0.005,1,1,10,80,0.523
XHB-ZJK,30,20:00-20:30,0.001,2,0,10,80,0.526
XHB-ZJK,30,20:30-21:00,0.0001,0,1,100,31,0.451
XHB-ZJK,30,20:30-21:00,0.0001,-1,0,0,31,0.452
XHB-ZJK,30,20:30-21:00,0.005,-1,1,0,31,0.453
XHB-ZJK,30,20:30-21:00,0.001,3,0,0,31,0.459
XHB-ZJK,30,20:30-21:00,0.0001,-1,0,10,31,0.46
XHB-ZJK,30,20:30-21:00,0.0005,0,1,1,31,0.462
XHB-ZJK,30,20:30-21:00,0.0005,2,0,10,31,0.462
XHB-ZJK,30,20:30-21:00,0.005,1,0,1000,31,0.463
XHB-ZJK,30,21:00-21:30,0.0005,1,0,-1,67,0.477
XHB-ZJK,30,21:00-21:30,0.0005,2,0,0,67,0.478
XHB-ZJK,30,21:00-21:30,0.0005,1,1,-1,67,0.486
XHB-ZJK,30,21:00-21:30,0.0001,2,1,0,67,0.489
XHB-ZJK,30,21:00-21:30,0.005,2,1,0,67,0.492
XHB-ZJK,30,21:00-21:30,0.001,2,2,0,67,0.493
XHB-ZJK,30,21:00-21:30,0.005,2,1,0,67,0.498
XHB-ZJK,30,21:00-21:30,0.0001,3,0,-1,67,0.502
XHB-ZJK,30,07:30-08:00,0.1,2,2,1000,9,13.982
XHB-ZJK,30,07:30-08:00,0.05,1,3,100,9,15.113
XHB-ZJK,30,07:30-08:00,0.1,3,2,100,9,16.073
XHB-ZJK,30,07:30-08:00,0.5,3,3,100,9,16.113
XHB-ZJK,30,07:30-08:00,0.1,-1,3,100,9,16.136
XHB-ZJK,30,07:30-08:00,0.5,3,3,100,9,16.153
XHB-ZJK,30,07:30-08:00,0.0001,0,1,-1,9,16.493
XHB-ZJK,30,07:30-08:00,0.0001,0,1,-1,9,16.55
XHB-ZJK,30,21:30-22:00,0.0001,2,0,100,72,0.403
XHB-ZJK,30,21:30-22:00,0.0005,-1,1,1,72,0.404
XHB-ZJK,30,21:30-22:00,0.001,2,3,0,72,0.404
XHB-ZJK,30,21:30-22:00,0.001,-1,0,1,72,0.405
XHB-ZJK,30,21:30-22:00,0.0001,1,0,1000,72,0.406
XHB-ZJK,30,21:30-22:00,0.001,-1,2,1,72,0.407
XHB-ZJK,30,21:30-22:00,0.001,2,0,100,72,0.407
XHB-ZJK,30,21:30-22:00,0.0005,2,1,1,72,0.407
XHB-ZJK,30,22:00-22:30,0.005,0,0,100,0,0.374
XHB-ZJK,30,22:00-22:30,0.001,2,1,1000,0,0.376
XHB-ZJK,30,22:00-22:30,0.0001,1,0,100,0,0.377
XHB-ZJK,30,22:00-22:30,0.001,1,0,1000,0,0.378
XHB-ZJK,30,22:00-22:30,0.0001,-1,1,1000,0,0.378
XHB-ZJK,30,22:00-22:30,0.001,-1,0,1000,0,0.378
XHB-ZJK,30,22:00-22:30,0.0005,3,0,1000,0,0.378
XHB-ZJK,30,22:00-22:30,0.0005,2,3,100,0,0.38
XHY-XHB,30,06:00-06:30,0.0005,0,0,-1,0,13.486
XHY-XHB,30,06:00-06:30,0.5,0,1,1,0,14.019
XHY-XHB,30,06:00-06:30,0.1,0,0,0,0,14.071
XHY-XHB,30,06:00-06:30,0.05,0,0,1,0,14.186
XHY-XHB,30,06:00-06:30,0.5,0,0,0,0,14.338
XHY-XHB,30,06:00-06:30,0.005,2,0,0,0,14.709
XHY-XHB,30,06:00-06:30,0.0005,-1,1,10,0,14.733
XHY-XHB,30,06:00-06:30,0.005,1,1,10,0,14.757
XHY-XHB,30,08:00-08:30,0.0005,0,0,-1,32,13.307
XHY-XHB,30,08:00-08:30,0.0001,0,1,1,32,13.313
XHY-XHB,30,08:00-08:30,0.001,0,1,1,32,13.328
XHY-XHB,30,08:00-08:30,0.005,0,1,0,32,13.336
XHY-XHB,30,08:00-08:30,0.01,0,1,-1,32,13.381
XHY-XHB,30,08:00-08:30,0.01,0,0,0,32,13.4
XHY-XHB,30,08:00-08:30,0.01,0,1,-1,32,13.608
XHY-XHB,30,08:00-08:30,0.5,0,0,1,32,14.244
XHY-XHB,30,08:30-09:00,0.0005,0,0,-1,29,14.751
XHY-XHB,30,08:30-09:00,0.0005,0,1,1,29,14.763
XHY-XHB,30,08:30-09:00,0.005,0,1,-1,29,14.781
XHY-XHB,30,08:30-09:00,0.001,0,0,-1,29,14.838
XHY-XHB,30,08:30-09:00,0.01,0,1,-1,29,14.903
XHY-XHB,30,08:30-09:00,0.1,0,0,-1,29,15.399
XHY-XHB,30,08:30-09:00,0.1,0,1,0,29,15.471
XHY-XHB,30,08:30-09:00,0.01,2,0,1000,29,17.074
XHY-XHB,30,09:00-09:30,0.0001,0,1,1000,42,12.704
XHY-XHB,30,09:00-09:30,0.0005,0,0,1000,42,12.715
XHY-XHB,30,09:00-09:30,0.0001,1,0,1000,42,13.141
XHY-XHB,30,09:00-09:30,0.001,-1,0,100,42,13.166
XHY-XHB,30,09:00-09:30,0.0005,1,1,100,42,13.187
XHY-XHB,30,09:00-09:30,0.0005,-1,1,100,42,13.2
XHY-XHB,30,09:00-09:30,0.005,-1,0,100,42,13.217
XHY-XHB,30,09:00-09:30,0.005,-1,1,1000,42,13.219
XHY-XHB,30,09:30-10:00,0.005,0,0,1,41,12.515
XHY-XHB,30,09:30-10:00,0.01,0,0,10,41,12.602
XHY-XHB,30,09:30-10:00,0.005,0,1,10,41,12.611
XHY-XHB,30,09:30-10:00,0.0005,0,1,-1,41,12.743
XHY-XHB,30,09:30-10:00,0.01,0,1,0,41,12.753
XHY-XHB,30,09:30-10:00,0.0005,0,1,10,41,12.808
XHY-XHB,30,09:30-10:00,0.0001,0,1,0,41,12.858
XHY-XHB,30,09:30-10:00,0.5,0,0,-1,41,13.343
XHY-XHB,30,10:00-10:30,0.0005,-1,0,1000,35,9.707
XHY-XHB,30,10:00-10:30,0.0005,0,1,1000,35,9.732
XHY-XHB,30,10:00-10:30,0.005,2,0,100,35,9.765
XHY-XHB,30,10:00-10:30,0.001,-1,1,1000,35,9.772
XHY-XHB,30,10:00-10:30,0.0001,-1,1,100,35,9.799
XHY-XHB,30,10:00-10:30,0.01,-1,1,1000,35,9.806
XHY-XHB,30,10:00-10:30,0.01,0,0,100,35,10.017
XHY-XHB,30,10:00-10:30,0.0005,-1,1,100,35,10.177
XHY-XHB,30,10:30-11:00,0.0005,0,1,10,247,10.715
XHY-XHB,30,10:30-11:00,0.005,0,1,10,247,10.748
XHY-XHB,30,10:30-11:00,0.1,0,3,1000,247,10.81
XHY-XHB,30,10:30-11:00,0.05,1,2,100,247,10.826
XHY-XHB,30,10:30-11:00,0.5,2,2,1000,247,11.038
XHY-XHB,30,10:30-11:00,0.0005,0,1,-1,247,11.115
XHY-XHB,30,10:30-11:00,0.5,0,1,10,247,11.383
XHY-XHB,30,10:30-11:00,0.5,0,1,10,247,11.397
XHY-XHB,30,11:00-11:30,0.0001,0,0,100,74,8.827
XHY-XHB,30,11:00-11:30,0.0005,0,1,1000,74,8.833
XHY-XHB,30,11:00-11:30,0.005,0,0,1000,74,8.918
XHY-XHB,30,11:00-11:30,0.0005,1,0,100,74,9.198
XHY-XHB,30,11:00-11:30,0.0005,-1,0,1000,74,9.229
XHY-XHB,30,11:00-11:30,0.0001,1,0,100,74,9.237
XHY-XHB,30,11:00-11:30,0.001,-1,1,100,74,9.27
XHY-XHB,30,11:00-11:30,0.01,-1,1,1000,74,9.372
XHY-XHB,30,06:30-07:00,0.0001,0,0,0,12,13.896
XHY-XHB,30,06:30-07:00,0.0001,0,0,0,12,13.962
XHY-XHB,30,06:30-07:00,0.005,0,1,-1,12,14.008
XHY-XHB,30,06:30-07:00,0.01,0,1,-1,12,14.016
XHY-XHB,30,06:30-07:00,0.01,0,1,1,12,14.049
XHY-XHB,30,06:30-07:00,0.0001,0,1,10,12,14.073
XHY-XHB,30,06:30-07:00,0.1,0,0,0,12,14.724
XHY-XHB,30,06:30-07:00,0.05,0,1,-1,12,14.754
XHY-XHB,30,11:30-12:00,0.0001,0,1,-1,118,11.023
XHY-XHB,30,11:30-12:00,0.001,0,0,-1,118,11.046
XHY-XHB,30,11:30-12:00,0.01,0,1,-1,118,11.071
XHY-XHB,30,11:30-12:00,0.01,0,0,0,118,11.209
XHY-XHB,30,11:30-12:00,0.0005,0,0,1,118,11.345
XHY-XHB,30,11:30-12:00,0.1,0,0,1,118,13.835
XHY-XHB,30,11:30-12:00,0.05,0,1,100,118,14.591
XHY-XHB,30,11:30-12:00,0.05,-1,0,-1,118,15.04
XHY-XHB,30,12:00-12:30,0.01,2,1,100,59,4.588
XHY-XHB,30,12:00-12:30,0.01,2,1,1000,59,4.644
XHY-XHB,30,12:00-12:30,0.01,1,1,1000,59,4.663
XHY-XHB,30,12:00-12:30,0.0001,0,0,1000,59,4.844
XHY-XHB,30,12:00-12:30,0.0001,0,1,100,59,4.933
XHY-XHB,30,12:00-12:30,0.005,0,1,1000,59,4.956
XHY-XHB,30,12:00-12:30,0.005,-1,1,1000,59,5.105
XHY-XHB,30,12:00-12:30,0.005,-1,1,1000,59,5.148
XHY-XHB,30,12:30-13:00,0.0001,0,0,100,74,4.106
XHY-XHB,30,12:30-13:00,0.0005,0,1,100,74,4.15
XHY-XHB,30,12:30-13:00,0.001,0,1,100,74,4.167
XHY-XHB,30,12:30-13:00,0.001,1,0,100,74,4.291
XHY-XHB,30,12:30-13:00,0.01,0,1,100,74,4.341
XHY-XHB,30,12:30-13:00,0.0001,1,0,100,74,4.345
XHY-XHB,30,12:30-13:00,0.005,1,0,1000,74,4.44
XHY-XHB,30,12:30-13:00,0.001,2,0,1000,74,4.664
XHY-XHB,30,13:00-13:30,0.005,1,0,100,25,3.372
XHY-XHB,30,13:00-13:30,0.001,1,1,100,25,3.38
XHY-XHB,30,13:00-13:30,0.0001,-1,1,1000,25,3.389
XHY-XHB,30,13:00-13:30,0.005,1,1,1000,25,3.396
XHY-XHB,30,13:00-13:30,0.001,1,0,1000,25,3.401
XHY-XHB,30,13:00-13:30,0.0005,2,1,1000,25,3.419
XHY-XHB,30,13:00-13:30,0.0005,0,1,1000,25,3.426
XHY-XHB,30,13:00-13:30,0.005,-1,1,1000,25,3.463
XHY-XHB,30,13:30-14:00,0.001,-1,1,100,69,3.836
XHY-XHB,30,13:30-14:00,0.0001,-1,1,1000,69,3.838
XHY-XHB,30,13:30-14:00,0.0005,1,0,100,69,3.846
XHY-XHB,30,13:30-14:00,0.0001,-1,0,1000,69,3.861
XHY-XHB,30,13:30-14:00,0.001,1,1,1000,69,3.863
XHY-XHB,30,13:30-14:00,0.005,-1,1,1000,69,3.866
XHY-XHB,30,13:30-14:00,0.005,-1,1,1000,69,3.875
XHY-XHB,30,13:30-14:00,0.005,-1,0,1000,69,3.887
XHY-XHB,30,14:00-14:30,0.0001,0,1,1000,47,3.918
XHY-XHB,30,14:00-14:30,0.0005,0,1,10,47,4.006
XHY-XHB,30,14:00-14:30,0.01,0,1,1,47,4.134
XHY-XHB,30,14:00-14:30,0.01,0,1,100,47,4.134
XHY-XHB,30,14:00-14:30,0.005,0,0,-1,47,4.143
XHY-XHB,30,14:00-14:30,0.05,0,1,10,47,4.299
XHY-XHB,30,14:00-14:30,0.5,0,0,10,47,4.343
XHY-XHB,30,14:00-14:30,0.1,0,1,0,47,4.415
XHY-XHB,30,14:30-15:00,0.0005,0,1,0,84,4.08
XHY-XHB,30,14:30-15:00,0.001,0,0,10,84,4.081
XHY-XHB,30,14:30-15:00,0.0005,0,1,1,84,4.096
XHY-XHB,30,14:30-15:00,0.0001,0,0,1,84,4.109
XHY-XHB,30,14:30-15:00,0.005,2,1,-1,84,4.312
XHY-XHB,30,14:30-15:00,0.01,0,1,10,84,4.313
XHY-XHB,30,14:30-15:00,0.001,2,0,1,84,4.366
XHY-XHB,30,14:30-15:00,0.005,2,1,-1,84,4.386
XHY-XHB,30,15:00-15:30,0.001,-1,1,100,1.00E+100,2.738
XHY-XHB,30,15:00-15:30,0.001,-1,0,100,1.00E+100,2.748
XHY-XHB,30,15:00-15:30,0.0001,-1,1,1000,1.00E+100,2.76
XHY-XHB,30,15:00-15:30,0.0001,1,1,100,1.00E+100,2.787
XHY-XHB,30,15:00-15:30,0.0005,-1,0,100,1.00E+100,2.79
XHY-XHB,30,15:00-15:30,0.001,2,0,100,1.00E+100,2.792
XHY-XHB,30,15:00-15:30,0.001,-1,1,100,1.00E+100,2.8
XHY-XHB,30,15:00-15:30,0.5,0,1,100,1.00E+100,3.163
XHY-XHB,30,15:30-16:00,0.005,2,0,1000,66,1.985
XHY-XHB,30,15:30-16:00,0.0001,-1,0,1000,66,1.988
XHY-XHB,30,15:30-16:00,0.0005,0,0,100,66,2.004
XHY-XHB,30,15:30-16:00,0.0005,0,1,100,66,2.035
XHY-XHB,30,15:30-16:00,0.0001,0,1,1000,66,2.046
XHY-XHB,30,15:30-16:00,0.01,2,1,1000,66,2.149
XHY-XHB,30,15:30-16:00,0.01,2,1,1000,66,2.152
XHY-XHB,30,15:30-16:00,0.01,-1,1,1000,66,2.159
XHY-XHB,30,16:00-16:30,0.0001,0,0,10,0,1.715
XHY-XHB,30,16:00-16:30,0.0001,0,0,-1,0,1.773
XHY-XHB,30,16:00-16:30,0.0005,1,0,100,0,1.969
XHY-XHB,30,16:00-16:30,0.05,0,1,10,0,2
XHY-XHB,30,16:00-16:30,0.005,1,1,100,0,2.018
XHY-XHB,30,16:00-16:30,0.001,1,0,100,0,2.037
XHY-XHB,30,16:00-16:30,0.05,0,1,1,0,2.054
XHY-XHB,30,16:00-16:30,0.001,1,0,100,0,2.056
XHY-XHB,30,07:00-07:30,0.0001,0,1,10,0,13.246
XHY-XHB,30,07:00-07:30,0.005,0,0,1,0,13.384
XHY-XHB,30,07:00-07:30,0.0001,0,0,-1,0,13.422
XHY-XHB,30,07:00-07:30,0.01,0,1,0,0,13.428
XHY-XHB,30,07:00-07:30,0.01,0,0,1,0,13.529
XHY-XHB,30,07:00-07:30,0.5,0,0,-1,0,14.453
XHY-XHB,30,07:00-07:30,0.0001,-1,0,10,0,14.53
XHY-XHB,30,07:00-07:30,0.5,0,0,10,0,14.615
XHY-XHB,30,16:30-17:00,0.0005,0,0,-1,103,2.263
XHY-XHB,30,16:30-17:00,0.0005,0,1,-1,103,2.272
XHY-XHB,30,16:30-17:00,0.0005,0,1,0,103,2.277
XHY-XHB,30,16:30-17:00,0.001,0,1,100,103,2.294
XHY-XHB,30,16:30-17:00,0.005,0,1,100,103,2.299
XHY-XHB,30,16:30-17:00,0.001,0,1,0,103,2.313
XHY-XHB,30,16:30-17:00,0.001,0,1,10,103,2.336
XHY-XHB,30,16:30-17:00,0.001,0,1,100,103,2.34
XHY-XHB,30,17:00-17:30,0.0001,0,1,100,1.00E+100,1.289
XHY-XHB,30,17:00-17:30,0.0001,1,0,100,1.00E+100,1.453
XHY-XHB,30,17:00-17:30,0.0001,2,1,100,1.00E+100,1.481
XHY-XHB,30,17:00-17:30,0.0005,0,0,10,1.00E+100,1.484
XHY-XHB,30,17:00-17:30,0.005,-1,1,1000,1.00E+100,1.486
XHY-XHB,30,17:00-17:30,0.0001,-1,0,100,1.00E+100,1.509
XHY-XHB,30,17:00-17:30,0.005,-1,1,100,1.00E+100,1.514
XHY-XHB,30,17:00-17:30,0.005,3,1,1000,1.00E+100,1.616
XHY-XHB,30,17:30-18:00,0.0001,0,0,1000,165,1.017
XHY-XHB,30,17:30-18:00,0.005,2,1,100,165,1.146
XHY-XHB,30,17:30-18:00,0.001,1,1,1000,165,1.153
XHY-XHB,30,17:30-18:00,0.0005,2,1,1000,165,1.16
XHY-XHB,30,17:30-18:00,0.0005,1,1,100,165,1.166
XHY-XHB,30,17:30-18:00,0.001,2,0,1000,165,1.174
XHY-XHB,30,17:30-18:00,0.001,0,1,10,165,1.274
XHY-XHB,30,17:30-18:00,0.001,3,0,1000,165,1.328
XHY-XHB,30,18:00-18:30,0.0005,0,0,1000,365,0.897
XHY-XHB,30,18:00-18:30,0.0001,2,1,1000,365,0.985
XHY-XHB,30,18:00-18:30,0.005,-1,1,100,365,0.995
XHY-XHB,30,18:00-18:30,0.001,-1,1,1000,365,1.002
XHY-XHB,30,18:00-18:30,0.0001,-1,1,100,365,1.008
XHY-XHB,30,18:00-18:30,0.0005,-1,0,1000,365,1.011
XHY-XHB,30,18:00-18:30,0.005,-1,1,100,365,1.011
XHY-XHB,30,18:00-18:30,0.005,3,0,100,365,1.093
XHY-XHB,30,18:30-19:00,0.005,0,0,1000,40,0.834
XHY-XHB,30,18:30-19:00,0.0001,0,0,100,40,0.84
XHY-XHB,30,18:30-19:00,0.005,-1,1,100,40,0.847
XHY-XHB,30,18:30-19:00,0.0001,-1,1,1000,40,0.848
XHY-XHB,30,18:30-19:00,0.001,1,0,100,40,0.85
XHY-XHB,30,18:30-19:00,0.0005,-1,1,100,40,0.851
XHY-XHB,30,18:30-19:00,0.0001,1,0,1000,40,0.854
XHY-XHB,30,18:30-19:00,0.005,2,1,1000,40,0.862
XHY-XHB,30,19:00-19:30,0.0001,0,0,10,47,0.696
XHY-XHB,30,19:00-19:30,0.001,0,1,100,47,0.708
XHY-XHB,30,19:00-19:30,0.005,0,1,1000,47,0.712
XHY-XHB,30,19:00-19:30,0.005,0,0,10,47,0.729
XHY-XHB,30,19:00-19:30,0.001,2,0,1000,47,0.745
XHY-XHB,30,19:00-19:30,0.0001,-1,0,100,47,0.751
XHY-XHB,30,19:00-19:30,0.0005,1,1,10,47,0.758
XHY-XHB,30,19:00-19:30,0.0001,2,1,10,47,0.768
XHY-XHB,30,19:30-20:00,0.0005,0,0,1000,361,0.656
XHY-XHB,30,19:30-20:00,0.0005,2,0,100,361,0.665
XHY-XHB,30,19:30-20:00,0.0005,1,0,100,361,0.669
XHY-XHB,30,19:30-20:00,0.0001,-1,1,1000,361,0.672
XHY-XHB,30,19:30-20:00,0.0005,-1,1,10,361,0.678
XHY-XHB,30,19:30-20:00,0.0001,-1,0,10,361,0.679
XHY-XHB,30,19:30-20:00,0.005,-1,1,1000,361,0.681
XHY-XHB,30,19:30-20:00,0.005,2,1,1000,361,0.691
XHY-XHB,30,20:00-20:30,0.0005,0,0,100,49,0.49
XHY-XHB,30,20:00-20:30,0.005,0,0,10,49,0.491
XHY-XHB,30,20:00-20:30,0.005,2,0,10,49,0.5
XHY-XHB,30,20:00-20:30,0.005,-1,1,1000,49,0.504
XHY-XHB,30,20:00-20:30,0.005,2,0,10,49,0.505
XHY-XHB,30,20:00-20:30,0.005,1,1,10,49,0.505
XHY-XHB,30,20:00-20:30,0.0005,0,0,10,49,0.506
XHY-XHB,30,20:00-20:30,0.001,-1,1,100,49,0.506
XHY-XHB,30,20:30-21:00,0.0005,0,0,0,43,0.454
XHY-XHB,30,20:30-21:00,0.001,0,1,1000,43,0.456
XHY-XHB,30,20:30-21:00,0.001,2,0,0,43,0.458
XHY-XHB,30,20:30-21:00,0.0005,2,0,0,43,0.459
XHY-XHB,30,20:30-21:00,0.005,3,0,-1,43,0.463
XHY-XHB,30,20:30-21:00,0.0005,-1,0,1,43,0.465
XHY-XHB,30,20:30-21:00,0.0005,1,0,10,43,0.465
XHY-XHB,30,20:30-21:00,0.001,3,1,-1,43,0.467
XHY-XHB,30,21:00-21:30,0.0005,2,0,1000,48,0.426
XHY-XHB,30,21:00-21:30,0.005,3,0,100,48,0.433
XHY-XHB,30,21:00-21:30,0.0005,2,0,100,48,0.439
XHY-XHB,30,21:00-21:30,0.001,-1,1,1000,48,0.443
XHY-XHB,30,21:00-21:30,0.0005,-1,0,1000,48,0.444
XHY-XHB,30,21:00-21:30,0.001,1,1,10,48,0.444
XHY-XHB,30,21:00-21:30,0.001,1,1,100,48,0.447
XHY-XHB,30,21:00-21:30,0.005,1,0,1000,48,0.448
XHY-XHB,30,07:30-08:00,0.0001,0,1,10,49,16.896
XHY-XHB,30,07:30-08:00,0.0001,0,1,10,49,16.98
XHY-XHB,30,07:30-08:00,0.005,0,0,1,49,17.07
XHY-XHB,30,07:30-08:00,0.005,0,0,-1,49,17.339
XHY-XHB,30,07:30-08:00,0.1,0,1,-1,49,18.126
XHY-XHB,30,07:30-08:00,0.0005,-1,1,10,49,18.763
XHY-XHB,30,07:30-08:00,0.005,2,0,10,49,18.878
XHY-XHB,30,07:30-08:00,0.01,-1,1,10,49,18.907
XHY-XHB,30,21:30-22:00,0.001,-1,2,-1,93,0.442
XHY-XHB,30,21:30-22:00,0.0005,2,2,0,93,0.455
XHY-XHB,30,21:30-22:00,0.001,3,2,0,93,0.486
XHY-XHB,30,21:30-22:00,0.001,-1,0,0,93,0.498
XHY-XHB,30,21:30-22:00,0.0001,-1,1,-1,93,0.501
XHY-XHB,30,21:30-22:00,0.0001,3,3,0,93,0.526
XHY-XHB,30,21:30-22:00,0.0001,3,1,-1,93,0.529
XHY-XHB,30,21:30-22:00,0.0001,-1,2,1,93,0.55
XHY-XHB,30,22:00-22:30,0.005,0,0,100,0,0.377
XHY-XHB,30,22:00-22:30,0.0005,3,1,10,0,0.38
XHY-XHB,30,22:00-22:30,0.0001,0,0,1000,0,0.38
XHY-XHB,30,22:00-22:30,0.0005,-1,0,1000,0,0.381
XHY-XHB,30,22:00-22:30,0.0005,1,0,10,0,0.382
XHY-XHB,30,22:00-22:30,0.005,1,2,100,0,0.383
XHY-XHB,30,22:00-22:30,0.001,0,1,100,0,0.383
XHY-XHB,30,22:00-22:30,0.005,-1,2,1000,0,0.383
BDL-DHY,60,06:00-07:00,0.005,0,0,10,31,13.81
BDL-DHY,60,06:00-07:00,0.001,0,1,1,31,13.812
BDL-DHY,60,06:00-07:00,0.001,0,1,1,31,13.824
BDL-DHY,60,06:00-07:00,0.001,0,0,10,31,13.834
BDL-DHY,60,06:00-07:00,0.1,0,1,1,31,14.474
BDL-DHY,60,06:00-07:00,0.5,0,0,0,31,14.666
BDL-DHY,60,06:00-07:00,0.5,0,1,10,31,14.748
BDL-DHY,60,06:00-07:00,0.1,2,2,1000,31,14.829
BDL-DHY,60,08:00-09:00,0.01,0,1,0,216,18.029
BDL-DHY,60,08:00-09:00,0.5,0,0,-1,216,19.41
BDL-DHY,60,08:00-09:00,0.001,0,0,10,216,20.46
BDL-DHY,60,08:00-09:00,0.005,0,0,0,216,20.551
BDL-DHY,60,08:00-09:00,0.001,0,0,10,216,20.552
BDL-DHY,60,08:00-09:00,0.05,0,0,10,216,21.985
BDL-DHY,60,08:00-09:00,0.5,1,0,-1,216,22.906
BDL-DHY,60,08:00-09:00,0.5,-1,1,10,216,22.931
BDL-DHY,60,08:30-09:30,0.01,0,1,100,196,14.413
BDL-DHY,60,08:30-09:30,0.01,0,0,100,196,14.424
BDL-DHY,60,08:30-09:30,0.005,0,1,0,196,15.606
BDL-DHY,60,08:30-09:30,0.0001,0,1,0,196,15.809
BDL-DHY,60,08:30-09:30,0.005,0,1,100,196,16.099
BDL-DHY,60,08:30-09:30,0.5,0,0,-1,196,17.651
BDL-DHY,60,08:30-09:30,0.5,0,0,-1,196,17.656
BDL-DHY,60,08:30-09:30,0.5,0,0,-1,196,17.913
BDL-DHY,60,09:00-10:00,0.01,0,0,0,222,16.391
BDL-DHY,60,09:00-10:00,0.1,0,0,0,222,17.716
BDL-DHY,60,09:00-10:00,0.001,1,1,1,222,17.913
BDL-DHY,60,09:00-10:00,0.005,1,1,1,222,18.13
BDL-DHY,60,09:00-10:00,0.001,0,0,100,222,18.165
BDL-DHY,60,09:00-10:00,0.001,0,1,100,222,18.319
BDL-DHY,60,09:00-10:00,0.005,0,1,100,222,18.333
BDL-DHY,60,09:00-10:00,0.005,0,1,1000,222,18.387
BDL-DHY,60,09:30-10:30,0.1,0,0,-1,210,15.675
BDL-DHY,60,09:30-10:30,0.05,0,1,0,210,15.835
BDL-DHY,60,09:30-10:30,0.005,0,0,10,210,16.094
BDL-DHY,60,09:30-10:30,0.1,0,0,1,210,16.149
BDL-DHY,60,09:30-10:30,0.5,0,0,1000,210,19.458
BDL-DHY,60,09:30-10:30,0.5,0,1,100,210,19.619
BDL-DHY,60,09:30-10:30,0.05,2,0,1000,210,21.337
BDL-DHY,60,09:30-10:30,0.001,-1,1,1000,210,23.614
BDL-DHY,60,10:00-11:00,0.1,0,1,10,179,15.993
BDL-DHY,60,10:00-11:00,0.005,0,0,0,179,16.04
BDL-DHY,60,10:00-11:00,0.001,0,1,-1,179,16.358
BDL-DHY,60,10:00-11:00,0.05,0,1,0,179,16.411
BDL-DHY,60,10:00-11:00,0.5,0,0,0,179,16.577
BDL-DHY,60,10:00-11:00,0.05,0,0,10,179,17.212
BDL-DHY,60,10:00-11:00,0.1,0,0,1,179,18.14
BDL-DHY,60,10:00-11:00,0.5,0,1,1000,179,19.237
BDL-DHY,60,10:30-11:30,0.0005,0,0,1,263,12.638
BDL-DHY,60,10:30-11:30,0.0005,0,1,1,263,12.883
BDL-DHY,60,10:30-11:30,0.005,0,1,0,263,13.635
BDL-DHY,60,10:30-11:30,0.0001,0,1,0,263,13.702
BDL-DHY,60,10:30-11:30,0.05,0,0,0,263,14.946
BDL-DHY,60,10:30-11:30,0.01,1,0,1000,263,18.823
BDL-DHY,60,10:30-11:30,0.01,1,0,100,263,18.853
BDL-DHY,60,10:30-11:30,0.01,2,1,10,263,20.473
BDL-DHY,60,11:00-12:00,0.5,0,0,1,226,12.493
BDL-DHY,60,11:00-12:00,0.005,0,1,10,226,12.784
BDL-DHY,60,11:00-12:00,0.001,0,0,0,226,13.105
BDL-DHY,60,11:00-12:00,0.01,0,0,10,226,13.226
BDL-DHY,60,11:00-12:00,0.001,0,1,100,226,14.658
BDL-DHY,60,11:00-12:00,0.1,0,0,10,226,15.107
BDL-DHY,60,11:00-12:00,0.005,2,1,10,226,15.933
BDL-DHY,60,11:00-12:00,0.005,2,1,10,226,16.891
BDL-DHY,60,06:30-07:30,0.001,0,1,1,9,13.611
BDL-DHY,60,06:30-07:30,0.01,0,0,0,9,13.67
BDL-DHY,60,06:30-07:30,0.01,0,0,-1,9,13.711
BDL-DHY,60,06:30-07:30,0.005,0,0,10,9,13.754
BDL-DHY,60,06:30-07:30,0.001,0,0,-1,9,13.844
BDL-DHY,60,06:30-07:30,0.1,0,1,0,9,14.459
BDL-DHY,60,06:30-07:30,0.05,0,1,0,9,14.524
BDL-DHY,60,06:30-07:30,0.05,0,0,0,9,14.549
BDL-DHY,60,11:30-12:30,0.001,0,1,10,358,13.128
BDL-DHY,60,11:30-12:30,0.01,0,1,10,358,13.259
BDL-DHY,60,11:30-12:30,0.005,0,1,0,358,13.703
BDL-DHY,60,11:30-12:30,0.005,0,1,0,358,13.729
BDL-DHY,60,11:30-12:30,0.0005,0,1,-1,358,13.812
BDL-DHY,60,11:30-12:30,0.005,0,0,1,358,13.915
BDL-DHY,60,11:30-12:30,0.0001,0,1,1,358,14.253
BDL-DHY,60,11:30-12:30,0.1,0,0,10,358,15.327
BDL-DHY,60,12:00-13:00,0.5,0,0,1000,198,8.346
BDL-DHY,60,12:00-13:00,0.5,0,0,-1,198,8.871
BDL-DHY,60,12:00-13:00,0.05,0,1,-1,198,8.903
BDL-DHY,60,12:00-13:00,0.5,0,0,0,198,8.932
BDL-DHY,60,12:00-13:00,0.1,0,0,0,198,8.958
BDL-DHY,60,12:00-13:00,0.005,0,1,0,198,9.033
BDL-DHY,60,12:00-13:00,0.05,0,0,0,198,9.801
BDL-DHY,60,12:00-13:00,0.1,-1,0,1000,198,10.049
BDL-DHY,60,12:30-13:30,0.01,1,1,1000,242,8.496
BDL-DHY,60,12:30-13:30,0.05,0,0,0,242,8.807
BDL-DHY,60,12:30-13:30,0.05,0,1,10,242,8.811
BDL-DHY,60,12:30-13:30,0.05,0,0,1,242,8.988
BDL-DHY,60,12:30-13:30,0.5,0,0,1000,242,9.234
BDL-DHY,60,12:30-13:30,0.1,0,0,10,242,9.686
BDL-DHY,60,12:30-13:30,0.0005,0,3,0,242,11.989
BDL-DHY,60,12:30-13:30,0.005,0,3,0,242,12.004
BDL-DHY,60,13:00-14:00,0.01,0,1,1,205,7.131
BDL-DHY,60,13:00-14:00,0.005,0,0,1,205,7.313
BDL-DHY,60,13:00-14:00,0.001,0,0,0,205,7.39
BDL-DHY,60,13:00-14:00,0.005,0,0,-1,205,7.442
BDL-DHY,60,13:00-14:00,0.01,0,0,1,205,7.466
BDL-DHY,60,13:00-14:00,0.05,0,0,1,205,8.048
BDL-DHY,60,13:00-14:00,0.1,0,0,-1,205,8.097
BDL-DHY,60,13:00-14:00,0.1,0,1,10,205,8.108
BDL-DHY,60,13:30-14:30,0.0001,0,1,1,180,5.158
BDL-DHY,60,13:30-14:30,0.0005,0,1,0,180,5.828
BDL-DHY,60,13:30-14:30,0.0001,0,0,-1,180,6.147
BDL-DHY,60,13:30-14:30,0.001,0,0,10,180,6.265
BDL-DHY,60,13:30-14:30,0.01,0,0,-1,180,6.275
BDL-DHY,60,13:30-14:30,0.1,0,0,10,180,6.413
BDL-DHY,60,13:30-14:30,0.1,-1,0,100,180,7.493
BDL-DHY,60,13:30-14:30,0.1,0,2,1000,180,8.664
BDL-DHY,60,14:00-15:00,0.005,0,1,-1,287,5.322
BDL-DHY,60,14:00-15:00,0.001,0,1,1,287,5.452
BDL-DHY,60,14:00-15:00,0.001,0,1,10,287,5.903
BDL-DHY,60,14:00-15:00,0.001,0,1,10,287,5.948
BDL-DHY,60,14:00-15:00,0.05,0,1,0,287,6.115
BDL-DHY,60,14:00-15:00,0.1,0,1,0,287,6.56
BDL-DHY,60,14:00-15:00,0.001,2,0,1,287,7.157
BDL-DHY,60,14:00-15:00,0.001,2,0,-1,287,7.234
BDL-DHY,60,14:30-15:30,0.001,0,1,1,274,3.964
BDL-DHY,60,14:30-15:30,0.0001,0,0,1,274,3.983
BDL-DHY,60,14:30-15:30,0.5,0,0,1,274,4.619
BDL-DHY,60,14:30-15:30,0.5,0,0,-1,274,4.657
BDL-DHY,60,14:30-15:30,0.0001,0,0,10,274,4.667
BDL-DHY,60,14:30-15:30,0.01,0,1,10,274,4.854
BDL-DHY,60,14:30-15:30,0.0005,-1,0,10,274,5.891
BDL-DHY,60,14:30-15:30,0.005,2,0,10,274,5.915
BDL-DHY,60,15:00-16:00,0.005,0,0,1,274,3.679
BDL-DHY,60,15:00-16:00,0.001,2,1,0,274,4.003
BDL-DHY,60,15:00-16:00,0.005,2,0,0,274,4.018
BDL-DHY,60,15:00-16:00,0.005,2,0,1,274,4.058
BDL-DHY,60,15:00-16:00,0.005,0,0,-1,274,4.071
BDL-DHY,60,15:00-16:00,0.01,0,0,0,274,4.132
BDL-DHY,60,15:00-16:00,0.5,-1,0,10,274,4.135
BDL-DHY,60,15:00-16:00,0.01,0,1,-1,274,4.206
BDL-DHY,60,15:30-16:30,0.005,0,1,1000,98,2.269
BDL-DHY,60,15:30-16:30,0.1,2,0,100,98,2.272
BDL-DHY,60,15:30-16:30,0.5,2,0,1000,98,2.278
BDL-DHY,60,15:30-16:30,0.01,1,0,1000,98,2.49
BDL-DHY,60,15:30-16:30,0.5,3,1,100,98,2.677
BDL-DHY,60,15:30-16:30,0.5,3,1,100,98,2.685
BDL-DHY,60,15:30-16:30,0.5,3,1,1000,98,2.71
BDL-DHY,60,15:30-16:30,0.005,-1,2,1000,98,2.819
BDL-DHY,60,16:00-17:00,0.005,0,1,10,205,2.096
BDL-DHY,60,16:00-17:00,0.001,0,0,1,205,2.232
BDL-DHY,60,16:00-17:00,0.01,0,1,1,205,2.382
BDL-DHY,60,16:00-17:00,0.005,0,1,100,205,2.407
BDL-DHY,60,16:00-17:00,0.001,0,1,100,205,2.479
BDL-DHY,60,16:00-17:00,0.05,0,1,-1,205,2.569
BDL-DHY,60,16:00-17:00,0.001,1,1,10,205,3.208
BDL-DHY,60,16:00-17:00,0.005,1,0,1,205,3.257
BDL-DHY,60,07:00-08:00,0.005,0,0,1,80,16.668
BDL-DHY,60,07:00-08:00,0.01,0,0,1,80,16.748
BDL-DHY,60,07:00-08:00,0.001,1,1,1,80,17.889
BDL-DHY,60,07:00-08:00,0.005,1,1,1,80,17.898
BDL-DHY,60,07:00-08:00,0.005,0,1,0,80,18.035
BDL-DHY,60,07:00-08:00,0.01,0,0,-1,80,18.243
BDL-DHY,60,07:00-08:00,0.5,0,1,1,80,18.295
BDL-DHY,60,07:00-08:00,0.005,2,1,1,80,18.779
BDL-DHY,60,16:30-17:30,0.0001,0,1,0,183,1.994
BDL-DHY,60,16:30-17:30,0.005,0,1,-1,183,2.001
BDL-DHY,60,16:30-17:30,0.0001,0,1,10,183,2.114
BDL-DHY,60,16:30-17:30,0.0001,0,1,10,183,2.122
BDL-DHY,60,16:30-17:30,0.01,0,1,-1,183,2.142
BDL-DHY,60,16:30-17:30,0.5,0,1,0,183,2.328
BDL-DHY,60,16:30-17:30,0.5,0,1,1,183,2.336
BDL-DHY,60,16:30-17:30,0.0001,-1,1,100,183,2.419
BDL-DHY,60,17:00-18:00,0.001,0,1,0,190,1.986
BDL-DHY,60,17:00-18:00,0.005,0,1,-1,190,2.004
BDL-DHY,60,17:00-18:00,0.05,0,0,-1,190,2.4
BDL-DHY,60,17:00-18:00,0.005,0,0,1,190,2.437
BDL-DHY,60,17:00-18:00,0.1,0,0,1,190,2.549
BDL-DHY,60,17:00-18:00,0.005,-1,1,-1,190,2.668
BDL-DHY,60,17:00-18:00,0.005,-1,0,0,190,2.673
BDL-DHY,60,17:00-18:00,0.005,2,0,1,190,2.679
BDL-DHY,60,17:30-18:30,0.001,0,0,1,255,1.833
BDL-DHY,60,17:30-18:30,0.0005,0,0,10,255,1.87
BDL-DHY,60,17:30-18:30,0.0005,0,0,0,255,1.912
BDL-DHY,60,17:30-18:30,0.001,0,1,10,255,1.912
BDL-DHY,60,17:30-18:30,0.0005,0,1,-1,255,1.996
BDL-DHY,60,17:30-18:30,0.01,0,1,10,255,2.033
BDL-DHY,60,17:30-18:30,0.01,0,0,-1,255,2.074
BDL-DHY,60,17:30-18:30,0.05,0,1,1,255,2.185
BDL-DHY,60,18:00-19:00,0.005,0,0,100,170,1.122
BDL-DHY,60,18:00-19:00,0.001,0,1,100,170,1.134
BDL-DHY,60,18:00-19:00,0.001,2,1,100,170,1.165
BDL-DHY,60,18:00-19:00,0.001,0,1,0,170,1.215
BDL-DHY,60,18:00-19:00,0.001,0,0,1,170,1.24
BDL-DHY,60,18:00-19:00,0.001,0,0,10,170,1.246
BDL-DHY,60,18:00-19:00,0.1,0,0,10,170,1.314
BDL-DHY,60,18:00-19:00,0.1,0,0,10,170,1.315
BDL-DHY,60,18:30-19:30,0.0001,0,1,1,241,1.525
BDL-DHY,60,18:30-19:30,0.005,2,1,0,241,1.784
BDL-DHY,60,18:30-19:30,0.0005,0,3,1,241,1.809
BDL-DHY,60,18:30-19:30,0.005,-1,0,0,241,1.814
BDL-DHY,60,18:30-19:30,0.005,2,1,-1,241,1.819
BDL-DHY,60,18:30-19:30,0.0001,1,0,0,241,1.846
BDL-DHY,60,18:30-19:30,0.005,0,3,1,241,1.849
BDL-DHY,60,18:30-19:30,0.005,-1,0,-1,241,1.853
BDL-DHY,60,19:00-20:00,0.005,0,1,0,284,1.567
BDL-DHY,60,19:00-20:00,0.05,0,1,0,284,1.886
BDL-DHY,60,19:00-20:00,0.01,-1,1,1,284,2.518
BDL-DHY,60,19:00-20:00,0.01,1,1,1,284,2.534
BDL-DHY,60,19:00-20:00,0.005,-1,0,1,284,2.579
BDL-DHY,60,19:00-20:00,0.1,-1,1,-1,284,2.583
BDL-DHY,60,19:00-20:00,0.001,1,0,0,284,2.585
BDL-DHY,60,19:00-20:00,0.001,1,0,0,284,2.6
BDL-DHY,60,19:30-20:30,0.001,0,0,10,278,0.867
BDL-DHY,60,19:30-20:30,0.0005,2,0,-1,278,0.939
BDL-DHY,60,19:30-20:30,0.0005,2,1,-1,278,0.966
BDL-DHY,60,19:30-20:30,0.001,1,1,0,278,0.968
BDL-DHY,60,19:30-20:30,0.0001,-1,0,0,278,0.974
BDL-DHY,60,19:30-20:30,0.005,2,0,1,278,0.982
BDL-DHY,60,19:30-20:30,0.0005,0,0,1,278,0.986
BDL-DHY,60,19:30-20:30,0.0005,1,0,100,278,0.993
BDL-DHY,60,20:00-21:00,0.005,1,0,10,197,0.578
BDL-DHY,60,20:00-21:00,0.001,2,0,100,197,0.588
BDL-DHY,60,20:00-21:00,0.001,-1,1,10,197,0.598
BDL-DHY,60,20:00-21:00,0.005,0,0,-1,197,0.609
BDL-DHY,60,20:00-21:00,0.001,3,0,1000,197,0.61
BDL-DHY,60,20:00-21:00,0.001,3,0,1000,197,0.612
BDL-DHY,60,20:00-21:00,0.005,0,0,0,197,0.618
BDL-DHY,60,20:00-21:00,0.001,0,0,0,197,0.633
BDL-DHY,60,20:30-21:30,0.005,0,0,0,270,0.456
BDL-DHY,60,20:30-21:30,0.0001,0,1,-1,270,0.46
BDL-DHY,60,20:30-21:30,0.0005,2,1,10,270,0.463
BDL-DHY,60,20:30-21:30,0.005,0,1,0,270,0.463
BDL-DHY,60,20:30-21:30,0.005,1,1,1000,270,0.464
BDL-DHY,60,20:30-21:30,0.0001,-1,0,-1,270,0.465
BDL-DHY,60,20:30-21:30,0.0001,-1,0,100,270,0.466
BDL-DHY,60,20:30-21:30,0.005,1,1,1000,270,0.467
BDL-DHY,60,21:00-22:00,0.005,2,1,1,175,0.947
BDL-DHY,60,21:00-22:00,0.001,3,2,-1,175,1.019
BDL-DHY,60,21:00-22:00,0.001,3,2,0,175,1.028
BDL-DHY,60,21:00-22:00,0.001,-1,3,-1,175,1.143
BDL-DHY,60,21:00-22:00,0.5,3,0,-1,175,1.146
BDL-DHY,60,21:00-22:00,0.5,3,0,-1,175,1.149
BDL-DHY,60,21:00-22:00,0.1,2,0,1,175,1.211
BDL-DHY,60,21:00-22:00,0.1,2,0,1,175,1.22
BDL-DHY,60,07:30-08:30,0.01,0,0,1,169,18.833
BDL-DHY,60,07:30-08:30,0.01,0,1,-1,169,20.046
BDL-DHY,60,07:30-08:30,0.0005,0,0,-1,169,20.654
BDL-DHY,60,07:30-08:30,0.5,0,0,0,169,20.868
BDL-DHY,60,07:30-08:30,0.01,-1,0,10,169,21.065
BDL-DHY,60,07:30-08:30,0.01,-1,0,10,169,21.172
BDL-DHY,60,07:30-08:30,0.05,0,0,10,169,21.891
BDL-DHY,60,07:30-08:30,0.001,2,0,10,169,21.969
BDL-DHY,60,21:30-22:30,0.0001,3,2,-1,187,0.565
BDL-DHY,60,21:30-22:30,0.001,2,1,0,187,0.584
BDL-DHY,60,21:30-22:30,0.005,2,3,0,187,0.585
BDL-DHY,60,21:30-22:30,0.0005,-1,0,-1,187,0.592
BDL-DHY,60,21:30-22:30,0.001,2,3,-1,187,0.61
BDL-DHY,60,21:30-22:30,0.0001,2,0,1,187,0.641
BDL-DHY,60,21:30-22:30,0.005,3,1,-1,187,0.65
BDL-DHY,60,21:30-22:30,0.0005,-1,0,0,187,0.699
BDL-DHY,60,22:00-23:00,0.005,3,0,10,108,0.385
BDL-DHY,60,22:00-23:00,0.005,2,0,10,108,0.385
BDL-DHY,60,22:00-23:00,0.001,0,1,100,108,0.385
BDL-DHY,60,22:00-23:00,0.001,0,0,1000,108,0.386
BDL-DHY,60,22:00-23:00,0.001,-1,0,100,108,0.386
BDL-DHY,60,22:00-23:00,0.005,0,0,10,108,0.387
BDL-DHY,60,22:00-23:00,0.001,3,0,10,108,0.388
BDL-DHY,60,22:00-23:00,0.001,3,0,10,108,0.389
BJB-QHZ,60,06:00-07:00,0.001,0,1,1,0,13.184
BJB-QHZ,60,06:00-07:00,0.001,0,1,1,0,13.229
BJB-QHZ,60,06:00-07:00,0.001,0,0,-1,0,13.266
BJB-QHZ,60,06:00-07:00,0.001,0,0,1,0,13.291
BJB-QHZ,60,06:00-07:00,0.01,0,0,0,0,13.295
BJB-QHZ,60,06:00-07:00,0.005,0,1,0,0,13.297
BJB-QHZ,60,06:00-07:00,0.01,0,0,0,0,13.361
BJB-QHZ,60,06:00-07:00,0.01,0,1,0,0,13.364
BJB-QHZ,60,08:00-09:00,0.001,0,0,0,44,12.805
BJB-QHZ,60,08:00-09:00,0.001,0,0,-1,44,12.956
BJB-QHZ,60,08:00-09:00,0.1,0,0,0,44,13.706
BJB-QHZ,60,08:00-09:00,0.05,0,0,1,44,13.734
BJB-QHZ,60,08:00-09:00,0.1,0,1,-1,44,13.779
BJB-QHZ,60,08:00-09:00,0.05,0,1,1,44,13.781
BJB-QHZ,60,08:00-09:00,0.005,-1,1,0,44,14.544
BJB-QHZ,60,08:00-09:00,0.005,-1,0,1,44,14.559
BJB-QHZ,60,08:30-09:30,0.0001,0,0,10,121,14.071
BJB-QHZ,60,08:30-09:30,0.005,0,0,-1,121,14.241
BJB-QHZ,60,08:30-09:30,0.0005,0,1,-1,121,14.256
BJB-QHZ,60,08:30-09:30,0.0005,0,1,-1,121,14.259
BJB-QHZ,60,08:30-09:30,0.01,0,1,-1,121,14.588
BJB-QHZ,60,08:30-09:30,0.05,0,1,-1,121,14.876
BJB-QHZ,60,08:30-09:30,0.5,0,1,0,121,14.966
BJB-QHZ,60,08:30-09:30,0.1,0,1,1,121,15.131
BJB-QHZ,60,09:00-10:00,0.005,0,0,1,68,12.993
BJB-QHZ,60,09:00-10:00,0.05,0,0,0,68,14.065
BJB-QHZ,60,09:00-10:00,0.5,0,0,-1,68,14.079
BJB-QHZ,60,09:00-10:00,0.5,0,0,10,68,14.485
BJB-QHZ,60,09:00-10:00,0.005,2,0,0,68,14.997
BJB-QHZ,60,09:00-10:00,0.5,0,1,0,68,15.005
BJB-QHZ,60,09:00-10:00,0.005,-1,0,-1,68,15.045
BJB-QHZ,60,09:00-10:00,0.01,2,1,1,68,15.068
BJB-QHZ,60,09:30-10:30,0.0001,0,1,-1,63,11.945
BJB-QHZ,60,09:30-10:30,0.005,0,0,0,63,11.986
BJB-QHZ,60,09:30-10:30,0.005,0,0,0,63,12.156
BJB-QHZ,60,09:30-10:30,0.1,0,0,-1,63,12.577
BJB-QHZ,60,09:30-10:30,0.5,0,0,-1,63,12.646
BJB-QHZ,60,09:30-10:30,0.05,0,1,0,63,12.658
BJB-QHZ,60,09:30-10:30,0.1,0,0,-1,63,12.712
BJB-QHZ,60,09:30-10:30,0.5,0,1,1,63,12.827
BJB-QHZ,60,10:00-11:00,0.001,0,1,0,66,11.325
BJB-QHZ,60,10:00-11:00,0.005,0,0,10,66,11.444
BJB-QHZ,60,10:00-11:00,0.05,0,0,0,66,13.037
BJB-QHZ,60,10:00-11:00,0.1,0,1,-1,66,13.99
BJB-QHZ,60,10:00-11:00,0.5,0,0,0,66,14.028
BJB-QHZ,60,10:00-11:00,0.001,-1,0,0,66,14.266
BJB-QHZ,60,10:00-11:00,0.005,1,0,0,66,14.317
BJB-QHZ,60,10:00-11:00,0.01,-1,0,1,66,14.376
BJB-QHZ,60,10:30-11:30,0.0001,0,0,1,74,10.255
BJB-QHZ,60,10:30-11:30,0.01,0,0,1,74,10.378
BJB-QHZ,60,10:30-11:30,0.0001,0,1,-1,74,10.624
BJB-QHZ,60,10:30-11:30,0.0001,0,1,0,74,10.624
BJB-QHZ,60,10:30-11:30,0.005,0,1,-1,74,10.695
BJB-QHZ,60,10:30-11:30,0.5,0,1,10,74,10.932
BJB-QHZ,60,10:30-11:30,0.001,2,0,0,74,12.474
BJB-QHZ,60,10:30-11:30,0.001,2,0,0,74,12.553
BJB-QHZ,60,11:00-12:00,0.005,0,1,1,52,10
BJB-QHZ,60,11:00-12:00,0.005,0,0,10,52,10.152
BJB-QHZ,60,11:00-12:00,0.01,0,1,10,52,10.353
BJB-QHZ,60,11:00-12:00,0.1,0,0,1,52,11.467
BJB-QHZ,60,11:00-12:00,0.1,0,1,1,52,11.539
BJB-QHZ,60,11:00-12:00,0.1,0,1,1,52,11.544
BJB-QHZ,60,11:00-12:00,0.1,0,1,10,52,11.545
BJB-QHZ,60,11:00-12:00,0.05,0,1,-1,52,11.697
BJB-QHZ,60,06:30-07:30,0.01,0,0,-1,22,13.447
BJB-QHZ,60,06:30-07:30,0.001,0,0,-1,22,13.465
BJB-QHZ,60,06:30-07:30,0.0005,-1,0,-1,22,14.749
BJB-QHZ,60,06:30-07:30,0.005,-1,0,1,22,14.762
BJB-QHZ,60,06:30-07:30,0.0005,2,1,0,22,14.774
BJB-QHZ,60,06:30-07:30,0.005,1,1,-1,22,14.774
BJB-QHZ,60,06:30-07:30,0.001,-1,1,-1,22,14.784
BJB-QHZ,60,06:30-07:30,0.0001,-1,0,0,22,14.79
BJB-QHZ,60,11:30-12:30,0.001,0,1,0,33,7.838
BJB-QHZ,60,11:30-12:30,0.0001,0,1,0,33,7.882
BJB-QHZ,60,11:30-12:30,0.01,0,1,0,33,7.996
BJB-QHZ,60,11:30-12:30,0.05,0,1,1,33,8.769
BJB-QHZ,60,11:30-12:30,0.1,0,0,10,33,8.923
BJB-QHZ,60,11:30-12:30,0.0005,1,0,1000,33,9.193
BJB-QHZ,60,11:30-12:30,0.0001,0,0,100,33,9.2
BJB-QHZ,60,11:30-12:30,0.0001,1,1,100,33,9.239
BJB-QHZ,60,12:00-13:00,0.001,0,0,1,68,7.278
BJB-QHZ,60,12:00-13:00,0.05,0,0,-1,68,8.222
BJB-QHZ,60,12:00-13:00,0.05,0,1,-1,68,8.399
BJB-QHZ,60,12:00-13:00,0.1,0,0,10,68,9.203
BJB-QHZ,60,12:00-13:00,0.001,-1,1,1,68,9.269
BJB-QHZ,60,12:00-13:00,0.005,-1,0,-1,68,9.491
BJB-QHZ,60,12:00-13:00,0.01,1,1,1,68,9.504
BJB-QHZ,60,12:00-13:00,0.005,2,0,1,68,9.747
BJB-QHZ,60,12:30-13:30,0.0001,0,1,-1,157,6.2
BJB-QHZ,60,12:30-13:30,0.0001,0,0,-1,157,6.21
BJB-QHZ,60,12:30-13:30,0.001,0,1,1,157,6.513
BJB-QHZ,60,12:30-13:30,0.0001,0,1,1,157,6.551
BJB-QHZ,60,12:30-13:30,0.005,0,1,1,157,6.573
BJB-QHZ,60,12:30-13:30,0.005,0,0,1,157,6.576
BJB-QHZ,60,12:30-13:30,0.01,0,1,1,157,6.703
BJB-QHZ,60,12:30-13:30,0.01,0,1,10,157,8.078
BJB-QHZ,60,13:00-14:00,0.01,-1,0,1000,116,4.822
BJB-QHZ,60,13:00-14:00,0.01,-1,0,100,116,4.905
BJB-QHZ,60,13:00-14:00,0.01,-1,0,1000,116,4.971
BJB-QHZ,60,13:00-14:00,0.001,0,1,100,116,5.028
BJB-QHZ,60,13:00-14:00,0.005,0,1,100,116,5.043
BJB-QHZ,60,13:00-14:00,0.1,0,0,100,116,5.364
BJB-QHZ,60,13:00-14:00,0.05,0,1,100,116,5.377
BJB-QHZ,60,13:00-14:00,0.05,0,1,1000,116,5.415
BJB-QHZ,60,13:30-14:30,0.005,-1,0,100,65,3.095
BJB-QHZ,60,13:30-14:30,0.0001,2,0,100,65,3.098
BJB-QHZ,60,13:30-14:30,0.001,0,1,100,65,3.102
BJB-QHZ,60,13:30-14:30,0.0005,0,1,1000,65,3.111
BJB-QHZ,60,13:30-14:30,0.001,0,0,1000,65,3.121
BJB-QHZ,60,13:30-14:30,0.01,0,1,1000,65,3.264
BJB-QHZ,60,13:30-14:30,0.0001,3,1,100,65,3.573
BJB-QHZ,60,13:30-14:30,0.0001,3,1,100,65,3.624
BJB-QHZ,60,14:00-15:00,0.005,0,1,1000,46,3.345
BJB-QHZ,60,14:00-15:00,0.001,1,0,1000,46,3.368
BJB-QHZ,60,14:00-15:00,0.001,1,0,100,46,3.373
BJB-QHZ,60,14:00-15:00,0.001,2,1,1000,46,3.396
BJB-QHZ,60,14:00-15:00,0.01,-1,0,1000,46,3.397
BJB-QHZ,60,14:00-15:00,0.001,0,0,1000,46,3.401
BJB-QHZ,60,14:00-15:00,0.01,-1,0,1000,46,3.482
BJB-QHZ,60,14:00-15:00,0.005,1,0,100,46,3.485
BJB-QHZ,60,14:30-15:30,0.001,1,1,100,0,2.292
BJB-QHZ,60,14:30-15:30,0.005,-1,1,1000,0,2.296
BJB-QHZ,60,14:30-15:30,0.0005,0,0,100,0,2.315
BJB-QHZ,60,14:30-15:30,0.0001,-1,0,1000,0,2.319
BJB-QHZ,60,14:30-15:30,0.0005,-1,0,1000,0,2.319
BJB-QHZ,60,14:30-15:30,0.0001,2,1,1000,0,2.328
BJB-QHZ,60,14:30-15:30,0.001,0,0,1000,0,2.331
BJB-QHZ,60,14:30-15:30,0.0001,2,1,100,0,2.348
BJB-QHZ,60,15:00-16:00,0.001,0,0,100,49,2.927
BJB-QHZ,60,15:00-16:00,0.001,0,1,100,49,2.953
BJB-QHZ,60,15:00-16:00,0.005,0,0,10,49,2.992
BJB-QHZ,60,15:00-16:00,0.005,0,0,10,49,2.993
BJB-QHZ,60,15:00-16:00,0.001,0,1,1000,49,3.016
BJB-QHZ,60,15:00-16:00,0.001,0,1,10,49,3.027
BJB-QHZ,60,15:00-16:00,0.001,0,0,10,49,3.05
BJB-QHZ,60,15:00-16:00,0.005,0,0,10,49,3.059
BJB-QHZ,60,15:30-16:30,0.05,2,1,1000,129,1.599
BJB-QHZ,60,15:30-16:30,0.05,1,0,1000,129,1.617
BJB-QHZ,60,15:30-16:30,0.1,2,0,100,129,1.618
BJB-QHZ,60,15:30-16:30,0.05,1,0,100,129,1.622
BJB-QHZ,60,15:30-16:30,0.5,-1,1,1000,129,1.624
BJB-QHZ,60,15:30-16:30,0.05,-1,0,1000,129,1.624
BJB-QHZ,60,15:30-16:30,0.0005,0,0,100,129,1.787
BJB-QHZ,60,15:30-16:30,0.005,1,0,100,129,1.794
BJB-QHZ,60,16:00-17:00,0.001,0,0,10,1.00E+100,1.724
BJB-QHZ,60,16:00-17:00,0.005,0,0,1,1.00E+100,1.816
BJB-QHZ,60,16:00-17:00,0.001,0,1,-1,1.00E+100,1.864
BJB-QHZ,60,16:00-17:00,0.001,0,1,1,1.00E+100,1.93
BJB-QHZ,60,16:00-17:00,0.01,0,0,0,1.00E+100,1.944
BJB-QHZ,60,16:00-17:00,0.001,2,0,100,1.00E+100,1.946
BJB-QHZ,60,16:00-17:00,0.005,0,0,1000,1.00E+100,1.959
BJB-QHZ,60,16:00-17:00,0.01,0,0,1,1.00E+100,1.96
BJB-QHZ,60,07:00-08:00,0.005,0,0,1,81,16.714
BJB-QHZ,60,07:00-08:00,0.01,0,0,1,81,16.751
BJB-QHZ,60,07:00-08:00,0.001,0,0,1,81,16.763
BJB-QHZ,60,07:00-08:00,0.01,0,0,1000,81,17.155
BJB-QHZ,60,07:00-08:00,0.01,-1,0,1000,81,17.767
BJB-QHZ,60,07:00-08:00,0.5,0,1,1,81,18.663
BJB-QHZ,60,07:00-08:00,0.5,0,0,1000,81,19.224
BJB-QHZ,60,07:00-08:00,0.5,0,0,1000,81,19.249
BJB-QHZ,60,16:30-17:30,0.001,0,1,1000,49,1.688
BJB-QHZ,60,16:30-17:30,0.0001,0,1,100,49,1.705
BJB-QHZ,60,16:30-17:30,0.0005,0,1,-1,49,1.771
BJB-QHZ,60,16:30-17:30,0.01,0,0,1,49,1.784
BJB-QHZ,60,16:30-17:30,0.0001,2,0,100,49,1.825
BJB-QHZ,60,16:30-17:30,0.0005,2,0,1000,49,1.827
BJB-QHZ,60,16:30-17:30,0.001,0,0,100,49,1.851
BJB-QHZ,60,16:30-17:30,0.005,2,1,100,49,1.852
BJB-QHZ,60,17:00-18:00,0.01,0,1,1000,40,1.442
BJB-QHZ,60,17:00-18:00,0.001,2,0,1000,40,1.511
BJB-QHZ,60,17:00-18:00,0.001,1,0,1000,40,1.514
BJB-QHZ,60,17:00-18:00,0.001,0,0,1,40,1.521
BJB-QHZ,60,17:00-18:00,0.005,0,1,0,40,1.53
BJB-QHZ,60,17:00-18:00,0.005,-1,1,1000,40,1.531
BJB-QHZ,60,17:00-18:00,0.001,0,0,0,40,1.556
BJB-QHZ,60,17:00-18:00,0.05,0,1,10,40,1.556
BJB-QHZ,60,17:30-18:30,0.0001,1,0,1000,50,1.095
BJB-QHZ,60,17:30-18:30,0.005,1,1,100,50,1.1
BJB-QHZ,60,17:30-18:30,0.0001,2,0,100,50,1.108
BJB-QHZ,60,17:30-18:30,0.005,2,0,1000,50,1.121
BJB-QHZ,60,17:30-18:30,0.0005,0,0,10,50,1.143
BJB-QHZ,60,17:30-18:30,0.005,0,0,10,50,1.176
BJB-QHZ,60,17:30-18:30,0.01,2,1,1000,50,1.253
BJB-QHZ,60,17:30-18:30,0.01,1,1,100,50,1.258
BJB-QHZ,60,18:00-19:00,0.001,0,1,100,122,0.884
BJB-QHZ,60,18:00-19:00,0.005,1,1,100,122,1.001
BJB-QHZ,60,18:00-19:00,0.005,2,0,100,122,1.005
BJB-QHZ,60,18:00-19:00,0.005,1,0,1000,122,1.01
BJB-QHZ,60,18:00-19:00,0.001,2,1,1000,122,1.021
BJB-QHZ,60,18:00-19:00,0.01,2,1,100,122,1.134
BJB-QHZ,60,18:00-19:00,0.001,3,1,100,122,1.151
BJB-QHZ,60,18:00-19:00,0.01,1,1,1000,122,1.18
BJB-QHZ,60,18:30-19:30,0.0001,0,0,1000,58,0.756
BJB-QHZ,60,18:30-19:30,0.0001,0,0,1000,58,0.757
BJB-QHZ,60,18:30-19:30,0.005,-1,0,1000,58,0.794
BJB-QHZ,60,18:30-19:30,0.005,2,0,100,58,0.816
BJB-QHZ,60,18:30-19:30,0.0005,-1,1,100,58,0.817
BJB-QHZ,60,18:30-19:30,0.001,2,0,1000,58,0.817
BJB-QHZ,60,18:30-19:30,0.0005,2,0,10,58,0.937
BJB-QHZ,60,18:30-19:30,0.001,1,0,10,58,0.951
BJB-QHZ,60,19:00-20:00,0.005,2,0,10,66,0.726
BJB-QHZ,60,19:00-20:00,0.005,2,1,1000,66,0.737
BJB-QHZ,60,19:00-20:00,0.005,2,0,100,66,0.74
BJB-QHZ,60,19:00-20:00,0.005,2,0,1000,66,0.76
BJB-QHZ,60,19:00-20:00,0.005,-1,0,100,66,0.809
BJB-QHZ,60,19:00-20:00,0.001,-1,1,100,66,0.815
BJB-QHZ,60,19:00-20:00,0.001,3,1,100,66,0.817
BJB-QHZ,60,19:00-20:00,0.001,-1,1,1000,66,0.818
BJB-QHZ,60,19:30-20:30,0.0001,0,1,100,62,0.54
BJB-QHZ,60,19:30-20:30,0.0005,-1,1,10,62,0.563
BJB-QHZ,60,19:30-20:30,0.0001,2,1,1000,62,0.577
BJB-QHZ,60,19:30-20:30,0.0001,-1,1,10,62,0.577
BJB-QHZ,60,19:30-20:30,0.001,1,0,100,62,0.579
BJB-QHZ,60,19:30-20:30,0.0001,0,0,10,62,0.582
BJB-QHZ,60,19:30-20:30,0.001,2,1,1000,62,0.583
BJB-QHZ,60,19:30-20:30,0.1,0,0,100,62,0.674
BJB-QHZ,60,20:00-21:00,0.001,0,0,1000,82,0.471
BJB-QHZ,60,20:00-21:00,0.005,1,1,1000,82,0.501
BJB-QHZ,60,20:00-21:00,0.005,3,0,10,82,0.513
BJB-QHZ,60,20:00-21:00,0.001,3,0,100,82,0.519
BJB-QHZ,60,20:00-21:00,0.005,2,1,-1,82,0.575
BJB-QHZ,60,20:00-21:00,0.001,1,0,1,82,0.576
BJB-QHZ,60,20:00-21:00,0.005,2,0,1,82,0.577
BJB-QHZ,60,20:00-21:00,0.001,2,0,0,82,0.577
BJB-QHZ,60,20:30-21:30,0.0001,2,0,-1,28,0.448
BJB-QHZ,60,20:30-21:30,0.001,0,1,1000,28,0.45
BJB-QHZ,60,20:30-21:30,0.001,1,1,0,28,0.452
BJB-QHZ,60,20:30-21:30,0.005,0,1,-1,28,0.453
BJB-QHZ,60,20:30-21:30,0.001,2,1,0,28,0.454
BJB-QHZ,60,20:30-21:30,0.001,1,1,-1,28,0.454
BJB-QHZ,60,20:30-21:30,0.0005,-1,1,0,28,0.455
BJB-QHZ,60,20:30-21:30,0.001,2,0,1000,28,0.457
BJB-QHZ,60,21:00-22:00,0.001,2,0,10,70,0.401
BJB-QHZ,60,21:00-22:00,0.001,0,1,10,70,0.402
BJB-QHZ,60,21:00-22:00,0.001,-1,0,1000,70,0.402
BJB-QHZ,60,21:00-22:00,0.001,-1,0,100,70,0.405
BJB-QHZ,60,21:00-22:00,0.005,1,0,10,70,0.405
BJB-QHZ,60,21:00-22:00,0.001,1,1,10,70,0.408
BJB-QHZ,60,21:00-22:00,0.001,1,1,100,70,0.408
BJB-QHZ,60,21:00-22:00,0.005,2,1,10,70,0.419
BJB-QHZ,60,07:30-08:30,0.01,0,0,10,59,17.025
BJB-QHZ,60,07:30-08:30,0.005,0,0,1,59,17.766
BJB-QHZ,60,07:30-08:30,0.0005,0,1,1,59,17.827
BJB-QHZ,60,07:30-08:30,0.01,0,1,1,59,17.859
BJB-QHZ,60,07:30-08:30,0.0005,-1,0,10,59,19.49
BJB-QHZ,60,07:30-08:30,0.005,1,0,10,59,19.563
BJB-QHZ,60,07:30-08:30,0.01,0,1,100,59,19.598
BJB-QHZ,60,07:30-08:30,0.01,1,1,10,59,19.686
BJB-QHZ,60,21:30-22:30,0.005,2,0,1,1.00E+100,0.381
BJB-QHZ,60,21:30-22:30,0.0001,0,1,1,1.00E+100,0.383
BJB-QHZ,60,21:30-22:30,0.0001,0,3,1,1.00E+100,0.386
BJB-QHZ,60,21:30-22:30,0.001,0,0,0,1.00E+100,0.387
BJB-QHZ,60,21:30-22:30,0.0005,0,0,100,1.00E+100,0.388
BJB-QHZ,60,21:30-22:30,0.0005,3,0,1,1.00E+100,0.388
BJB-QHZ,60,21:30-22:30,0.005,0,0,1000,1.00E+100,0.388
BJB-QHZ,60,21:30-22:30,0.0001,-1,1,1,1.00E+100,0.389
BJB-QHZ,60,22:00-23:00,0.005,3,0,100,63,0.378
BJB-QHZ,60,22:00-23:00,0.005,1,1,100,63,0.378
BJB-QHZ,60,22:00-23:00,0.005,1,1,1000,63,0.38
BJB-QHZ,60,22:00-23:00,0.001,-1,0,10,63,0.38
BJB-QHZ,60,22:00-23:00,0.001,0,0,10,63,0.381
BJB-QHZ,60,22:00-23:00,0.005,3,0,100,63,0.382
BJB-QHZ,60,22:00-23:00,0.005,-1,1,10,63,0.382
BJB-QHZ,60,22:00-23:00,0.005,2,3,10,63,0.383
CPZ-BDL,60,06:00-07:00,0.005,0,0,0,39,13.745
CPZ-BDL,60,06:00-07:00,0.001,0,1,10,39,13.773
CPZ-BDL,60,06:00-07:00,0.001,0,1,10,39,13.836
CPZ-BDL,60,06:00-07:00,0.005,0,1,-1,39,13.84
CPZ-BDL,60,06:00-07:00,0.01,0,0,1,39,13.914
CPZ-BDL,60,06:00-07:00,0.005,0,1,1,39,13.931
CPZ-BDL,60,06:00-07:00,0.05,0,1,0,39,14.626
CPZ-BDL,60,06:00-07:00,0.5,0,0,1,39,14.679
CPZ-BDL,60,08:00-09:00,0.01,0,0,0,178,15.933
CPZ-BDL,60,08:00-09:00,0.1,0,1,-1,178,18.487
CPZ-BDL,60,08:00-09:00,0.1,0,1,1,178,18.623
CPZ-BDL,60,08:00-09:00,0.005,0,1,10,178,19.084
CPZ-BDL,60,08:00-09:00,0.001,0,1,10,178,19.129
CPZ-BDL,60,08:00-09:00,0.01,0,1,10,178,19.174
CPZ-BDL,60,08:00-09:00,0.001,0,0,100,178,19.185
CPZ-BDL,60,08:00-09:00,0.01,0,0,100,178,19.463
CPZ-BDL,60,08:30-09:30,0.01,-1,0,100,153,17.031
CPZ-BDL,60,08:30-09:30,0.0005,0,1,1,153,17.712
CPZ-BDL,60,08:30-09:30,0.0005,0,1,1,153,17.762
CPZ-BDL,60,08:30-09:30,0.05,0,0,1000,153,17.963
CPZ-BDL,60,08:30-09:30,0.05,0,0,1000,153,17.974
CPZ-BDL,60,08:30-09:30,0.01,2,1,100,153,18.028
CPZ-BDL,60,08:30-09:30,0.1,0,0,100,153,18.071
CPZ-BDL,60,08:30-09:30,0.0005,0,1,-1,153,18.651
CPZ-BDL,60,09:00-10:00,0.01,0,0,1000,166,13.419
CPZ-BDL,60,09:00-10:00,0.001,1,1,100,166,13.847
CPZ-BDL,60,09:00-10:00,0.001,-1,1,1000,166,13.866
CPZ-BDL,60,09:00-10:00,0.01,1,0,1000,166,14.119
CPZ-BDL,60,09:00-10:00,0.005,2,0,100,166,14.744
CPZ-BDL,60,09:00-10:00,0.005,2,1,1000,166,14.804
CPZ-BDL,60,09:00-10:00,0.01,2,0,1000,166,14.938
CPZ-BDL,60,09:00-10:00,0.1,0,1,100,166,15.185
CPZ-BDL,60,09:30-10:30,0.001,0,1,100,165,14.381
CPZ-BDL,60,09:30-10:30,0.0001,0,1,1000,165,14.393
CPZ-BDL,60,09:30-10:30,0.0005,0,0,1000,165,14.691
CPZ-BDL,60,09:30-10:30,0.0001,0,1,0,165,16.109
CPZ-BDL,60,09:30-10:30,0.01,0,1,0,165,16.236
CPZ-BDL,60,09:30-10:30,0.0001,0,1,1,165,16.458
CPZ-BDL,60,09:30-10:30,0.0001,0,0,-1,165,17.112
CPZ-BDL,60,09:30-10:30,0.0001,-1,1,1000,165,21.632
CPZ-BDL,60,10:00-11:00,0.1,0,0,10,232,22.104
CPZ-BDL,60,10:00-11:00,0.1,1,1,1000,232,22.179
CPZ-BDL,60,10:00-11:00,0.05,0,1,-1,232,22.334
CPZ-BDL,60,10:00-11:00,0.05,-1,1,1000,232,23.402
CPZ-BDL,60,10:00-11:00,0.1,1,0,1000,232,24.641
CPZ-BDL,60,10:00-11:00,0.001,0,3,10,232,24.774
CPZ-BDL,60,10:00-11:00,0.001,0,3,10,232,24.792
CPZ-BDL,60,10:00-11:00,0.005,0,3,10,232,24.826
CPZ-BDL,60,10:30-11:30,0.001,0,0,1,216,12.268
CPZ-BDL,60,10:30-11:30,0.01,0,1,1,216,12.302
CPZ-BDL,60,10:30-11:30,0.1,0,0,1,216,13.648
CPZ-BDL,60,10:30-11:30,0.5,0,1,1,216,13.651
CPZ-BDL,60,10:30-11:30,0.1,0,0,-1,216,14.038
CPZ-BDL,60,10:30-11:30,0.0001,0,1,0,216,14.12
CPZ-BDL,60,10:30-11:30,0.5,0,0,-1,216,14.273
CPZ-BDL,60,10:30-11:30,0.01,1,0,1000,216,18.211
CPZ-BDL,60,11:00-12:00,0.05,0,0,100,152,10.965
CPZ-BDL,60,11:00-12:00,0.5,0,1,1000,152,11.005
CPZ-BDL,60,11:00-12:00,0.1,0,1,1000,152,11.013
CPZ-BDL,60,11:00-12:00,0.05,0,0,100,152,11.026
CPZ-BDL,60,11:00-12:00,0.1,0,1,1000,152,11.035
CPZ-BDL,60,11:00-12:00,0.1,0,1,1000,152,11.048
CPZ-BDL,60,11:00-12:00,0.005,0,1,1,152,11.826
CPZ-BDL,60,11:00-12:00,0.01,0,1,1,152,11.924
CPZ-BDL,60,06:30-07:30,0.1,0,1,-1,29,14.55
CPZ-BDL,60,06:30-07:30,0.1,0,0,1,29,14.611
CPZ-BDL,60,06:30-07:30,0.01,0,0,1000,29,14.915
CPZ-BDL,60,06:30-07:30,0.01,0,0,100,29,14.969
CPZ-BDL,60,06:30-07:30,0.01,1,1,100,29,15.008
CPZ-BDL,60,06:30-07:30,0.1,0,0,10,29,15.012
CPZ-BDL,60,06:30-07:30,0.0001,0,1,0,29,15.321
CPZ-BDL,60,06:30-07:30,0.005,1,1,10,29,15.326
CPZ-BDL,60,11:30-12:30,0.0005,0,0,1,272,16.072
CPZ-BDL,60,11:30-12:30,0.05,-1,0,1000,272,16.752
CPZ-BDL,60,11:30-12:30,0.05,2,0,1000,272,18.991
CPZ-BDL,60,11:30-12:30,0.5,0,1,1,272,19.399
CPZ-BDL,60,11:30-12:30,0.05,1,1,-1,272,20.271
CPZ-BDL,60,11:30-12:30,0.1,1,1,0,272,20.385
CPZ-BDL,60,11:30-12:30,0.05,0,1,-1,272,20.532
CPZ-BDL,60,11:30-12:30,0.05,2,1,1000,272,20.601
CPZ-BDL,60,12:00-13:00,0.1,0,0,0,336,14.365
CPZ-BDL,60,12:00-13:00,0.1,0,0,1,336,14.796
CPZ-BDL,60,12:00-13:00,0.05,0,2,0,336,18.17
CPZ-BDL,60,12:00-13:00,0.05,0,2,-1,336,18.254
CPZ-BDL,60,12:00-13:00,0.05,0,1,10,336,18.349
CPZ-BDL,60,12:00-13:00,0.1,0,1,1,336,18.747
CPZ-BDL,60,12:00-13:00,0.1,-1,1,10,336,19.48
CPZ-BDL,60,12:00-13:00,0.01,3,1,1,336,21.788
CPZ-BDL,60,12:30-13:30,0.001,0,0,0,199,7.91
CPZ-BDL,60,12:30-13:30,0.001,0,0,-1,199,7.991
CPZ-BDL,60,12:30-13:30,0.005,0,0,10,199,8.087
CPZ-BDL,60,12:30-13:30,0.005,0,0,10,199,8.168
CPZ-BDL,60,12:30-13:30,0.05,0,1,10,199,8.775
CPZ-BDL,60,12:30-13:30,0.05,0,0,0,199,8.803
CPZ-BDL,60,12:30-13:30,0.05,-1,1,100,199,9.924
CPZ-BDL,60,12:30-13:30,0.01,-1,0,10,199,11.808
CPZ-BDL,60,13:00-14:00,0.5,0,0,-1,257,7.217
CPZ-BDL,60,13:00-14:00,0.5,0,1,0,257,7.228
CPZ-BDL,60,13:00-14:00,0.5,0,1,0,257,7.247
CPZ-BDL,60,13:00-14:00,0.05,0,1,-1,257,7.248
CPZ-BDL,60,13:00-14:00,0.05,0,1,-1,257,7.264
CPZ-BDL,60,13:00-14:00,0.1,0,1,0,257,7.684
CPZ-BDL,60,13:00-14:00,0.005,0,0,0,257,8.256
CPZ-BDL,60,13:00-14:00,0.005,0,2,-1,257,8.391
CPZ-BDL,60,13:30-14:30,0.005,0,1,-1,155,5.91
CPZ-BDL,60,13:30-14:30,0.0001,0,1,-1,155,5.912
CPZ-BDL,60,13:30-14:30,0.001,0,1,0,155,5.915
CPZ-BDL,60,13:30-14:30,0.005,0,1,-1,155,5.921
CPZ-BDL,60,13:30-14:30,0.005,0,0,-1,155,6.38
CPZ-BDL,60,13:30-14:30,0.0001,0,0,10,155,6.383
CPZ-BDL,60,13:30-14:30,0.0001,0,0,1,155,6.475
CPZ-BDL,60,13:30-14:30,0.01,0,0,1,155,6.525
CPZ-BDL,60,14:00-15:00,0.005,0,1,0,324,5.342
CPZ-BDL,60,14:00-15:00,0.005,0,1,0,324,5.349
CPZ-BDL,60,14:00-15:00,0.001,0,1,0,324,5.377
CPZ-BDL,60,14:00-15:00,0.001,0,1,1,324,5.539
CPZ-BDL,60,14:00-15:00,0.01,1,0,1000,324,6.124
CPZ-BDL,60,14:00-15:00,0.1,1,1,100,324,7.231
CPZ-BDL,60,14:00-15:00,0.01,2,0,100,324,7.438
CPZ-BDL,60,14:00-15:00,0.005,2,0,1,324,7.501
CPZ-BDL,60,14:30-15:30,0.0001,0,1,1000,202,3.498
CPZ-BDL,60,14:30-15:30,0.0005,0,1,100,202,3.503
CPZ-BDL,60,14:30-15:30,0.01,0,0,1000,202,3.62
CPZ-BDL,60,14:30-15:30,0.01,0,0,1000,202,3.679
CPZ-BDL,60,14:30-15:30,0.0001,0,0,0,202,4.037
CPZ-BDL,60,14:30-15:30,0.001,0,0,0,202,4.05
CPZ-BDL,60,14:30-15:30,0.0001,0,0,10,202,4.059
CPZ-BDL,60,14:30-15:30,0.0001,0,0,-1,202,4.079
CPZ-BDL,60,15:00-16:00,0.001,0,0,0,197,3.653
CPZ-BDL,60,15:00-16:00,0.001,0,1,1,197,3.679
CPZ-BDL,60,15:00-16:00,0.01,0,0,-1,197,3.817
CPZ-BDL,60,15:00-16:00,0.01,0,1,1,197,3.862
CPZ-BDL,60,15:00-16:00,0.005,2,1,10,197,3.894
CPZ-BDL,60,15:00-16:00,0.001,2,0,0,197,4.008
CPZ-BDL,60,15:00-16:00,0.05,0,1,10,197,4.055
CPZ-BDL,60,15:00-16:00,0.5,0,1,10,197,4.057
CPZ-BDL,60,15:30-16:30,0.0001,2,0,100,99,2.011
CPZ-BDL,60,15:30-16:30,0.0005,0,0,1000,99,2.116
CPZ-BDL,60,15:30-16:30,0.01,2,0,1000,99,2.122
CPZ-BDL,60,15:30-16:30,0.01,2,0,100,99,2.124
CPZ-BDL,60,15:30-16:30,0.005,3,1,1000,99,2.327
CPZ-BDL,60,15:30-16:30,0.0005,1,0,100,99,2.347
CPZ-BDL,60,15:30-16:30,0.0005,3,1,100,99,2.368
CPZ-BDL,60,15:30-16:30,0.005,3,0,100,99,2.377
CPZ-BDL,60,16:00-17:00,0.01,0,0,1000,219,2.306
CPZ-BDL,60,16:00-17:00,0.001,0,0,10,219,2.381
CPZ-BDL,60,16:00-17:00,0.01,0,1,10,219,2.531
CPZ-BDL,60,16:00-17:00,0.01,0,0,0,219,2.562
CPZ-BDL,60,16:00-17:00,0.01,0,1,-1,219,2.566
CPZ-BDL,60,16:00-17:00,0.5,0,1,-1,219,2.73
CPZ-BDL,60,16:00-17:00,0.5,0,1,100,219,2.763
CPZ-BDL,60,16:00-17:00,0.001,0,3,100,219,2.781
CPZ-BDL,60,07:00-08:00,0.005,0,1,1,134,15.823
CPZ-BDL,60,07:00-08:00,0.005,-1,1,-1,134,17.987
CPZ-BDL,60,07:00-08:00,0.005,-1,0,-1,134,18.326
CPZ-BDL,60,07:00-08:00,0.01,-1,0,0,134,18.458
CPZ-BDL,60,07:00-08:00,0.001,0,1,-1,134,18.924
CPZ-BDL,60,07:00-08:00,0.005,2,0,-1,134,18.925
CPZ-BDL,60,07:00-08:00,0.001,2,0,0,134,19.036
CPZ-BDL,60,07:00-08:00,0.01,0,0,0,134,19.053
CPZ-BDL,60,16:30-17:30,0.001,0,1,100,1.00E+100,1.386
CPZ-BDL,60,16:30-17:30,0.005,0,1,100,1.00E+100,1.388
CPZ-BDL,60,16:30-17:30,0.0001,0,0,100,1.00E+100,1.396
CPZ-BDL,60,16:30-17:30,0.005,0,0,100,1.00E+100,1.446
CPZ-BDL,60,16:30-17:30,0.001,2,1,1000,1.00E+100,1.786
CPZ-BDL,60,16:30-17:30,0.001,0,0,10,1.00E+100,1.792
CPZ-BDL,60,16:30-17:30,0.0001,-1,1,100,1.00E+100,1.795
CPZ-BDL,60,16:30-17:30,0.0005,1,1,1000,1.00E+100,1.81
CPZ-BDL,60,17:00-18:00,0.005,0,1,0,262,1.888
CPZ-BDL,60,17:00-18:00,0.001,0,0,0,262,1.892
CPZ-BDL,60,17:00-18:00,0.005,0,0,-1,262,1.903
CPZ-BDL,60,17:00-18:00,0.001,0,0,10,262,1.923
CPZ-BDL,60,17:00-18:00,0.001,0,0,0,262,1.93
CPZ-BDL,60,17:00-18:00,0.05,0,1,1,262,2.294
CPZ-BDL,60,17:00-18:00,0.1,0,0,1,262,2.361
CPZ-BDL,60,17:00-18:00,0.1,0,0,1,262,2.365
CPZ-BDL,60,17:30-18:30,0.001,0,1,-1,273,1.814
CPZ-BDL,60,17:30-18:30,0.0001,0,0,0,273,1.828
CPZ-BDL,60,17:30-18:30,0.0005,0,0,0,273,1.831
CPZ-BDL,60,17:30-18:30,0.005,0,1,0,273,1.832
CPZ-BDL,60,17:30-18:30,0.005,0,0,0,273,1.862
CPZ-BDL,60,17:30-18:30,0.01,0,1,0,273,2
CPZ-BDL,60,17:30-18:30,0.0001,2,0,0,273,2.13
CPZ-BDL,60,17:30-18:30,0.005,1,1,-1,273,2.202
CPZ-BDL,60,18:00-19:00,0.001,0,0,1,178,1.297
CPZ-BDL,60,18:00-19:00,0.005,0,1,1,178,1.321
CPZ-BDL,60,18:00-19:00,0.005,2,0,100,178,1.513
CPZ-BDL,60,18:00-19:00,0.001,3,0,10,178,1.525
CPZ-BDL,60,18:00-19:00,0.005,-1,1,0,178,1.528
CPZ-BDL,60,18:00-19:00,0.001,1,1,0,178,1.551
CPZ-BDL,60,18:00-19:00,0.5,0,0,10,178,1.556
CPZ-BDL,60,18:00-19:00,0.005,2,0,-1,178,1.589
CPZ-BDL,60,18:30-19:30,0.0001,0,1,0,122,1.249
CPZ-BDL,60,18:30-19:30,0.0001,0,0,1,122,1.345
CPZ-BDL,60,18:30-19:30,0.0005,0,0,1,122,1.367
CPZ-BDL,60,18:30-19:30,0.001,1,0,-1,122,1.377
CPZ-BDL,60,18:30-19:30,0.001,0,0,1,122,1.377
CPZ-BDL,60,18:30-19:30,0.0005,-1,0,-1,122,1.394
CPZ-BDL,60,18:30-19:30,0.0001,2,1,-1,122,1.398
CPZ-BDL,60,18:30-19:30,0.0001,1,1,-1,122,1.425
CPZ-BDL,60,19:00-20:00,0.005,-1,2,1,287,2.316
CPZ-BDL,60,19:00-20:00,0.005,2,0,0,287,2.328
CPZ-BDL,60,19:00-20:00,0.005,-1,2,1,287,2.414
CPZ-BDL,60,19:00-20:00,0.1,2,1,-1,287,2.434
CPZ-BDL,60,19:00-20:00,0.001,-1,0,0,287,2.518
CPZ-BDL,60,19:00-20:00,0.001,1,1,-1,287,2.746
CPZ-BDL,60,19:00-20:00,0.001,3,1,0,287,2.807
CPZ-BDL,60,19:00-20:00,0.01,-1,1,-1,287,2.86
CPZ-BDL,60,19:30-20:30,0.0005,0,0,100,149,0.67
CPZ-BDL,60,19:30-20:30,0.005,-1,1,100,149,0.719
CPZ-BDL,60,19:30-20:30,0.001,-1,0,100,149,0.727
CPZ-BDL,60,19:30-20:30,0.005,1,1,10,149,0.734
CPZ-BDL,60,19:30-20:30,0.0005,-1,0,100,149,0.742
CPZ-BDL,60,19:30-20:30,0.001,-1,0,1000,149,0.773
CPZ-BDL,60,19:30-20:30,0.005,1,1,100,149,0.787
CPZ-BDL,60,19:30-20:30,0.005,2,0,1000,149,0.836
CPZ-BDL,60,20:00-21:00,0.001,2,1,0,284,0.636
CPZ-BDL,60,20:00-21:00,0.001,3,1,0,284,0.652
CPZ-BDL,60,20:00-21:00,0.005,0,0,1,284,0.652
CPZ-BDL,60,20:00-21:00,0.001,2,0,0,284,0.658
CPZ-BDL,60,20:00-21:00,0.005,-1,1,1,284,0.662
CPZ-BDL,60,20:00-21:00,0.005,2,1,1,284,0.669
CPZ-BDL,60,20:00-21:00,0.005,2,1,1,284,0.67
CPZ-BDL,60,20:00-21:00,0.005,1,0,1,284,0.672
CPZ-BDL,60,20:30-21:30,0.0001,0,1,0,151,0.478
CPZ-BDL,60,20:30-21:30,0.005,0,1,0,151,0.48
CPZ-BDL,60,20:30-21:30,0.0005,2,1,1,151,0.481
CPZ-BDL,60,20:30-21:30,0.001,0,1,1,151,0.482
CPZ-BDL,60,20:30-21:30,0.001,2,1,100,151,0.482
CPZ-BDL,60,20:30-21:30,0.001,0,0,10,151,0.485
CPZ-BDL,60,20:30-21:30,0.001,-1,1,1,151,0.485
CPZ-BDL,60,20:30-21:30,0.0005,2,1,1,151,0.485
CPZ-BDL,60,21:00-22:00,0.005,3,2,1,150,0.772
CPZ-BDL,60,21:00-22:00,0.005,3,0,0,150,0.79
CPZ-BDL,60,21:00-22:00,0.005,-1,2,0,150,0.808
CPZ-BDL,60,21:00-22:00,0.005,-1,2,-1,150,0.821
CPZ-BDL,60,21:00-22:00,0.001,3,1,0,150,0.833
CPZ-BDL,60,21:00-22:00,0.001,-1,2,-1,150,0.836
CPZ-BDL,60,21:00-22:00,0.5,2,3,1,150,0.854
CPZ-BDL,60,21:00-22:00,0.001,1,3,-1,150,0.86
CPZ-BDL,60,07:30-08:30,0.0005,0,0,1000,157,18.695
CPZ-BDL,60,07:30-08:30,0.001,0,1,100,157,18.942
CPZ-BDL,60,07:30-08:30,0.1,0,0,100,157,20.49
CPZ-BDL,60,07:30-08:30,0.005,0,1,-1,157,20.754
CPZ-BDL,60,07:30-08:30,0.001,0,1,0,157,20.786
CPZ-BDL,60,07:30-08:30,0.0005,0,0,-1,157,20.866
CPZ-BDL,60,07:30-08:30,0.005,0,0,-1,157,20.931
CPZ-BDL,60,07:30-08:30,0.0005,0,1,10,157,21.27
CPZ-BDL,60,21:30-22:30,0.005,2,3,-1,162,0.587
CPZ-BDL,60,21:30-22:30,0.005,1,3,0,162,0.602
CPZ-BDL,60,21:30-22:30,0.0001,2,2,0,162,0.642
CPZ-BDL,60,21:30-22:30,0.001,-1,2,-1,162,0.659
CPZ-BDL,60,21:30-22:30,0.001,2,0,-1,162,0.67
CPZ-BDL,60,21:30-22:30,0.0005,3,2,0,162,0.731
CPZ-BDL,60,21:30-22:30,0.0005,3,1,-1,162,0.735
CPZ-BDL,60,21:30-22:30,0.001,3,1,0,162,0.754
CPZ-BDL,60,22:00-23:00,0.001,3,1,10,1.00E+100,0.373
CPZ-BDL,60,22:00-23:00,0.001,0,0,10,1.00E+100,0.373
CPZ-BDL,60,22:00-23:00,0.005,2,0,100,1.00E+100,0.374
CPZ-BDL,60,22:00-23:00,0.001,-1,0,1000,1.00E+100,0.377
CPZ-BDL,60,22:00-23:00,0.001,0,0,10,1.00E+100,0.378
CPZ-BDL,60,22:00-23:00,0.001,1,0,1000,1.00E+100,0.38
CPZ-BDL,60,22:00-23:00,0.001,1,1,100,1.00E+100,0.382
CPZ-BDL,60,22:00-23:00,0.001,-1,1,1000,1.00E+100,0.387
DHY-HLZ,60,06:00-07:00,0.001,0,0,0,24,13.875
DHY-HLZ,60,06:00-07:00,0.01,0,1,-1,24,13.94
DHY-HLZ,60,06:00-07:00,0.01,0,0,0,24,13.944
DHY-HLZ,60,06:00-07:00,0.01,0,0,-1,24,13.954
DHY-HLZ,60,06:00-07:00,0.001,0,1,1,24,14.028
DHY-HLZ,60,06:00-07:00,0.01,0,1,0,24,14.228
DHY-HLZ,60,06:00-07:00,0.05,0,1,0,24,14.743
DHY-HLZ,60,06:00-07:00,0.05,0,1,-1,24,14.83
DHY-HLZ,60,08:00-09:00,0.005,0,0,1,160,13.155
DHY-HLZ,60,08:00-09:00,0.1,0,1,1,160,13.947
DHY-HLZ,60,08:00-09:00,0.1,0,1,0,160,13.958
DHY-HLZ,60,08:00-09:00,0.1,0,1,-1,160,13.982
DHY-HLZ,60,08:00-09:00,0.05,0,1,0,160,14.154
DHY-HLZ,60,08:00-09:00,0.005,1,1,1,160,16.693
DHY-HLZ,60,08:00-09:00,0.005,-1,1,0,160,16.733
DHY-HLZ,60,08:00-09:00,0.005,1,0,0,160,16.782
DHY-HLZ,60,08:30-09:30,0.001,0,0,0,241,19.799
DHY-HLZ,60,08:30-09:30,0.0005,0,1,0,241,19.958
DHY-HLZ,60,08:30-09:30,0.01,0,1,1000,241,20.612
DHY-HLZ,60,08:30-09:30,0.05,1,0,100,241,21.474
DHY-HLZ,60,08:30-09:30,0.1,-1,0,100,241,21.679
DHY-HLZ,60,08:30-09:30,0.1,-1,1,1000,241,22.451
DHY-HLZ,60,08:30-09:30,0.05,0,1,0,241,22.978
DHY-HLZ,60,08:30-09:30,0.5,-1,0,100,241,23.015
DHY-HLZ,60,09:00-10:00,0.01,0,0,1,282,14.636
DHY-HLZ,60,09:00-10:00,0.01,0,1,-1,282,14.661
DHY-HLZ,60,09:00-10:00,0.5,0,1,1,282,16.837
DHY-HLZ,60,09:00-10:00,0.5,0,0,0,282,16.978
DHY-HLZ,60,09:00-10:00,0.001,1,1,10,282,17.669
DHY-HLZ,60,09:00-10:00,0.001,1,1,1,282,17.866
DHY-HLZ,60,09:00-10:00,0.001,-1,1,1,282,17.978
DHY-HLZ,60,09:00-10:00,0.001,-1,0,1,282,18.022
DHY-HLZ,60,09:30-10:30,0.0001,1,0,1000,185,12.283
DHY-HLZ,60,09:30-10:30,0.005,-1,0,1000,185,12.289
DHY-HLZ,60,09:30-10:30,0.001,-1,0,1000,185,12.307
DHY-HLZ,60,09:30-10:30,0.001,-1,1,100,185,12.372
DHY-HLZ,60,09:30-10:30,0.01,-1,0,100,185,12.501
DHY-HLZ,60,09:30-10:30,0.01,-1,1,1000,185,12.505
DHY-HLZ,60,09:30-10:30,0.001,-1,0,1000,185,12.787
DHY-HLZ,60,09:30-10:30,0.005,2,0,100,185,13.057
DHY-HLZ,60,10:00-11:00,0.005,0,1,0,162,14.005
DHY-HLZ,60,10:00-11:00,0.001,0,1,1,162,14.292
DHY-HLZ,60,10:00-11:00,0.001,0,1,1,162,14.296
DHY-HLZ,60,10:00-11:00,0.1,0,1,0,162,14.378
DHY-HLZ,60,10:00-11:00,0.05,0,1,-1,162,14.443
DHY-HLZ,60,10:00-11:00,0.05,0,0,-1,162,15.612
DHY-HLZ,60,10:00-11:00,0.1,-1,1,1000,162,16.966
DHY-HLZ,60,10:00-11:00,0.05,0,1,1000,162,17.674
DHY-HLZ,60,10:30-11:30,0.005,0,1,-1,232,13.259
DHY-HLZ,60,10:30-11:30,0.01,0,1,0,232,13.312
DHY-HLZ,60,10:30-11:30,0.01,0,0,-1,232,13.388
DHY-HLZ,60,10:30-11:30,0.0001,0,1,10,232,13.904
DHY-HLZ,60,10:30-11:30,0.1,0,0,0,232,14.769
DHY-HLZ,60,10:30-11:30,0.05,0,0,1,232,15.376
DHY-HLZ,60,10:30-11:30,0.5,0,0,1000,232,17.561
DHY-HLZ,60,10:30-11:30,0.1,0,1,100,232,18.003
DHY-HLZ,60,11:00-12:00,0.05,0,0,0,290,14.899
DHY-HLZ,60,11:00-12:00,0.05,-1,0,1000,290,19.88
DHY-HLZ,60,11:00-12:00,0.05,0,1,0,290,20.898
DHY-HLZ,60,11:00-12:00,0.1,-1,0,0,290,22.64
DHY-HLZ,60,11:00-12:00,0.001,0,3,0,290,22.713
DHY-HLZ,60,11:00-12:00,0.001,0,3,-1,290,22.783
DHY-HLZ,60,11:00-12:00,0.5,2,1,100,290,23.012
DHY-HLZ,60,11:00-12:00,0.01,0,2,0,290,23.164
DHY-HLZ,60,06:30-07:30,0.005,0,1,1,57,13.699
DHY-HLZ,60,06:30-07:30,0.005,0,1,-1,57,13.701
DHY-HLZ,60,06:30-07:30,0.005,0,0,1,57,13.726
DHY-HLZ,60,06:30-07:30,0.005,0,0,0,57,13.742
DHY-HLZ,60,06:30-07:30,0.01,0,1,0,57,13.867
DHY-HLZ,60,06:30-07:30,0.05,0,1,1,57,14.617
DHY-HLZ,60,06:30-07:30,0.5,0,1,1,57,14.778
DHY-HLZ,60,06:30-07:30,0.005,-1,1,1,57,15.102
DHY-HLZ,60,11:30-12:30,0.0005,0,1,10,369,11.96
DHY-HLZ,60,11:30-12:30,0.01,0,0,-1,369,12.631
DHY-HLZ,60,11:30-12:30,0.5,0,0,-1,369,15.804
DHY-HLZ,60,11:30-12:30,0.0001,0,3,10,369,18.212
DHY-HLZ,60,11:30-12:30,0.5,-1,0,10,369,19.797
DHY-HLZ,60,11:30-12:30,0.1,2,0,10,369,19.818
DHY-HLZ,60,11:30-12:30,0.5,-1,0,0,369,22.22
DHY-HLZ,60,11:30-12:30,0.1,3,0,10,369,22.575
DHY-HLZ,60,12:00-13:00,0.01,0,0,10,300,8.733
DHY-HLZ,60,12:00-13:00,0.001,0,0,1,300,9.247
DHY-HLZ,60,12:00-13:00,0.001,0,1,0,300,9.265
DHY-HLZ,60,12:00-13:00,0.5,0,1,10,300,9.374
DHY-HLZ,60,12:00-13:00,0.5,0,1,100,300,9.945
DHY-HLZ,60,12:00-13:00,0.05,0,1,100,300,10.101
DHY-HLZ,60,12:00-13:00,0.05,0,1,1,300,10.329
DHY-HLZ,60,12:00-13:00,0.05,1,0,100,300,10.446
DHY-HLZ,60,12:30-13:30,0.01,0,1,0,232,7.451
DHY-HLZ,60,12:30-13:30,0.01,0,1,-1,232,7.479
DHY-HLZ,60,12:30-13:30,0.0001,0,0,1,232,7.722
DHY-HLZ,60,12:30-13:30,0.0001,0,0,0,232,7.891
DHY-HLZ,60,12:30-13:30,0.005,0,0,0,232,7.929
DHY-HLZ,60,12:30-13:30,0.0005,0,0,0,232,7.935
DHY-HLZ,60,12:30-13:30,0.05,0,0,0,232,8.489
DHY-HLZ,60,12:30-13:30,0.1,1,1,100,232,10.044
DHY-HLZ,60,13:00-14:00,0.005,0,0,100,183,6.248
DHY-HLZ,60,13:00-14:00,0.005,0,0,100,183,6.273
DHY-HLZ,60,13:00-14:00,0.001,0,1,1,183,6.928
DHY-HLZ,60,13:00-14:00,0.05,0,1,100,183,7.049
DHY-HLZ,60,13:00-14:00,0.5,0,1,1000,183,7.068
DHY-HLZ,60,13:00-14:00,0.05,0,0,1000,183,7.335
DHY-HLZ,60,13:00-14:00,0.05,0,0,1000,183,7.358
DHY-HLZ,60,13:00-14:00,0.001,0,2,10,183,7.718
DHY-HLZ,60,13:30-14:30,0.001,0,1,-1,230,4.833
DHY-HLZ,60,13:30-14:30,0.5,0,0,0,230,5.551
DHY-HLZ,60,13:30-14:30,0.0001,0,0,1,230,5.594
DHY-HLZ,60,13:30-14:30,0.0001,0,1,1,230,5.665
DHY-HLZ,60,13:30-14:30,0.01,0,0,10,230,5.72
DHY-HLZ,60,13:30-14:30,0.05,0,1,100,230,6.858
DHY-HLZ,60,13:30-14:30,0.0001,1,1,0,230,7.738
DHY-HLZ,60,13:30-14:30,0.005,-1,1,0,230,7.85
DHY-HLZ,60,14:00-15:00,0.001,0,0,1,208,4.69
DHY-HLZ,60,14:00-15:00,0.01,0,1,1,208,4.919
DHY-HLZ,60,14:00-15:00,0.005,0,0,-1,208,5.65
DHY-HLZ,60,14:00-15:00,0.1,0,0,10,208,5.651
DHY-HLZ,60,14:00-15:00,0.01,0,0,-1,208,5.751
DHY-HLZ,60,14:00-15:00,0.1,0,1,0,208,6.109
DHY-HLZ,60,14:00-15:00,0.1,0,1,1,208,6.302
DHY-HLZ,60,14:00-15:00,0.5,0,1,0,208,6.334
DHY-HLZ,60,14:30-15:30,0.001,0,0,-1,324,5.402
DHY-HLZ,60,14:30-15:30,0.05,0,0,1,324,5.669
DHY-HLZ,60,14:30-15:30,0.1,0,0,-1,324,5.696
DHY-HLZ,60,14:30-15:30,0.0001,1,1,-1,324,6.631
DHY-HLZ,60,14:30-15:30,0.005,2,1,-1,324,6.775
DHY-HLZ,60,14:30-15:30,0.005,1,0,-1,324,6.796
DHY-HLZ,60,14:30-15:30,0.0001,2,0,1,324,6.802
DHY-HLZ,60,14:30-15:30,0.001,-1,0,0,324,6.84
DHY-HLZ,60,15:00-16:00,0.01,1,0,100,283,3.896
DHY-HLZ,60,15:00-16:00,0.005,0,0,1,283,4.115
DHY-HLZ,60,15:00-16:00,0.001,0,0,1,283,4.12
DHY-HLZ,60,15:00-16:00,0.005,0,0,-1,283,4.153
DHY-HLZ,60,15:00-16:00,0.005,0,1,0,283,4.17
DHY-HLZ,60,15:00-16:00,0.01,0,1,0,283,4.36
DHY-HLZ,60,15:00-16:00,0.01,0,1,1,283,4.374
DHY-HLZ,60,15:00-16:00,0.001,1,0,10,283,4.58
DHY-HLZ,60,15:30-16:30,0.001,0,1,1000,183,2.298
DHY-HLZ,60,15:30-16:30,0.0001,0,1,1000,183,2.321
DHY-HLZ,60,15:30-16:30,0.005,0,1,1000,183,2.441
DHY-HLZ,60,15:30-16:30,0.0005,-1,1,100,183,2.549
DHY-HLZ,60,15:30-16:30,0.005,-1,0,100,183,2.553
DHY-HLZ,60,15:30-16:30,0.005,1,0,1000,183,2.554
DHY-HLZ,60,15:30-16:30,0.001,1,1,100,183,2.561
DHY-HLZ,60,15:30-16:30,0.005,1,1,100,183,2.571
DHY-HLZ,60,16:00-17:00,0.01,0,1,1,146,2.208
DHY-HLZ,60,16:00-17:00,0.01,0,0,0,146,2.313
DHY-HLZ,60,16:00-17:00,0.01,0,1,10,146,2.503
DHY-HLZ,60,16:00-17:00,0.05,0,1,1,146,2.568
DHY-HLZ,60,16:00-17:00,0.5,0,1,-1,146,2.584
DHY-HLZ,60,16:00-17:00,0.05,0,1,1,146,2.593
DHY-HLZ,60,16:00-17:00,0.5,0,0,0,146,2.598
DHY-HLZ,60,16:00-17:00,0.05,0,1,-1,146,2.635
DHY-HLZ,60,07:00-08:00,0.005,0,1,1,59,15.324
DHY-HLZ,60,07:00-08:00,0.001,0,1,1,59,15.358
DHY-HLZ,60,07:00-08:00,0.01,0,0,1,59,15.407
DHY-HLZ,60,07:00-08:00,0.001,0,0,0,59,15.459
DHY-HLZ,60,07:00-08:00,0.001,0,0,100,59,15.997
DHY-HLZ,60,07:00-08:00,0.005,-1,1,1000,59,16.548
DHY-HLZ,60,07:00-08:00,0.001,1,0,1000,59,16.564
DHY-HLZ,60,07:00-08:00,0.001,1,0,100,59,16.573
DHY-HLZ,60,16:30-17:30,0.0001,0,0,1,208.9999994,2.747
DHY-HLZ,60,16:30-17:30,0.0001,0,1,1,208.9999994,2.802
DHY-HLZ,60,16:30-17:30,0.01,0,0,1,208.9999994,2.829
DHY-HLZ,60,16:30-17:30,0.5,0,1,1,208.9999994,3.04
DHY-HLZ,60,16:30-17:30,0.5,0,1,1,208.9999994,3.073
DHY-HLZ,60,16:30-17:30,0.001,1,1,10,208.9999994,3.342
DHY-HLZ,60,16:30-17:30,0.001,-1,1,10,208.9999994,3.383
DHY-HLZ,60,16:30-17:30,0.0005,-1,1,10,208.9999994,3.417
DHY-HLZ,60,17:00-18:00,0.001,0,0,-1,227,1.882
DHY-HLZ,60,17:00-18:00,0.001,0,1,-1,227,1.947
DHY-HLZ,60,17:00-18:00,0.1,0,0,0,227,2.3
DHY-HLZ,60,17:00-18:00,0.05,0,0,-1,227,2.302
DHY-HLZ,60,17:00-18:00,0.05,0,0,0,227,2.326
DHY-HLZ,60,17:00-18:00,0.005,0,1,10,227,2.342
DHY-HLZ,60,17:00-18:00,0.5,0,1,-1,227,2.368
DHY-HLZ,60,17:00-18:00,0.001,-1,0,-1,227,2.486
DHY-HLZ,60,17:30-18:30,0.001,0,0,-1,207,1.885
DHY-HLZ,60,17:30-18:30,0.05,0,1,1,207,2.01
DHY-HLZ,60,17:30-18:30,0.01,0,1,-1,207,2.017
DHY-HLZ,60,17:30-18:30,0.0001,-1,0,10,207,2.036
DHY-HLZ,60,17:30-18:30,0.05,0,0,10,207,2.093
DHY-HLZ,60,17:30-18:30,0.0001,-1,1,0,207,2.166
DHY-HLZ,60,17:30-18:30,0.1,0,0,-1,207,2.175
DHY-HLZ,60,17:30-18:30,0.005,-1,1,-1,207,2.186
DHY-HLZ,60,18:00-19:00,0.05,0,1,1,171,1.722
DHY-HLZ,60,18:00-19:00,0.001,1,1,0,171,1.739
DHY-HLZ,60,18:00-19:00,0.001,1,0,-1,171,1.756
DHY-HLZ,60,18:00-19:00,0.005,1,1,0,171,1.827
DHY-HLZ,60,18:00-19:00,0.001,1,1,1,171,1.832
DHY-HLZ,60,18:00-19:00,0.001,-1,1,1000,171,1.839
DHY-HLZ,60,18:00-19:00,0.001,-1,0,1,171,1.857
DHY-HLZ,60,18:00-19:00,0.001,0,0,10,171,1.947
DHY-HLZ,60,18:30-19:30,0.0005,0,0,100,157,1.391
DHY-HLZ,60,18:30-19:30,0.001,0,0,1000,157,1.406
DHY-HLZ,60,18:30-19:30,0.0005,0,1,1,157,1.45
DHY-HLZ,60,18:30-19:30,0.0001,-1,1,1,157,1.46
DHY-HLZ,60,18:30-19:30,0.0001,2,1,0,157,1.478
DHY-HLZ,60,18:30-19:30,0.01,0,0,1,157,1.505
DHY-HLZ,60,18:30-19:30,0.0001,1,1,1,157,1.507
DHY-HLZ,60,18:30-19:30,0.01,0,1,100,157,1.517
DHY-HLZ,60,19:00-20:00,0.005,0,1,0,218,1.22
DHY-HLZ,60,19:00-20:00,0.005,0,0,1,218,1.335
DHY-HLZ,60,19:00-20:00,0.1,0,1,0,218,1.431
DHY-HLZ,60,19:00-20:00,0.01,2,0,1,218,1.455
DHY-HLZ,60,19:00-20:00,0.005,2,0,-1,218,1.488
DHY-HLZ,60,19:00-20:00,0.01,2,1,-1,218,1.489
DHY-HLZ,60,19:00-20:00,0.001,2,0,0,218,1.497
DHY-HLZ,60,19:00-20:00,0.05,0,1,1,218,1.522
DHY-HLZ,60,19:30-20:30,0.001,-1,0,1,203,0.866
DHY-HLZ,60,19:30-20:30,0.001,-1,1,1,203,0.875
DHY-HLZ,60,19:30-20:30,0.005,0,1,1000,203,0.877
DHY-HLZ,60,19:30-20:30,0.0001,2,0,10,203,0.88
DHY-HLZ,60,19:30-20:30,0.0001,2,0,100,203,0.887
DHY-HLZ,60,19:30-20:30,0.0005,0,1,1000,203,0.896
DHY-HLZ,60,19:30-20:30,0.001,0,0,10,203,0.9
DHY-HLZ,60,19:30-20:30,0.005,2,0,10,203,0.9
DHY-HLZ,60,20:00-21:00,0.001,2,0,10,123,0.598
DHY-HLZ,60,20:00-21:00,0.005,2,0,10,123,0.601
DHY-HLZ,60,20:00-21:00,0.005,0,0,-1,123,0.603
DHY-HLZ,60,20:00-21:00,0.001,0,1,100,123,0.607
DHY-HLZ,60,20:00-21:00,0.001,1,1,-1,123,0.609
DHY-HLZ,60,20:00-21:00,0.005,2,1,-1,123,0.61
DHY-HLZ,60,20:00-21:00,0.005,2,1,1000,123,0.619
DHY-HLZ,60,20:00-21:00,0.001,1,0,0,123,0.619
DHY-HLZ,60,20:30-21:30,0.001,-1,1,0,154,0.499
DHY-HLZ,60,20:30-21:30,0.0005,2,1,0,154,0.502
DHY-HLZ,60,20:30-21:30,0.005,1,1,-1,154,0.522
DHY-HLZ,60,20:30-21:30,0.001,2,1,1000,154,0.531
DHY-HLZ,60,20:30-21:30,0.001,2,1,100,154,0.531
DHY-HLZ,60,20:30-21:30,0.0005,1,0,0,154,0.535
DHY-HLZ,60,20:30-21:30,0.005,2,3,-1,154,0.536
DHY-HLZ,60,20:30-21:30,0.0005,2,3,0,154,0.538
DHY-HLZ,60,21:00-22:00,0.001,2,0,0,148,0.767
DHY-HLZ,60,21:00-22:00,0.005,2,0,-1,148,0.779
DHY-HLZ,60,21:00-22:00,0.005,2,0,0,148,0.789
DHY-HLZ,60,21:00-22:00,0.005,-1,2,0,148,0.794
DHY-HLZ,60,21:00-22:00,0.001,2,0,1,148,0.807
DHY-HLZ,60,21:00-22:00,0.005,-1,0,-1,148,0.846
DHY-HLZ,60,21:00-22:00,0.001,3,0,-1,148,0.856
DHY-HLZ,60,21:00-22:00,0.001,3,0,0,148,0.859
DHY-HLZ,60,07:30-08:30,0.001,0,0,1,135,18.67
DHY-HLZ,60,07:30-08:30,0.001,0,0,10,135,18.717
DHY-HLZ,60,07:30-08:30,0.001,0,0,1,135,18.797
DHY-HLZ,60,07:30-08:30,0.0005,0,1,1,135,18.906
DHY-HLZ,60,07:30-08:30,0.01,0,0,1,135,18.981
DHY-HLZ,60,07:30-08:30,0.0005,1,1,1,135,20.37
DHY-HLZ,60,07:30-08:30,0.0005,-1,1,1,135,20.469
DHY-HLZ,60,07:30-08:30,0.001,1,1,1,135,20.508
DHY-HLZ,60,21:30-22:30,0.001,2,2,0,279,0.598
DHY-HLZ,60,21:30-22:30,0.0005,2,3,-1,279,0.624
DHY-HLZ,60,21:30-22:30,0.0001,3,3,0,279,0.68
DHY-HLZ,60,21:30-22:30,0.0005,3,1,-1,279,0.709
DHY-HLZ,60,21:30-22:30,0.001,3,3,-1,279,0.709
DHY-HLZ,60,21:30-22:30,0.001,3,0,-1,279,0.728
DHY-HLZ,60,21:30-22:30,0.05,2,2,-1,279,0.779
DHY-HLZ,60,21:30-22:30,0.05,2,3,0,279,0.793
DHY-HLZ,60,22:00-23:00,0.001,0,0,1000,54,0.371
DHY-HLZ,60,22:00-23:00,0.001,0,0,100,54,0.374
DHY-HLZ,60,22:00-23:00,0.005,2,1,100,54,0.375
DHY-HLZ,60,22:00-23:00,0.005,3,1,1000,54,0.376
DHY-HLZ,60,22:00-23:00,0.005,1,0,10,54,0.377
DHY-HLZ,60,22:00-23:00,0.001,2,1,1000,54,0.379
DHY-HLZ,60,22:00-23:00,0.005,3,1,1000,54,0.383
DHY-HLZ,60,22:00-23:00,0.5,3,0,1000,54,0.534
HLZ-XHY,60,06:00-07:00,0.005,0,1,0,19,13.807
HLZ-XHY,60,06:00-07:00,0.001,0,1,1,19,13.891
HLZ-XHY,60,06:00-07:00,0.5,0,0,-1,19,14.563
HLZ-XHY,60,06:00-07:00,0.1,0,1,0,19,14.615
HLZ-XHY,60,06:00-07:00,0.05,0,0,-1,19,14.67
HLZ-XHY,60,06:00-07:00,0.1,2,3,1000,19,14.765
HLZ-XHY,60,06:00-07:00,0.05,2,2,100,19,14.793
HLZ-XHY,60,06:00-07:00,0.05,1,2,1000,19,14.824
HLZ-XHY,60,08:00-09:00,0.001,0,1,1,160,16.458
HLZ-XHY,60,08:00-09:00,0.01,1,0,10,160,20.319
HLZ-XHY,60,08:00-09:00,0.1,0,1,10,160,20.322
HLZ-XHY,60,08:00-09:00,0.01,1,0,10,160,20.323
HLZ-XHY,60,08:00-09:00,0.001,2,1,10,160,20.941
HLZ-XHY,60,08:00-09:00,0.01,2,0,10,160,21.01
HLZ-XHY,60,08:00-09:00,0.05,1,1,-1,160,22.243
HLZ-XHY,60,08:00-09:00,0.01,2,0,-1,160,22.965
HLZ-XHY,60,08:30-09:30,0.01,-1,0,100,179,15.498
HLZ-XHY,60,08:30-09:30,0.001,0,1,0,179,15.724
HLZ-XHY,60,08:30-09:30,0.005,0,0,10,179,16.054
HLZ-XHY,60,08:30-09:30,0.005,0,0,100,179,16.236
HLZ-XHY,60,08:30-09:30,0.005,0,0,100,179,16.239
HLZ-XHY,60,08:30-09:30,0.0001,0,0,100,179,16.297
HLZ-XHY,60,08:30-09:30,0.0001,0,0,1000,179,16.404
HLZ-XHY,60,08:30-09:30,0.01,2,0,100,179,16.555
HLZ-XHY,60,09:00-10:00,0.01,0,0,0,144,16.525
HLZ-XHY,60,09:00-10:00,0.01,0,0,-1,144,16.586
HLZ-XHY,60,09:00-10:00,0.01,0,1,0,144,16.656
HLZ-XHY,60,09:00-10:00,0.5,0,0,10,144,16.713
HLZ-XHY,60,09:00-10:00,0.05,0,0,-1,144,17.649
HLZ-XHY,60,09:00-10:00,0.005,0,0,1000,144,17.805
HLZ-XHY,60,09:00-10:00,0.001,0,1,1000,144,17.891
HLZ-XHY,60,09:00-10:00,0.01,0,0,100,144,18.378
HLZ-XHY,60,09:30-10:30,0.01,0,1,1000,179,11.63
HLZ-XHY,60,09:30-10:30,0.0005,1,1,1000,179,11.909
HLZ-XHY,60,09:30-10:30,0.0005,1,0,100,179,11.953
HLZ-XHY,60,09:30-10:30,0.0005,2,1,100,179,12.489
HLZ-XHY,60,09:30-10:30,0.0005,2,0,1000,179,12.516
HLZ-XHY,60,09:30-10:30,0.005,2,1,1000,179,12.521
HLZ-XHY,60,09:30-10:30,0.0005,0,1,1,179,13.209
HLZ-XHY,60,09:30-10:30,0.0001,0,0,1,179,13.269
HLZ-XHY,60,10:00-11:00,0.1,0,0,1,171,14.37
HLZ-XHY,60,10:00-11:00,0.5,0,0,10,171,15.242
HLZ-XHY,60,10:00-11:00,0.1,0,0,10,171,15.251
HLZ-XHY,60,10:00-11:00,0.05,0,1,1000,171,16.247
HLZ-XHY,60,10:00-11:00,0.5,0,0,1000,171,16.431
HLZ-XHY,60,10:00-11:00,0.05,0,0,0,171,16.852
HLZ-XHY,60,10:00-11:00,0.05,-1,0,1000,171,16.987
HLZ-XHY,60,10:00-11:00,0.05,1,0,1000,171,17.09
HLZ-XHY,60,10:30-11:30,0.005,0,0,0,237,15.769
HLZ-XHY,60,10:30-11:30,0.005,0,1,-1,237,15.796
HLZ-XHY,60,10:30-11:30,0.001,0,0,-1,237,15.797
HLZ-XHY,60,10:30-11:30,0.0005,0,1,10,237,17.259
HLZ-XHY,60,10:30-11:30,0.001,0,1,10,237,17.322
HLZ-XHY,60,10:30-11:30,0.05,-1,1,1,237,22.573
HLZ-XHY,60,10:30-11:30,0.1,1,1,0,237,22.609
HLZ-XHY,60,10:30-11:30,0.1,1,0,100,237,23.534
HLZ-XHY,60,11:00-12:00,0.05,0,0,10,199,15.658
HLZ-XHY,60,11:00-12:00,0.1,-1,1,100,199,16.616
HLZ-XHY,60,11:00-12:00,0.5,0,0,10,199,17.097
HLZ-XHY,60,11:00-12:00,0.5,1,1,1000,199,17.224
HLZ-XHY,60,11:00-12:00,0.1,-1,0,0,199,22.093
HLZ-XHY,60,11:00-12:00,0.005,0,2,0,199,22.28
HLZ-XHY,60,11:00-12:00,0.001,0,2,-1,199,22.345
HLZ-XHY,60,11:00-12:00,0.01,0,2,1,199,22.422
HLZ-XHY,60,06:30-07:30,0.001,0,1,1,49,13.628
HLZ-XHY,60,06:30-07:30,0.01,0,0,0,49,13.705
HLZ-XHY,60,06:30-07:30,0.0001,0,0,-1,49,13.753
HLZ-XHY,60,06:30-07:30,0.1,0,1,1,49,14.441
HLZ-XHY,60,06:30-07:30,0.1,0,0,1,49,14.45
HLZ-XHY,60,06:30-07:30,0.1,0,0,-1,49,14.482
HLZ-XHY,60,06:30-07:30,0.5,0,1,1,49,14.489
HLZ-XHY,60,06:30-07:30,0.1,0,0,-1,49,14.54
HLZ-XHY,60,11:30-12:30,0.1,0,0,-1,287,14.41
HLZ-XHY,60,11:30-12:30,0.1,0,0,1,287,14.99
HLZ-XHY,60,11:30-12:30,0.5,0,1,0,287,16.589
HLZ-XHY,60,11:30-12:30,0.01,1,1,100,287,16.769
HLZ-XHY,60,11:30-12:30,0.01,1,1,-1,287,16.984
HLZ-XHY,60,11:30-12:30,0.1,1,1,100,287,19.964
HLZ-XHY,60,11:30-12:30,0.1,1,1,0,287,20.237
HLZ-XHY,60,11:30-12:30,0.0005,0,2,10,287,20.561
HLZ-XHY,60,12:00-13:00,0.01,0,1,0,244,9.462
HLZ-XHY,60,12:00-13:00,0.1,-1,0,100,244,11.602
HLZ-XHY,60,12:00-13:00,0.1,0,0,10,244,11.88
HLZ-XHY,60,12:00-13:00,0.1,0,0,10,244,11.998
HLZ-XHY,60,12:00-13:00,0.5,0,3,100,244,12.914
HLZ-XHY,60,12:00-13:00,0.5,1,0,100,244,12.92
HLZ-XHY,60,12:00-13:00,0.5,-1,0,1000,244,12.963
HLZ-XHY,60,12:00-13:00,0.5,-1,0,100,244,12.969
HLZ-XHY,60,12:30-13:30,0.0005,0,1,1,264,7.724
HLZ-XHY,60,12:30-13:30,0.005,0,0,-1,264,7.975
HLZ-XHY,60,12:30-13:30,0.01,0,0,10,264,8.404
HLZ-XHY,60,12:30-13:30,0.001,0,1,-1,264,8.602
HLZ-XHY,60,12:30-13:30,0.1,0,1,-1,264,9.329
HLZ-XHY,60,12:30-13:30,0.1,0,1,-1,264,9.331
HLZ-XHY,60,12:30-13:30,0.1,-1,0,1000,264,9.795
HLZ-XHY,60,12:30-13:30,0.5,1,0,100,264,10.141
HLZ-XHY,60,13:00-14:00,0.001,0,1,-1,183,7.071
HLZ-XHY,60,13:00-14:00,0.001,0,0,-1,183,7.082
HLZ-XHY,60,13:00-14:00,0.05,0,1,-1,183,7.339
HLZ-XHY,60,13:00-14:00,0.5,0,1,0,183,7.34
HLZ-XHY,60,13:00-14:00,0.1,0,1,1000,183,8.552
HLZ-XHY,60,13:00-14:00,0.05,0,1,100,183,8.618
HLZ-XHY,60,13:00-14:00,0.05,0,1,100,183,8.631
HLZ-XHY,60,13:00-14:00,0.005,0,2,0,183,9.249
HLZ-XHY,60,13:30-14:30,0.001,0,1,-1,278,4.805
HLZ-XHY,60,13:30-14:30,0.01,0,1,10,278,5.139
HLZ-XHY,60,13:30-14:30,0.05,0,1,0,278,5.452
HLZ-XHY,60,13:30-14:30,0.05,0,0,0,278,6.365
HLZ-XHY,60,13:30-14:30,0.001,1,0,0,278,7.342
HLZ-XHY,60,13:30-14:30,0.005,-1,1,0,278,7.462
HLZ-XHY,60,13:30-14:30,0.01,1,0,-1,278,7.578
HLZ-XHY,60,13:30-14:30,0.001,2,0,0,278,7.846
HLZ-XHY,60,14:00-15:00,0.001,0,0,1,176,4.779
HLZ-XHY,60,14:00-15:00,0.5,0,1,1,176,5.337
HLZ-XHY,60,14:00-15:00,0.005,0,0,0,176,5.516
HLZ-XHY,60,14:00-15:00,0.05,0,0,-1,176,5.731
HLZ-XHY,60,14:00-15:00,0.05,0,0,1000,176,5.921
HLZ-XHY,60,14:00-15:00,0.1,0,1,10,176,7.192
HLZ-XHY,60,14:00-15:00,0.001,-1,1,1,176,7.291
HLZ-XHY,60,14:00-15:00,0.005,2,0,1,176,7.357
HLZ-XHY,60,14:30-15:30,0.0001,0,0,0,238,4.892
HLZ-XHY,60,14:30-15:30,0.001,0,0,-1,238,4.915
HLZ-XHY,60,14:30-15:30,0.005,0,1,-1,238,4.916
HLZ-XHY,60,14:30-15:30,0.005,0,0,-1,238,4.967
HLZ-XHY,60,14:30-15:30,0.5,0,1,-1,238,4.989
HLZ-XHY,60,14:30-15:30,0.01,0,1,-1,238,5.014
HLZ-XHY,60,14:30-15:30,0.0001,0,0,1,238,5.024
HLZ-XHY,60,14:30-15:30,0.05,0,0,10,238,5.835
HLZ-XHY,60,15:00-16:00,0.001,0,1,100,218,3.653
HLZ-XHY,60,15:00-16:00,0.005,0,0,1,218,3.967
HLZ-XHY,60,15:00-16:00,0.005,0,0,10,218,4.298
HLZ-XHY,60,15:00-16:00,0.05,0,1,-1,218,4.351
HLZ-XHY,60,15:00-16:00,0.05,0,0,-1,218,4.476
HLZ-XHY,60,15:00-16:00,0.005,-1,1,10,218,5.049
HLZ-XHY,60,15:00-16:00,0.001,2,0,10,218,5.14
HLZ-XHY,60,15:00-16:00,0.1,1,1,1000,218,5.159
HLZ-XHY,60,15:30-16:30,0.001,2,1,100,126,1.975
HLZ-XHY,60,15:30-16:30,0.5,1,0,100,126,2.294
HLZ-XHY,60,15:30-16:30,0.1,2,0,100,126,2.299
HLZ-XHY,60,15:30-16:30,0.005,3,1,100,126,2.31
HLZ-XHY,60,15:30-16:30,0.0005,3,0,1000,126,2.313
HLZ-XHY,60,15:30-16:30,0.1,-1,1,1000,126,2.331
HLZ-XHY,60,15:30-16:30,0.1,2,1,100,126,2.347
HLZ-XHY,60,15:30-16:30,0.005,3,0,1000,126,2.376
HLZ-XHY,60,16:00-17:00,0.005,0,0,10,154,2.588
HLZ-XHY,60,16:00-17:00,0.005,0,0,0,154,2.622
HLZ-XHY,60,16:00-17:00,0.001,0,1,0,154,2.631
HLZ-XHY,60,16:00-17:00,0.01,0,0,10,154,2.678
HLZ-XHY,60,16:00-17:00,0.005,0,0,1,154,2.683
HLZ-XHY,60,16:00-17:00,0.01,0,1,1,154,2.706
HLZ-XHY,60,16:00-17:00,0.01,0,0,0,154,2.787
HLZ-XHY,60,16:00-17:00,0.5,0,0,-1,154,3.076
HLZ-XHY,60,07:00-08:00,0.001,0,1,10,58,13.752
HLZ-XHY,60,07:00-08:00,0.01,0,1,10,58,13.871
HLZ-XHY,60,07:00-08:00,0.001,0,0,-1,58,13.888
HLZ-XHY,60,07:00-08:00,0.005,0,1,-1,58,14.016
HLZ-XHY,60,07:00-08:00,0.1,0,1,0,58,14.891
HLZ-XHY,60,07:00-08:00,0.05,0,1,1,58,14.946
HLZ-XHY,60,07:00-08:00,0.005,-1,0,10,58,15.061
HLZ-XHY,60,07:00-08:00,0.05,0,1,10,58,15.096
HLZ-XHY,60,16:30-17:30,0.0001,0,1,-1,238,2.78
HLZ-XHY,60,16:30-17:30,0.5,0,0,1,238,2.883
HLZ-XHY,60,16:30-17:30,0.5,0,0,1,238,2.909
HLZ-XHY,60,16:30-17:30,0.001,0,1,1,238,3.282
HLZ-XHY,60,16:30-17:30,0.001,-1,1,0,238,3.453
HLZ-XHY,60,16:30-17:30,0.001,1,0,-1,238,3.471
HLZ-XHY,60,16:30-17:30,0.0001,1,0,0,238,3.505
HLZ-XHY,60,16:30-17:30,0.05,2,0,1,238,3.563
HLZ-XHY,60,17:00-18:00,0.5,0,1,1,182,2.658
HLZ-XHY,60,17:00-18:00,0.001,1,1,-1,182,2.877
HLZ-XHY,60,17:00-18:00,0.001,1,0,0,182,2.886
HLZ-XHY,60,17:00-18:00,0.005,-1,1,1,182,2.909
HLZ-XHY,60,17:00-18:00,0.005,2,1,10,182,2.923
HLZ-XHY,60,17:00-18:00,0.05,1,0,1,182,3.016
HLZ-XHY,60,17:00-18:00,0.01,-1,0,1,182,3.034
HLZ-XHY,60,17:00-18:00,0.01,2,1,0,182,3.059
HLZ-XHY,60,17:30-18:30,0.005,0,0,-1,208,1.694
HLZ-XHY,60,17:30-18:30,0.0001,0,0,-1,208,1.7
HLZ-XHY,60,17:30-18:30,0.001,0,1,-1,208,1.703
HLZ-XHY,60,17:30-18:30,0.005,0,1,0,208,1.726
HLZ-XHY,60,17:30-18:30,0.001,0,0,100,208,1.847
HLZ-XHY,60,17:30-18:30,0.1,0,0,1,208,1.931
HLZ-XHY,60,17:30-18:30,0.001,-1,0,1,208,2.003
HLZ-XHY,60,17:30-18:30,0.005,-1,1,1,208,2.015
HLZ-XHY,60,18:00-19:00,0.005,0,1,-1,168,1.442
HLZ-XHY,60,18:00-19:00,0.005,0,1,0,168,1.446
HLZ-XHY,60,18:00-19:00,0.01,0,1,-1,168,1.646
HLZ-XHY,60,18:00-19:00,0.001,0,0,10,168,1.677
HLZ-XHY,60,18:00-19:00,0.5,0,0,10,168,1.682
HLZ-XHY,60,18:00-19:00,0.1,0,0,-1,168,1.725
HLZ-XHY,60,18:00-19:00,0.01,0,1,1,168,1.738
HLZ-XHY,60,18:00-19:00,0.05,0,0,0,168,1.743
HLZ-XHY,60,18:30-19:30,0.0001,0,0,0,163,1.401
HLZ-XHY,60,18:30-19:30,0.0001,0,0,-1,163,1.402
HLZ-XHY,60,18:30-19:30,0.001,0,0,0,163,1.424
HLZ-XHY,60,18:30-19:30,0.0005,1,0,-1,163,1.541
HLZ-XHY,60,18:30-19:30,0.001,2,0,0,163,1.542
HLZ-XHY,60,18:30-19:30,0.0001,-1,0,0,163,1.544
HLZ-XHY,60,18:30-19:30,0.005,0,1,1000,163,1.544
HLZ-XHY,60,18:30-19:30,0.001,2,1,-1,163,1.578
HLZ-XHY,60,19:00-20:00,0.005,0,0,1,222,1.35
HLZ-XHY,60,19:00-20:00,0.005,0,0,-1,222,1.35
HLZ-XHY,60,19:00-20:00,0.01,2,0,0,222,1.547
HLZ-XHY,60,19:00-20:00,0.01,2,1,0,222,1.571
HLZ-XHY,60,19:00-20:00,0.1,2,1,-1,222,1.627
HLZ-XHY,60,19:00-20:00,0.5,0,0,1,222,1.689
HLZ-XHY,60,19:00-20:00,0.5,0,1,-1,222,1.699
HLZ-XHY,60,19:00-20:00,0.001,2,0,-1,222,1.703
HLZ-XHY,60,19:30-20:30,0.0005,0,1,1,409,0.836
HLZ-XHY,60,19:30-20:30,0.0001,0,0,-1,409,0.856
HLZ-XHY,60,19:30-20:30,0.0005,1,0,100,409,0.878
HLZ-XHY,60,19:30-20:30,0.0005,1,1,1000,409,0.885
HLZ-XHY,60,19:30-20:30,0.0005,-1,0,-1,409,0.89
HLZ-XHY,60,19:30-20:30,0.0005,-1,0,-1,409,0.891
HLZ-XHY,60,19:30-20:30,0.0005,3,0,0,409,0.896
HLZ-XHY,60,19:30-20:30,0.0005,-1,1,100,409,0.896
HLZ-XHY,60,20:00-21:00,0.005,2,1,10,192,0.592
HLZ-XHY,60,20:00-21:00,0.001,0,1,0,192,0.618
HLZ-XHY,60,20:00-21:00,0.001,0,0,-1,192,0.619
HLZ-XHY,60,20:00-21:00,0.001,2,0,-1,192,0.644
HLZ-XHY,60,20:00-21:00,0.001,3,1,100,192,0.646
HLZ-XHY,60,20:00-21:00,0.001,0,0,10,192,0.646
HLZ-XHY,60,20:00-21:00,0.001,1,0,-1,192,0.648
HLZ-XHY,60,20:00-21:00,0.005,-1,0,1000,192,0.652
HLZ-XHY,60,20:30-21:30,0.0001,2,0,-1,152,0.478
HLZ-XHY,60,20:30-21:30,0.0001,0,1,1000,152,0.486
HLZ-XHY,60,20:30-21:30,0.001,1,1,100,152,0.488
HLZ-XHY,60,20:30-21:30,0.005,-1,0,100,152,0.492
HLZ-XHY,60,20:30-21:30,0.0001,0,0,1,152,0.492
HLZ-XHY,60,20:30-21:30,0.0001,2,0,1000,152,0.493
HLZ-XHY,60,20:30-21:30,0.005,3,0,-1,152,0.493
HLZ-XHY,60,20:30-21:30,0.0001,2,1,1000,152,0.495
HLZ-XHY,60,21:00-22:00,0.001,2,0,-1,222,0.935
HLZ-XHY,60,21:00-22:00,0.005,3,0,0,222,0.99
HLZ-XHY,60,21:00-22:00,0.001,2,2,-1,222,1.016
HLZ-XHY,60,21:00-22:00,0.005,2,2,0,222,1.029
HLZ-XHY,60,21:00-22:00,0.005,2,1,1,222,1.033
HLZ-XHY,60,21:00-22:00,0.005,3,1,0,222,1.04
HLZ-XHY,60,21:00-22:00,0.005,0,0,0,222,1.045
HLZ-XHY,60,21:00-22:00,0.001,2,1,1,222,1.07
HLZ-XHY,60,07:30-08:30,0.5,0,1,10,194,21.287
HLZ-XHY,60,07:30-08:30,0.5,0,1,-1,194,21.462
HLZ-XHY,60,07:30-08:30,0.5,0,1,1000,194,23.78
HLZ-XHY,60,07:30-08:30,0.0005,0,1,1,194,24.016
HLZ-XHY,60,07:30-08:30,0.5,-1,1,10,194,25.51
HLZ-XHY,60,07:30-08:30,0.05,1,0,100,194,25.519
HLZ-XHY,60,07:30-08:30,0.05,-1,0,-1,194,25.644
HLZ-XHY,60,07:30-08:30,0.1,-1,0,1000,194,25.672
HLZ-XHY,60,21:30-22:30,0.005,1,3,-1,230,0.431
HLZ-XHY,60,21:30-22:30,0.0005,-1,2,-1,230,0.442
HLZ-XHY,60,21:30-22:30,0.001,-1,0,0,230,0.45
HLZ-XHY,60,21:30-22:30,0.0001,2,3,0,230,0.45
HLZ-XHY,60,21:30-22:30,0.0001,1,0,-1,230,0.451
HLZ-XHY,60,21:30-22:30,0.005,1,1,0,230,0.462
HLZ-XHY,60,21:30-22:30,0.005,1,0,-1,230,0.464
HLZ-XHY,60,21:30-22:30,0.005,1,1,0,230,0.466
HLZ-XHY,60,22:00-23:00,0.005,3,1,100,59,0.383
HLZ-XHY,60,22:00-23:00,0.001,2,0,1000,59,0.383
HLZ-XHY,60,22:00-23:00,0.001,0,1,1000,59,0.383
HLZ-XHY,60,22:00-23:00,0.001,-1,1,10,59,0.384
HLZ-XHY,60,22:00-23:00,0.005,-1,1,10,59,0.385
HLZ-XHY,60,22:00-23:00,0.005,-1,1,10,59,0.385
HLZ-XHY,60,22:00-23:00,0.005,3,1,10,59,0.386
HLZ-XHY,60,22:00-23:00,0.005,0,1,10,59,0.387
QHZ-CPZ,60,06:00-07:00,0.001,0,0,0,44,13.809
QHZ-CPZ,60,06:00-07:00,0.01,0,1,10,44,13.881
QHZ-CPZ,60,06:00-07:00,0.01,0,0,1,44,13.903
QHZ-CPZ,60,06:00-07:00,0.01,0,0,0,44,13.905
QHZ-CPZ,60,06:00-07:00,0.01,0,1,-1,44,13.938
QHZ-CPZ,60,06:00-07:00,0.5,0,0,0,44,14.725
QHZ-CPZ,60,06:00-07:00,0.1,0,3,100,44,14.947
QHZ-CPZ,60,06:00-07:00,0.5,2,2,100,44,14.965
QHZ-CPZ,60,08:00-09:00,0.01,0,1,0,182,14.853
QHZ-CPZ,60,08:00-09:00,0.005,0,0,1,182,16.484
QHZ-CPZ,60,08:00-09:00,0.001,0,0,1,182,16.502
QHZ-CPZ,60,08:00-09:00,0.5,0,0,-1,182,17.122
QHZ-CPZ,60,08:00-09:00,0.5,0,1,0,182,17.142
QHZ-CPZ,60,08:00-09:00,0.5,0,1,-1,182,17.226
QHZ-CPZ,60,08:00-09:00,0.5,0,1,1,182,17.797
QHZ-CPZ,60,08:00-09:00,0.1,0,0,1,182,18.922
QHZ-CPZ,60,08:30-09:30,0.01,1,1,1000,155,17.065
QHZ-CPZ,60,08:30-09:30,0.05,0,0,1000,155,18.067
QHZ-CPZ,60,08:30-09:30,0.05,0,1,0,155,18.363
QHZ-CPZ,60,08:30-09:30,0.001,0,0,1,155,18.485
QHZ-CPZ,60,08:30-09:30,0.05,0,1,1,155,18.532
QHZ-CPZ,60,08:30-09:30,0.5,0,0,10,155,18.709
QHZ-CPZ,60,08:30-09:30,0.01,0,0,0,155,18.748
QHZ-CPZ,60,08:30-09:30,0.05,-1,0,100,155,20.05
QHZ-CPZ,60,09:00-10:00,0.005,0,1,1,166,16.324
QHZ-CPZ,60,09:00-10:00,0.01,0,1,1,166,16.38
QHZ-CPZ,60,09:00-10:00,0.5,0,0,10,166,16.909
QHZ-CPZ,60,09:00-10:00,0.01,1,1,0,166,17.085
QHZ-CPZ,60,09:00-10:00,0.005,1,0,0,166,17.125
QHZ-CPZ,60,09:00-10:00,0.5,0,1,-1,166,17.169
QHZ-CPZ,60,09:00-10:00,0.05,0,1,-1,166,17.205
QHZ-CPZ,60,09:00-10:00,0.5,0,1,-1,166,17.282
QHZ-CPZ,60,09:30-10:30,0.0005,0,0,1,159,13.326
QHZ-CPZ,60,09:30-10:30,0.0005,0,0,1,159,13.384
QHZ-CPZ,60,09:30-10:30,0.1,0,1,1,159,15.347
QHZ-CPZ,60,09:30-10:30,0.5,0,0,0,159,15.706
QHZ-CPZ,60,09:30-10:30,0.05,0,1,10,159,15.99
QHZ-CPZ,60,09:30-10:30,0.05,0,0,1,159,18.888
QHZ-CPZ,60,09:30-10:30,0.0005,0,1,1000,159,19.816
QHZ-CPZ,60,09:30-10:30,0.005,0,1,100,159,19.946
QHZ-CPZ,60,10:00-11:00,0.005,0,0,100,160,12.962
QHZ-CPZ,60,10:00-11:00,0.01,0,0,0,160,14.524
QHZ-CPZ,60,10:00-11:00,0.005,0,1,-1,160,14.549
QHZ-CPZ,60,10:00-11:00,0.01,0,1,-1,160,14.744
QHZ-CPZ,60,10:00-11:00,0.05,0,1,1000,160,14.977
QHZ-CPZ,60,10:00-11:00,0.01,-1,0,100,160,15.005
QHZ-CPZ,60,10:00-11:00,0.05,0,1,1000,160,15.008
QHZ-CPZ,60,10:00-11:00,0.001,0,0,10,160,15.653
QHZ-CPZ,60,10:30-11:30,0.05,0,1,10,301,14.994
QHZ-CPZ,60,10:30-11:30,0.0001,0,1,1,301,15.359
QHZ-CPZ,60,10:30-11:30,0.001,0,0,1000,301,17.537
QHZ-CPZ,60,10:30-11:30,0.05,-1,1,1,301,18.167
QHZ-CPZ,60,10:30-11:30,0.1,1,1,1,301,18.189
QHZ-CPZ,60,10:30-11:30,0.1,-1,0,100,301,18.417
QHZ-CPZ,60,10:30-11:30,0.01,2,1,-1,301,18.477
QHZ-CPZ,60,10:30-11:30,0.0001,0,1,1000,301,18.761
QHZ-CPZ,60,11:00-12:00,0.001,0,0,100,154,10.603
QHZ-CPZ,60,11:00-12:00,0.1,0,1,100,154,11.322
QHZ-CPZ,60,11:00-12:00,0.05,0,0,100,154,11.328
QHZ-CPZ,60,11:00-12:00,0.1,0,1,100,154,11.409
QHZ-CPZ,60,11:00-12:00,0.5,0,1,0,154,11.749
QHZ-CPZ,60,11:00-12:00,0.05,0,1,1,154,11.803
QHZ-CPZ,60,11:00-12:00,0.01,2,1,100,154,11.818
QHZ-CPZ,60,11:00-12:00,0.1,-1,0,1000,154,12.787
QHZ-CPZ,60,06:30-07:30,0.005,0,0,1000,42,15.31
QHZ-CPZ,60,06:30-07:30,0.0005,0,0,100,42,15.313
QHZ-CPZ,60,06:30-07:30,0.0005,1,0,1000,42,15.317
QHZ-CPZ,60,06:30-07:30,0.001,2,0,1000,42,15.32
QHZ-CPZ,60,06:30-07:30,0.0005,1,0,1000,42,15.338
QHZ-CPZ,60,06:30-07:30,0.0005,1,1,100,42,15.411
QHZ-CPZ,60,06:30-07:30,0.001,-1,0,1000,42,15.465
QHZ-CPZ,60,06:30-07:30,0.005,0,1,-1,42,15.479
QHZ-CPZ,60,11:30-12:30,0.05,0,1,100,193,12.341
QHZ-CPZ,60,11:30-12:30,0.05,0,1,100,193,12.409
QHZ-CPZ,60,11:30-12:30,0.05,-1,1,100,193,13.83
QHZ-CPZ,60,11:30-12:30,0.05,1,1,100,193,13.832
QHZ-CPZ,60,11:30-12:30,0.05,-1,1,1000,193,13.871
QHZ-CPZ,60,11:30-12:30,0.1,1,0,100,193,13.944
QHZ-CPZ,60,11:30-12:30,0.05,0,0,1,193,14.484
QHZ-CPZ,60,11:30-12:30,0.01,0,3,100,193,16.679
QHZ-CPZ,60,12:00-13:00,0.1,0,0,-1,318,14.293
QHZ-CPZ,60,12:00-13:00,0.1,0,0,100,318,16.684
QHZ-CPZ,60,12:00-13:00,0.1,0,0,1000,318,16.728
QHZ-CPZ,60,12:00-13:00,0.005,0,3,0,318,19.694
QHZ-CPZ,60,12:00-13:00,0.01,1,1,1000,318,20.167
QHZ-CPZ,60,12:00-13:00,0.01,-1,1,1000,318,20.193
QHZ-CPZ,60,12:00-13:00,0.005,1,0,-1,318,20.612
QHZ-CPZ,60,12:00-13:00,0.001,0,3,10,318,21.217
QHZ-CPZ,60,12:30-13:30,0.1,1,1,100,256,9.698
QHZ-CPZ,60,12:30-13:30,0.005,0,0,10,256,9.815
QHZ-CPZ,60,12:30-13:30,0.5,0,1,-1,256,10.334
QHZ-CPZ,60,12:30-13:30,0.05,-1,1,1000,256,10.341
QHZ-CPZ,60,12:30-13:30,0.5,1,0,1000,256,10.456
QHZ-CPZ,60,12:30-13:30,0.0001,0,2,1000,256,10.823
QHZ-CPZ,60,12:30-13:30,0.001,0,3,100,256,10.911
QHZ-CPZ,60,12:30-13:30,0.01,-1,1,-1,256,11.22
QHZ-CPZ,60,13:00-14:00,0.1,0,0,0,327,8.404
QHZ-CPZ,60,13:00-14:00,0.5,0,0,-1,327,8.822
QHZ-CPZ,60,13:00-14:00,0.001,0,2,0,327,9.09
QHZ-CPZ,60,13:00-14:00,0.001,0,2,-1,327,9.111
QHZ-CPZ,60,13:00-14:00,0.01,0,2,0,327,9.213
QHZ-CPZ,60,13:00-14:00,0.01,0,3,-1,327,9.267
QHZ-CPZ,60,13:00-14:00,0.05,0,1,-1,327,9.589
QHZ-CPZ,60,13:00-14:00,0.05,0,3,0,327,10.182
QHZ-CPZ,60,13:30-14:30,0.0001,0,0,-1,234,7.67
QHZ-CPZ,60,13:30-14:30,0.0005,0,1,-1,234,7.702
QHZ-CPZ,60,13:30-14:30,0.0001,0,0,-1,234,7.729
QHZ-CPZ,60,13:30-14:30,0.005,0,1,10,234,10.219
QHZ-CPZ,60,13:30-14:30,0.0005,-1,1,-1,234,12.38
QHZ-CPZ,60,13:30-14:30,0.0005,1,1,10,234,12.512
QHZ-CPZ,60,13:30-14:30,0.01,-1,0,-1,234,12.571
QHZ-CPZ,60,13:30-14:30,0.0001,1,1,-1,234,12.585
QHZ-CPZ,60,14:00-15:00,0.001,0,0,10,255,4.378
QHZ-CPZ,60,14:00-15:00,0.005,0,0,10,255,4.387
QHZ-CPZ,60,14:00-15:00,0.01,0,0,1,255,5.169
QHZ-CPZ,60,14:00-15:00,0.005,0,0,-1,255,5.358
QHZ-CPZ,60,14:00-15:00,0.005,2,1,-1,255,5.477
QHZ-CPZ,60,14:00-15:00,0.001,2,1,-1,255,5.569
QHZ-CPZ,60,14:00-15:00,0.005,0,1,0,255,5.586
QHZ-CPZ,60,14:00-15:00,0.005,2,1,-1,255,5.674
QHZ-CPZ,60,14:30-15:30,0.0005,0,0,1000,131,3.443
QHZ-CPZ,60,14:30-15:30,0.0005,0,1,1000,131,3.455
QHZ-CPZ,60,14:30-15:30,0.0001,0,1,1,131,4.617
QHZ-CPZ,60,14:30-15:30,0.001,0,0,1,131,4.618
QHZ-CPZ,60,14:30-15:30,0.005,0,1,0,131,4.626
QHZ-CPZ,60,14:30-15:30,0.0001,0,0,-1,131,4.649
QHZ-CPZ,60,14:30-15:30,0.01,0,1,10,131,4.741
QHZ-CPZ,60,14:30-15:30,0.005,0,1,10,131,4.788
QHZ-CPZ,60,15:00-16:00,0.5,0,1,1,257,3.554
QHZ-CPZ,60,15:00-16:00,0.001,2,1,10,257,3.82
QHZ-CPZ,60,15:00-16:00,0.5,0,0,100,257,3.92
QHZ-CPZ,60,15:00-16:00,0.5,0,1,100,257,4.044
QHZ-CPZ,60,15:00-16:00,0.01,0,0,10,257,4.049
QHZ-CPZ,60,15:00-16:00,0.01,2,1,-1,257,4.066
QHZ-CPZ,60,15:00-16:00,0.01,0,0,1,257,4.099
QHZ-CPZ,60,15:00-16:00,0.005,0,0,0,257,4.128
QHZ-CPZ,60,15:30-16:30,0.0001,0,0,1000,95,2.181
QHZ-CPZ,60,15:30-16:30,0.001,0,0,100,95,2.195
QHZ-CPZ,60,15:30-16:30,0.005,-1,0,1000,95,2.352
QHZ-CPZ,60,15:30-16:30,0.005,1,0,100,95,2.394
QHZ-CPZ,60,15:30-16:30,0.005,-1,0,1000,95,2.41
QHZ-CPZ,60,15:30-16:30,0.01,-1,0,1000,95,2.533
QHZ-CPZ,60,15:30-16:30,0.01,-1,0,1000,95,2.544
QHZ-CPZ,60,15:30-16:30,0.005,2,2,1000,95,2.744
QHZ-CPZ,60,16:00-17:00,0.005,0,0,1000,203,2.233
QHZ-CPZ,60,16:00-17:00,0.001,0,0,100,203,2.241
QHZ-CPZ,60,16:00-17:00,0.001,0,1,10,203,2.412
QHZ-CPZ,60,16:00-17:00,0.01,0,0,1,203,2.454
QHZ-CPZ,60,16:00-17:00,0.05,0,0,1,203,2.529
QHZ-CPZ,60,16:00-17:00,0.5,0,0,0,203,2.546
QHZ-CPZ,60,16:00-17:00,0.01,0,1,100,203,2.567
QHZ-CPZ,60,16:00-17:00,0.5,0,0,10,203,2.631
QHZ-CPZ,60,07:00-08:00,0.001,0,0,0,159,18.212
QHZ-CPZ,60,07:00-08:00,0.001,1,0,-1,159,18.242
QHZ-CPZ,60,07:00-08:00,0.01,2,0,-1,159,18.704
QHZ-CPZ,60,07:00-08:00,0.001,2,0,0,159,18.739
QHZ-CPZ,60,07:00-08:00,0.01,0,1,10,159,18.967
QHZ-CPZ,60,07:00-08:00,0.05,0,1,10,159,20.278
QHZ-CPZ,60,07:00-08:00,0.001,3,1,-1,159,20.318
QHZ-CPZ,60,07:00-08:00,0.001,3,1,-1,159,20.518
QHZ-CPZ,60,16:30-17:30,0.005,0,1,10,119,1.569
QHZ-CPZ,60,16:30-17:30,0.005,0,0,-1,119,1.683
QHZ-CPZ,60,16:30-17:30,0.0001,0,0,-1,119,1.684
QHZ-CPZ,60,16:30-17:30,0.01,0,0,-1,119,1.86
QHZ-CPZ,60,16:30-17:30,0.01,0,1,1,119,1.877
QHZ-CPZ,60,16:30-17:30,0.05,0,0,-1,119,1.932
QHZ-CPZ,60,16:30-17:30,0.005,0,1,100,119,1.981
QHZ-CPZ,60,16:30-17:30,0.005,0,0,1000,119,2.022
QHZ-CPZ,60,17:00-18:00,0.05,0,0,1,239,2.113
QHZ-CPZ,60,17:00-18:00,0.1,0,1,0,239,2.173
QHZ-CPZ,60,17:00-18:00,0.5,0,0,10,239,2.179
QHZ-CPZ,60,17:00-18:00,0.01,0,0,10,239,2.248
QHZ-CPZ,60,17:00-18:00,0.001,-1,0,10,239,2.504
QHZ-CPZ,60,17:00-18:00,0.001,1,1,-1,239,2.51
QHZ-CPZ,60,17:00-18:00,0.005,-1,0,0,239,2.51
QHZ-CPZ,60,17:00-18:00,0.001,1,0,0,239,2.545
QHZ-CPZ,60,17:30-18:30,0.0005,0,0,10,262,1.845
QHZ-CPZ,60,17:30-18:30,0.001,0,1,1,262,1.86
QHZ-CPZ,60,17:30-18:30,0.0005,0,0,1,262,1.877
QHZ-CPZ,60,17:30-18:30,0.0005,-1,1,10,262,1.981
QHZ-CPZ,60,17:30-18:30,0.01,0,0,1,262,2.014
QHZ-CPZ,60,17:30-18:30,0.005,1,1,10,262,2.067
QHZ-CPZ,60,17:30-18:30,0.001,2,0,10,262,2.11
QHZ-CPZ,60,17:30-18:30,0.1,0,1,1,262,2.127
QHZ-CPZ,60,18:00-19:00,0.001,0,0,1,186,1.538
QHZ-CPZ,60,18:00-19:00,0.005,-1,0,10,186,1.598
QHZ-CPZ,60,18:00-19:00,0.001,0,0,0,186,1.612
QHZ-CPZ,60,18:00-19:00,0.005,1,0,10,186,1.63
QHZ-CPZ,60,18:00-19:00,0.001,2,1,-1,186,1.683
QHZ-CPZ,60,18:00-19:00,0.05,0,0,10,186,1.684
QHZ-CPZ,60,18:00-19:00,0.01,0,0,-1,186,1.703
QHZ-CPZ,60,18:00-19:00,0.001,2,0,1,186,1.715
QHZ-CPZ,60,18:30-19:30,0.001,1,0,1,191,1.541
QHZ-CPZ,60,18:30-19:30,0.005,3,0,1,191,1.64
QHZ-CPZ,60,18:30-19:30,0.0001,3,0,1,191,1.655
QHZ-CPZ,60,18:30-19:30,0.0001,2,0,-1,191,1.658
QHZ-CPZ,60,18:30-19:30,0.0005,2,1,-1,191,1.682
QHZ-CPZ,60,18:30-19:30,0.005,-1,1,-1,191,1.765
QHZ-CPZ,60,18:30-19:30,0.01,2,0,-1,191,1.778
QHZ-CPZ,60,18:30-19:30,0.1,0,0,-1,191,1.79
QHZ-CPZ,60,19:00-20:00,0.005,1,1,-1,297,3.244
QHZ-CPZ,60,19:00-20:00,0.001,-1,1,-1,297,3.26
QHZ-CPZ,60,19:00-20:00,0.001,-1,0,0,297,3.547
QHZ-CPZ,60,19:00-20:00,0.05,-1,1,-1,297,3.582
QHZ-CPZ,60,19:00-20:00,0.1,0,0,-1,297,3.66
QHZ-CPZ,60,19:00-20:00,0.01,0,0,1,297,3.676
QHZ-CPZ,60,19:00-20:00,0.05,0,2,-1,297,3.874
QHZ-CPZ,60,19:00-20:00,0.001,-1,1,1,297,3.89
QHZ-CPZ,60,19:30-20:30,0.005,2,1,1,199,0.838
QHZ-CPZ,60,19:30-20:30,0.005,2,0,1,199,0.839
QHZ-CPZ,60,19:30-20:30,0.0001,1,0,1,199,0.847
QHZ-CPZ,60,19:30-20:30,0.0001,2,1,-1,199,0.848
QHZ-CPZ,60,19:30-20:30,0.0005,1,0,1,199,0.855
QHZ-CPZ,60,19:30-20:30,0.0001,-1,0,1,199,0.859
QHZ-CPZ,60,19:30-20:30,0.005,1,0,1,199,0.867
QHZ-CPZ,60,19:30-20:30,0.0001,-1,0,1000,199,0.878
QHZ-CPZ,60,20:00-21:00,0.005,2,1,100,204,0.554
QHZ-CPZ,60,20:00-21:00,0.005,0,0,100,204,0.563
QHZ-CPZ,60,20:00-21:00,0.005,0,0,10,204,0.564
QHZ-CPZ,60,20:00-21:00,0.001,0,1,10,204,0.572
QHZ-CPZ,60,20:00-21:00,0.001,0,1,100,204,0.574
QHZ-CPZ,60,20:00-21:00,0.005,3,1,1000,204,0.597
QHZ-CPZ,60,20:00-21:00,0.005,0,0,-1,204,0.62
QHZ-CPZ,60,20:00-21:00,0.005,1,0,0,204,0.623
QHZ-CPZ,60,20:30-21:30,0.001,-1,0,-1,270,0.456
QHZ-CPZ,60,20:30-21:30,0.001,0,1,-1,270,0.458
QHZ-CPZ,60,20:30-21:30,0.0005,-1,1,-1,270,0.458
QHZ-CPZ,60,20:30-21:30,0.0005,0,0,-1,270,0.46
QHZ-CPZ,60,20:30-21:30,0.0001,-1,1,10,270,0.462
QHZ-CPZ,60,20:30-21:30,0.0001,3,0,0,270,0.463
QHZ-CPZ,60,20:30-21:30,0.005,-1,1,-1,270,0.464
QHZ-CPZ,60,20:30-21:30,0.001,1,1,-1,270,0.465
QHZ-CPZ,60,21:00-22:00,0.001,1,0,-1,121,0.478
QHZ-CPZ,60,21:00-22:00,0.005,2,0,-1,121,0.483
QHZ-CPZ,60,21:00-22:00,0.001,-1,0,1,121,0.487
QHZ-CPZ,60,21:00-22:00,0.005,2,0,0,121,0.492
QHZ-CPZ,60,21:00-22:00,0.005,1,2,-1,121,0.494
QHZ-CPZ,60,21:00-22:00,0.005,2,3,0,121,0.495
QHZ-CPZ,60,21:00-22:00,0.001,2,2,-1,121,0.497
QHZ-CPZ,60,21:00-22:00,0.005,2,3,0,121,0.498
QHZ-CPZ,60,07:30-08:30,0.0001,0,0,1,165,18.007
QHZ-CPZ,60,07:30-08:30,0.01,0,1,1,165,18.064
QHZ-CPZ,60,07:30-08:30,0.0001,0,0,100,165,19.083
QHZ-CPZ,60,07:30-08:30,0.01,0,0,100,165,19.643
QHZ-CPZ,60,07:30-08:30,0.01,0,1,100,165,20.103
QHZ-CPZ,60,07:30-08:30,0.5,0,1,1000,165,20.313
QHZ-CPZ,60,07:30-08:30,0.1,0,1,0,165,20.319
QHZ-CPZ,60,07:30-08:30,0.5,0,1,100,165,20.352
QHZ-CPZ,60,21:30-22:30,0.001,3,3,0,197,0.624
QHZ-CPZ,60,21:30-22:30,0.001,3,3,-1,197,0.629
QHZ-CPZ,60,21:30-22:30,0.005,2,1,-1,197,0.648
QHZ-CPZ,60,21:30-22:30,0.001,2,1,-1,197,0.649
QHZ-CPZ,60,21:30-22:30,0.005,-1,2,0,197,0.653
QHZ-CPZ,60,21:30-22:30,0.0001,3,1,-1,197,0.708
QHZ-CPZ,60,21:30-22:30,0.005,3,2,0,197,0.723
QHZ-CPZ,60,21:30-22:30,0.01,2,3,0,197,0.743
QHZ-CPZ,60,22:00-23:00,0.005,1,0,1,209,0.378
QHZ-CPZ,60,22:00-23:00,0.001,0,1,100,209,0.378
QHZ-CPZ,60,22:00-23:00,0.005,-1,0,1000,209,0.378
QHZ-CPZ,60,22:00-23:00,0.001,-1,0,10,209,0.378
QHZ-CPZ,60,22:00-23:00,0.001,3,0,10,209,0.38
QHZ-CPZ,60,22:00-23:00,0.005,-1,0,100,209,0.381
QHZ-CPZ,60,22:00-23:00,0.005,3,1,10,209,0.381
QHZ-CPZ,60,22:00-23:00,0.001,3,0,1000,209,0.381
XHB-ZJK,60,06:00-07:00,0.005,0,0,1,6,13.839
XHB-ZJK,60,06:00-07:00,0.001,0,1,1,6,13.917
XHB-ZJK,60,06:00-07:00,0.001,0,0,0,6,13.926
XHB-ZJK,60,06:00-07:00,0.05,0,1,-1,6,14.476
XHB-ZJK,60,06:00-07:00,0.1,0,1,1,6,14.643
XHB-ZJK,60,06:00-07:00,0.1,0,1,-1,6,14.882
XHB-ZJK,60,06:00-07:00,0.1,1,3,100,6,15.284
XHB-ZJK,60,06:00-07:00,0.005,2,1,1000,6,15.294
XHB-ZJK,60,08:00-09:00,0.01,0,1,10,170,17.268
XHB-ZJK,60,08:00-09:00,0.001,0,0,0,170,17.691
XHB-ZJK,60,08:00-09:00,0.005,0,0,100,170,17.843
XHB-ZJK,60,08:00-09:00,0.01,0,0,0,170,17.964
XHB-ZJK,60,08:00-09:00,0.001,0,0,1,170,19.408
XHB-ZJK,60,08:00-09:00,0.1,0,0,10,170,19.452
XHB-ZJK,60,08:00-09:00,0.5,0,1,0,170,19.559
XHB-ZJK,60,08:00-09:00,0.1,0,0,-1,170,20.255
XHB-ZJK,60,08:30-09:30,0.01,0,0,1000,185,15.627
XHB-ZJK,60,08:30-09:30,0.01,-1,1,1000,185,16.295
XHB-ZJK,60,08:30-09:30,0.01,1,0,1000,185,16.33
XHB-ZJK,60,08:30-09:30,0.01,1,1,1000,185,16.386
XHB-ZJK,60,08:30-09:30,0.001,0,1,100,185,16.508
XHB-ZJK,60,08:30-09:30,0.001,0,1,0,185,17.103
XHB-ZJK,60,08:30-09:30,0.01,0,1,0,185,17.272
XHB-ZJK,60,08:30-09:30,0.0005,0,0,1,185,17.34
XHB-ZJK,60,09:00-10:00,0.001,0,1,100,248,12.93
XHB-ZJK,60,09:00-10:00,0.001,0,0,100,248,12.965
XHB-ZJK,60,09:00-10:00,0.005,0,1,1000,248,12.968
XHB-ZJK,60,09:00-10:00,0.001,0,0,1000,248,13.008
XHB-ZJK,60,09:00-10:00,0.005,1,0,100,248,13.636
XHB-ZJK,60,09:00-10:00,0.001,-1,0,100,248,14.009
XHB-ZJK,60,09:00-10:00,0.001,2,0,100,248,14.535
XHB-ZJK,60,09:00-10:00,0.01,2,1,100,248,15.086
XHB-ZJK,60,09:30-10:30,0.001,0,1,1000,164,14.285
XHB-ZJK,60,09:30-10:30,0.001,0,1,10,164,15.085
XHB-ZJK,60,09:30-10:30,0.001,0,0,10,164,15.1
XHB-ZJK,60,09:30-10:30,0.1,0,1,10,164,15.684
XHB-ZJK,60,09:30-10:30,0.01,0,0,-1,164,15.836
XHB-ZJK,60,09:30-10:30,0.05,0,0,100,164,17.172
XHB-ZJK,60,09:30-10:30,0.1,0,1,1000,164,17.291
XHB-ZJK,60,09:30-10:30,0.05,0,0,-1,164,17.382
XHB-ZJK,60,10:00-11:00,0.005,0,0,-1,184,11.969
XHB-ZJK,60,10:00-11:00,0.001,0,0,-1,184,12.111
XHB-ZJK,60,10:00-11:00,0.05,0,1,1,184,14.158
XHB-ZJK,60,10:00-11:00,0.5,0,1,1,184,14.234
XHB-ZJK,60,10:00-11:00,0.5,0,0,100,184,15.072
XHB-ZJK,60,10:00-11:00,0.5,0,0,100,184,15.073
XHB-ZJK,60,10:00-11:00,0.1,1,1,100,184,16.325
XHB-ZJK,60,10:00-11:00,0.1,-1,0,100,184,16.352
XHB-ZJK,60,10:30-11:30,0.01,-1,1,100,173,15.303
XHB-ZJK,60,10:30-11:30,0.0005,0,0,1,173,16.837
XHB-ZJK,60,10:30-11:30,0.5,1,0,100,173,17.388
XHB-ZJK,60,10:30-11:30,0.5,1,0,100,173,17.478
XHB-ZJK,60,10:30-11:30,0.0005,0,0,-1,173,17.543
XHB-ZJK,60,10:30-11:30,0.1,-1,1,100,173,17.587
XHB-ZJK,60,10:30-11:30,0.005,0,0,0,173,17.649
XHB-ZJK,60,10:30-11:30,0.1,3,1,100,173,20.888
XHB-ZJK,60,11:00-12:00,0.005,2,1,-1,426,83.831
XHB-ZJK,60,11:00-12:00,0.005,2,1,-1,426,85.805
XHB-ZJK,60,11:00-12:00,0.05,2,0,0,426,93.301
XHB-ZJK,60,11:00-12:00,0.05,1,0,0,426,107.989
XHB-ZJK,60,11:00-12:00,0.5,2,0,0,426,111.217
XHB-ZJK,60,11:00-12:00,0.01,-1,0,-1,426,119.39
XHB-ZJK,60,11:00-12:00,0.001,2,0,0,426,134.28
XHB-ZJK,60,11:00-12:00,0.001,2,2,0,426,134.52
XHB-ZJK,60,06:30-07:30,0.005,0,1,-1,39,13.754
XHB-ZJK,60,06:30-07:30,0.0005,0,0,1,39,13.838
XHB-ZJK,60,06:30-07:30,0.01,0,0,1,39,13.878
XHB-ZJK,60,06:30-07:30,0.0001,0,1,-1,39,13.901
XHB-ZJK,60,06:30-07:30,0.0005,2,0,1000,39,14.761
XHB-ZJK,60,06:30-07:30,0.0001,-1,0,1000,39,14.788
XHB-ZJK,60,06:30-07:30,0.0001,2,1,100,39,14.816
XHB-ZJK,60,06:30-07:30,0.001,0,1,1000,39,14.817
XHB-ZJK,60,11:30-12:30,0.5,0,1,1000,335,15.581
XHB-ZJK,60,11:30-12:30,0.5,0,1,100,335,15.621
XHB-ZJK,60,11:30-12:30,0.1,-1,1,0,335,19.444
XHB-ZJK,60,11:30-12:30,0.5,2,0,1,335,19.527
XHB-ZJK,60,11:30-12:30,0.1,0,1,10,335,19.641
XHB-ZJK,60,11:30-12:30,0.5,2,1,1000,335,19.676
XHB-ZJK,60,11:30-12:30,0.5,1,0,0,335,22.124
XHB-ZJK,60,11:30-12:30,0.5,0,1,10,335,23.022
XHB-ZJK,60,12:00-13:00,0.01,-1,1,1000,244,7.93
XHB-ZJK,60,12:00-13:00,0.01,-1,1,1000,244,7.949
XHB-ZJK,60,12:00-13:00,0.01,1,0,100,244,7.976
XHB-ZJK,60,12:00-13:00,0.005,0,0,0,244,8.408
XHB-ZJK,60,12:00-13:00,0.001,0,1,-1,244,8.49
XHB-ZJK,60,12:00-13:00,0.001,0,1,0,244,8.526
XHB-ZJK,60,12:00-13:00,0.01,0,0,-1,244,8.713
XHB-ZJK,60,12:00-13:00,0.5,0,1,-1,244,9.282
XHB-ZJK,60,12:30-13:30,0.005,0,1,100,165,4.418
XHB-ZJK,60,12:30-13:30,0.005,0,0,100,165,4.425
XHB-ZJK,60,12:30-13:30,0.0001,0,1,1000,165,4.44
XHB-ZJK,60,12:30-13:30,0.01,0,0,1000,165,4.564
XHB-ZJK,60,12:30-13:30,0.001,1,0,1000,165,4.674
XHB-ZJK,60,12:30-13:30,0.0001,-1,0,100,165,4.701
XHB-ZJK,60,12:30-13:30,0.0001,1,0,1000,165,4.704
XHB-ZJK,60,12:30-13:30,0.005,-1,0,1000,165,4.714
XHB-ZJK,60,13:00-14:00,0.001,0,0,0,154,6.532
XHB-ZJK,60,13:00-14:00,0.005,0,1,-1,154,6.552
XHB-ZJK,60,13:00-14:00,0.005,0,1,0,154,6.722
XHB-ZJK,60,13:00-14:00,0.005,0,0,1,154,6.978
XHB-ZJK,60,13:00-14:00,0.01,0,0,1,154,7.192
XHB-ZJK,60,13:00-14:00,0.05,0,0,1,154,7.412
XHB-ZJK,60,13:00-14:00,0.5,0,0,1,154,7.59
XHB-ZJK,60,13:00-14:00,0.1,0,0,-1,154,7.793
XHB-ZJK,60,13:30-14:30,0.01,0,1,-1,229,5.94
XHB-ZJK,60,13:30-14:30,0.05,0,1,10,229,6.746
XHB-ZJK,60,13:30-14:30,0.5,0,1,-1,229,7.229
XHB-ZJK,60,13:30-14:30,0.5,0,1,0,229,7.248
XHB-ZJK,60,13:30-14:30,0.0005,0,1,10,229,8.781
XHB-ZJK,60,13:30-14:30,0.5,1,1,1000,229,8.872
XHB-ZJK,60,13:30-14:30,0.5,-1,1,1000,229,8.875
XHB-ZJK,60,13:30-14:30,0.005,0,2,-1,229,9.525
XHB-ZJK,60,14:00-15:00,0.001,0,0,-1,299,5.555
XHB-ZJK,60,14:00-15:00,0.05,0,1,1,299,5.931
XHB-ZJK,60,14:00-15:00,0.005,2,0,1,299,8.683
XHB-ZJK,60,14:00-15:00,0.01,2,1,0,299,8.908
XHB-ZJK,60,14:00-15:00,0.005,0,3,0,299,8.913
XHB-ZJK,60,14:00-15:00,0.005,0,2,0,299,8.931
XHB-ZJK,60,14:00-15:00,0.01,2,1,0,299,8.958
XHB-ZJK,60,14:00-15:00,0.001,0,2,-1,299,8.988
XHB-ZJK,60,14:30-15:30,0.01,0,0,1,302,5.329
XHB-ZJK,60,14:30-15:30,0.05,0,0,0,302,5.402
XHB-ZJK,60,14:30-15:30,0.05,0,1,1,302,5.479
XHB-ZJK,60,14:30-15:30,0.1,0,1,0,302,5.525
XHB-ZJK,60,14:30-15:30,0.0005,0,0,10,302,5.53
XHB-ZJK,60,14:30-15:30,0.005,0,0,10,302,5.627
XHB-ZJK,60,14:30-15:30,0.01,-1,0,100,302,5.759
XHB-ZJK,60,14:30-15:30,0.5,0,1,100,302,5.808
XHB-ZJK,60,15:00-16:00,0.001,0,0,-1,280,4.896
XHB-ZJK,60,15:00-16:00,0.1,0,0,1000,280,5.165
XHB-ZJK,60,15:00-16:00,0.5,0,1,100,280,5.215
XHB-ZJK,60,15:00-16:00,0.1,-1,0,100,280,5.459
XHB-ZJK,60,15:00-16:00,0.1,-1,0,1000,280,5.488
XHB-ZJK,60,15:00-16:00,0.1,1,1,100,280,5.609
XHB-ZJK,60,15:00-16:00,0.5,1,0,100,280,5.7
XHB-ZJK,60,15:00-16:00,0.05,1,1,1000,280,5.728
XHB-ZJK,60,15:30-16:30,0.001,2,0,1000,209,2.065
XHB-ZJK,60,15:30-16:30,0.0001,2,0,1000,209,2.069
XHB-ZJK,60,15:30-16:30,0.01,2,1,1000,209,2.177
XHB-ZJK,60,15:30-16:30,0.0001,0,0,100,209,2.358
XHB-ZJK,60,15:30-16:30,0.0005,3,1,100,209,2.387
XHB-ZJK,60,15:30-16:30,0.001,3,1,1000,209,2.394
XHB-ZJK,60,15:30-16:30,0.0005,3,1,1000,209,2.396
XHB-ZJK,60,15:30-16:30,0.01,3,1,1000,209,2.504
XHB-ZJK,60,16:00-17:00,0.005,0,0,100,130,2.936
XHB-ZJK,60,16:00-17:00,0.005,0,0,100,130,3.069
XHB-ZJK,60,16:00-17:00,0.01,0,1,1000,130,3.116
XHB-ZJK,60,16:00-17:00,0.01,0,0,100,130,3.212
XHB-ZJK,60,16:00-17:00,0.5,0,1,1,130,3.36
XHB-ZJK,60,16:00-17:00,0.001,0,3,1,130,3.952
XHB-ZJK,60,16:00-17:00,0.001,0,1,10,130,4.205
XHB-ZJK,60,16:00-17:00,0.005,-1,0,0,130,4.239
XHB-ZJK,60,07:00-08:00,0.005,0,1,-1,43,14.32
XHB-ZJK,60,07:00-08:00,0.01,0,0,-1,43,14.342
XHB-ZJK,60,07:00-08:00,0.005,0,1,100,43,14.74
XHB-ZJK,60,07:00-08:00,0.005,0,1,1000,43,14.894
XHB-ZJK,60,07:00-08:00,0.005,1,0,100,43,15.002
XHB-ZJK,60,07:00-08:00,0.01,-1,1,1000,43,15.035
XHB-ZJK,60,07:00-08:00,0.5,0,1,1,43,15.099
XHB-ZJK,60,07:00-08:00,0.01,2,0,10,43,15.691
XHB-ZJK,60,16:30-17:30,0.0001,0,0,-1,218,2.803
XHB-ZJK,60,16:30-17:30,0.0005,0,0,1000,218,2.912
XHB-ZJK,60,16:30-17:30,0.001,0,0,10,218,2.965
XHB-ZJK,60,16:30-17:30,0.0001,0,0,10,218,2.997
XHB-ZJK,60,16:30-17:30,0.001,-1,1,0,218,3.452
XHB-ZJK,60,16:30-17:30,0.001,-1,1,0,218,3.465
XHB-ZJK,60,16:30-17:30,0.005,1,0,-1,218,3.517
XHB-ZJK,60,16:30-17:30,0.0005,-1,0,-1,218,3.523
XHB-ZJK,60,17:00-18:00,0.5,0,1,10,157,1.776
XHB-ZJK,60,17:00-18:00,0.005,0,1,1000,157,2.237
XHB-ZJK,60,17:00-18:00,0.01,0,0,0,157,2.303
XHB-ZJK,60,17:00-18:00,0.1,0,0,10,157,2.316
XHB-ZJK,60,17:00-18:00,0.5,0,0,1,157,2.35
XHB-ZJK,60,17:00-18:00,0.05,0,0,-1,157,2.433
XHB-ZJK,60,17:00-18:00,0.1,0,0,0,157,2.474
XHB-ZJK,60,17:00-18:00,0.001,2,0,-1,157,2.479
XHB-ZJK,60,17:30-18:30,0.005,0,0,1000,89,1.103
XHB-ZJK,60,17:30-18:30,0.005,0,0,1000,89,1.124
XHB-ZJK,60,17:30-18:30,0.0005,0,0,100,89,1.16
XHB-ZJK,60,17:30-18:30,0.0001,3,1,1000,89,1.42
XHB-ZJK,60,17:30-18:30,0.0001,3,0,1000,89,1.456
XHB-ZJK,60,17:30-18:30,0.0001,1,1,100,89,1.527
XHB-ZJK,60,17:30-18:30,0.0005,1,0,100,89,1.536
XHB-ZJK,60,17:30-18:30,0.001,1,1,1000,89,1.537
XHB-ZJK,60,18:00-19:00,0.001,0,0,-1,98,1.374
XHB-ZJK,60,18:00-19:00,0.005,0,1,-1,98,1.421
XHB-ZJK,60,18:00-19:00,0.005,0,1,1,98,1.448
XHB-ZJK,60,18:00-19:00,0.005,0,1,100,98,1.547
XHB-ZJK,60,18:00-19:00,0.005,2,1,1000,98,1.615
XHB-ZJK,60,18:00-19:00,0.01,0,1,-1,98,1.618
XHB-ZJK,60,18:00-19:00,0.005,2,0,100,98,1.636
XHB-ZJK,60,18:00-19:00,0.005,1,0,1000,98,1.655
XHB-ZJK,60,18:30-19:30,0.001,0,0,0,231,1.729
XHB-ZJK,60,18:30-19:30,0.05,0,0,0,231,1.743
XHB-ZJK,60,18:30-19:30,0.1,0,1,-1,231,1.776
XHB-ZJK,60,18:30-19:30,0.001,0,1,-1,231,1.783
XHB-ZJK,60,18:30-19:30,0.005,0,1,0,231,1.834
XHB-ZJK,60,18:30-19:30,0.0005,-1,0,-1,231,1.856
XHB-ZJK,60,18:30-19:30,0.005,-1,1,0,231,1.978
XHB-ZJK,60,18:30-19:30,0.001,1,1,-1,231,2.034
XHB-ZJK,60,19:00-20:00,0.001,1,0,-1,272,1.303
XHB-ZJK,60,19:00-20:00,0.005,0,0,-1,272,1.329
XHB-ZJK,60,19:00-20:00,0.005,-1,1,-1,272,1.337
XHB-ZJK,60,19:00-20:00,0.01,0,0,1,272,1.343
XHB-ZJK,60,19:00-20:00,0.001,-1,1,-1,272,1.346
XHB-ZJK,60,19:00-20:00,0.005,1,0,0,272,1.348
XHB-ZJK,60,19:00-20:00,0.001,1,0,0,272,1.382
XHB-ZJK,60,19:00-20:00,0.001,3,1,-1,272,1.389
XHB-ZJK,60,19:30-20:30,0.0005,-1,1,1,236,0.91
XHB-ZJK,60,19:30-20:30,0.0005,1,1,1,236,0.93
XHB-ZJK,60,19:30-20:30,0.005,-1,1,1,236,0.931
XHB-ZJK,60,19:30-20:30,0.0001,1,1,1,236,0.943
XHB-ZJK,60,19:30-20:30,0.005,3,1,1,236,0.947
XHB-ZJK,60,19:30-20:30,0.0001,2,1,100,236,0.965
XHB-ZJK,60,19:30-20:30,0.005,1,1,10,236,0.981
XHB-ZJK,60,19:30-20:30,0.0005,-1,1,10,236,1.003
XHB-ZJK,60,20:00-21:00,0.001,0,1,100,247,0.639
XHB-ZJK,60,20:00-21:00,0.001,-1,1,100,247,0.642
XHB-ZJK,60,20:00-21:00,0.001,1,1,1000,247,0.643
XHB-ZJK,60,20:00-21:00,0.005,0,0,100,247,0.648
XHB-ZJK,60,20:00-21:00,0.005,2,1,1000,247,0.65
XHB-ZJK,60,20:00-21:00,0.005,2,0,100,247,0.652
XHB-ZJK,60,20:00-21:00,0.001,1,0,10,247,0.657
XHB-ZJK,60,20:00-21:00,0.001,2,1,1000,247,0.669
XHB-ZJK,60,20:30-21:30,0.0005,1,3,0,162,0.549
XHB-ZJK,60,20:30-21:30,0.001,1,2,-1,162,0.555
XHB-ZJK,60,20:30-21:30,0.005,2,2,0,162,0.559
XHB-ZJK,60,20:30-21:30,0.001,2,3,-1,162,0.566
XHB-ZJK,60,20:30-21:30,0.001,2,2,0,162,0.575
XHB-ZJK,60,20:30-21:30,0.001,2,0,1,162,0.582
XHB-ZJK,60,20:30-21:30,0.005,2,1,-1,162,0.604
XHB-ZJK,60,20:30-21:30,0.0005,2,1,-1,162,0.604
XHB-ZJK,60,21:00-22:00,0.005,3,1,1,270,1.328
XHB-ZJK,60,21:00-22:00,0.005,3,1,0,270,1.508
XHB-ZJK,60,21:00-22:00,0.01,3,1,0,270,1.592
XHB-ZJK,60,21:00-22:00,0.005,-1,3,0,270,1.786
XHB-ZJK,60,21:00-22:00,0.1,3,1,-1,270,1.796
XHB-ZJK,60,21:00-22:00,0.05,3,0,0,270,1.848
XHB-ZJK,60,21:00-22:00,0.01,3,3,-1,270,1.953
XHB-ZJK,60,21:00-22:00,0.01,-1,3,1,270,2.055
XHB-ZJK,60,07:30-08:30,0.001,0,0,0,110,18.074
XHB-ZJK,60,07:30-08:30,0.005,0,1,10,110,18.175
XHB-ZJK,60,07:30-08:30,0.005,0,1,1,110,18.391
XHB-ZJK,60,07:30-08:30,0.01,0,1,10,110,18.643
XHB-ZJK,60,07:30-08:30,0.01,1,1,0,110,20.569
XHB-ZJK,60,07:30-08:30,0.0001,1,0,-1,110,20.648
XHB-ZJK,60,07:30-08:30,0.01,-1,1,-1,110,20.66
XHB-ZJK,60,07:30-08:30,0.05,0,1,-1,110,20.661
XHB-ZJK,60,21:30-22:30,0.0001,-1,0,10,192,0.403
XHB-ZJK,60,21:30-22:30,0.0005,2,3,0,192,0.404
XHB-ZJK,60,21:30-22:30,0.0005,1,1,1,192,0.405
XHB-ZJK,60,21:30-22:30,0.0005,2,0,0,192,0.405
XHB-ZJK,60,21:30-22:30,0.0001,1,0,100,192,0.406
XHB-ZJK,60,21:30-22:30,0.0005,2,1,1,192,0.406
XHB-ZJK,60,21:30-22:30,0.001,2,1,1,192,0.406
XHB-ZJK,60,21:30-22:30,0.001,2,1,100,192,0.406
XHB-ZJK,60,22:00-23:00,0.001,1,0,100,0,0.383
XHB-ZJK,60,22:00-23:00,0.001,0,0,1000,0,0.385
XHB-ZJK,60,22:00-23:00,0.001,2,0,100,0,0.386
XHB-ZJK,60,22:00-23:00,0.001,2,0,1000,0,0.386
XHB-ZJK,60,22:00-23:00,0.005,0,0,100,0,0.386
XHB-ZJK,60,22:00-23:00,0.001,0,3,10,0,0.389
XHB-ZJK,60,22:00-23:00,0.001,0,3,100,0,0.391
XHB-ZJK,60,22:00-23:00,0.001,-1,2,10,0,0.393
XHY-XHB,60,06:00-07:00,0.001,0,0,10,12,13.812
XHY-XHB,60,06:00-07:00,0.005,0,1,1,12,13.827
XHY-XHB,60,06:00-07:00,0.01,0,0,0,12,13.947
XHY-XHB,60,06:00-07:00,0.5,0,0,0,12,14.575
XHY-XHB,60,06:00-07:00,0.1,0,0,0,12,14.581
XHY-XHB,60,06:00-07:00,0.1,0,0,0,12,14.709
XHY-XHB,60,06:00-07:00,0.5,0,1,0,12,14.782
XHY-XHB,60,06:00-07:00,0.5,0,3,1000,12,15.282
XHY-XHB,60,08:00-09:00,0.005,0,1,10,157,15.157
XHY-XHB,60,08:00-09:00,0.005,0,0,10,157,15.23
XHY-XHB,60,08:00-09:00,0.001,0,0,0,157,17.044
XHY-XHB,60,08:00-09:00,0.001,0,0,0,157,17.084
XHY-XHB,60,08:00-09:00,0.001,1,0,0,157,17.255
XHY-XHB,60,08:00-09:00,0.005,-1,0,0,157,17.436
XHY-XHB,60,08:00-09:00,0.01,2,1,-1,157,18.67
XHY-XHB,60,08:00-09:00,0.5,0,1,0,157,19.147
XHY-XHB,60,08:30-09:30,0.0005,0,0,1000,164,16.106
XHY-XHB,60,08:30-09:30,0.01,-1,0,100,164,16.135
XHY-XHB,60,08:30-09:30,0.01,1,1,1000,164,16.14
XHY-XHB,60,08:30-09:30,0.0001,0,0,100,164,16.153
XHY-XHB,60,08:30-09:30,0.05,0,1,1000,164,17.015
XHY-XHB,60,08:30-09:30,0.1,0,0,1000,164,17.064
XHY-XHB,60,08:30-09:30,0.5,0,0,100,164,17.413
XHY-XHB,60,08:30-09:30,0.0005,0,0,0,164,17.443
XHY-XHB,60,09:00-10:00,0.005,0,1,-1,183,14.855
XHY-XHB,60,09:00-10:00,0.005,0,0,0,183,15.055
XHY-XHB,60,09:00-10:00,0.01,0,1,1,183,15.147
XHY-XHB,60,09:00-10:00,0.01,0,1,1,183,15.225
XHY-XHB,60,09:00-10:00,0.01,0,1,-1,183,15.298
XHY-XHB,60,09:00-10:00,0.5,0,1,10,183,17.521
XHY-XHB,60,09:00-10:00,0.1,0,1,10,183,17.598
XHY-XHB,60,09:00-10:00,0.001,1,0,-1,183,18.803
XHY-XHB,60,09:30-10:30,0.0001,0,1,1,169,12.051
XHY-XHB,60,09:30-10:30,0.001,0,1,1,169,12.209
XHY-XHB,60,09:30-10:30,0.5,0,0,1,169,12.917
XHY-XHB,60,09:30-10:30,0.001,0,1,1000,169,13.185
XHY-XHB,60,09:30-10:30,0.01,0,1,0,169,13.281
XHY-XHB,60,09:30-10:30,0.01,0,0,100,169,13.305
XHY-XHB,60,09:30-10:30,0.005,0,1,0,169,13.313
XHY-XHB,60,09:30-10:30,0.0001,0,0,10,169,13.411
XHY-XHB,60,10:00-11:00,0.005,0,0,1000,129,10.95
XHY-XHB,60,10:00-11:00,0.005,-1,0,1000,129,11.19
XHY-XHB,60,10:00-11:00,0.005,1,0,100,129,11.252
XHY-XHB,60,10:00-11:00,0.001,-1,0,1000,129,11.279
XHY-XHB,60,10:00-11:00,0.005,2,0,1000,129,11.939
XHY-XHB,60,10:00-11:00,0.001,2,0,100,129,11.952
XHY-XHB,60,10:00-11:00,0.01,2,1,1000,129,11.969
XHY-XHB,60,10:00-11:00,0.005,0,0,10,129,12.307
XHY-XHB,60,10:30-11:30,0.005,0,1,-1,186,14.645
XHY-XHB,60,10:30-11:30,0.005,0,0,-1,186,15.078
XHY-XHB,60,10:30-11:30,0.001,0,0,0,186,15.191
XHY-XHB,60,10:30-11:30,0.01,0,0,0,186,15.244
XHY-XHB,60,10:30-11:30,0.01,0,0,-1,186,15.271
XHY-XHB,60,10:30-11:30,0.1,1,0,100,186,17.193
XHY-XHB,60,10:30-11:30,0.5,1,0,100,186,18.219
XHY-XHB,60,10:30-11:30,0.05,1,1,1000,186,18.861
XHY-XHB,60,11:00-12:00,0.05,1,0,100,328,18.626
XHY-XHB,60,11:00-12:00,0.1,1,0,1000,328,18.731
XHY-XHB,60,11:00-12:00,0.05,-1,0,1000,328,18.803
XHY-XHB,60,11:00-12:00,0.5,1,0,100,328,19.685
XHY-XHB,60,11:00-12:00,0.5,1,0,1000,328,19.766
XHY-XHB,60,11:00-12:00,0.5,1,0,100,328,19.895
XHY-XHB,60,11:00-12:00,0.5,2,1,100,328,22.977
XHY-XHB,60,11:00-12:00,0.1,1,1,-1,328,24.208
XHY-XHB,60,06:30-07:30,0.005,0,0,-1,42,13.72
XHY-XHB,60,06:30-07:30,0.0001,0,0,-1,42,13.789
XHY-XHB,60,06:30-07:30,0.01,0,0,1,42,13.834
XHY-XHB,60,06:30-07:30,0.005,2,1,100,42,14.73
XHY-XHB,60,06:30-07:30,0.0005,-1,0,1000,42,14.818
XHY-XHB,60,06:30-07:30,0.05,0,1,10,42,14.898
XHY-XHB,60,06:30-07:30,0.01,1,1,1000,42,14.927
XHY-XHB,60,06:30-07:30,0.0005,-1,1,1000,42,14.929
XHY-XHB,60,11:30-12:30,0.01,0,0,10,391,12.716
XHY-XHB,60,11:30-12:30,0.1,0,1,1,391,14.769
XHY-XHB,60,11:30-12:30,0.01,-1,0,-1,391,20.872
XHY-XHB,60,11:30-12:30,0.1,0,3,1,391,21.349
XHY-XHB,60,11:30-12:30,0.05,1,1,10,391,22.055
XHY-XHB,60,11:30-12:30,0.1,-1,1,1,391,22.474
XHY-XHB,60,11:30-12:30,0.0005,1,1,0,391,22.629
XHY-XHB,60,11:30-12:30,0.005,1,1,0,391,22.962
XHY-XHB,60,12:00-13:00,0.005,0,1,1,230,7.936
XHY-XHB,60,12:00-13:00,0.005,0,0,0,230,8.086
XHY-XHB,60,12:00-13:00,0.005,0,1,100,230,8.152
XHY-XHB,60,12:00-13:00,0.001,0,0,1000,230,8.213
XHY-XHB,60,12:00-13:00,0.01,0,0,1000,230,8.506
XHY-XHB,60,12:00-13:00,0.001,0,1,10,230,8.551
XHY-XHB,60,12:00-13:00,0.005,0,0,10,230,8.644
XHY-XHB,60,12:00-13:00,0.001,0,1,10,230,8.701
XHY-XHB,60,12:30-13:30,0.0005,0,0,1,230,6.107
XHY-XHB,60,12:30-13:30,0.0001,0,0,10,230,6.113
XHY-XHB,60,12:30-13:30,0.001,0,0,10,230,6.115
XHY-XHB,60,12:30-13:30,0.1,0,1,0,230,6.415
XHY-XHB,60,12:30-13:30,0.5,0,0,0,230,6.417
XHY-XHB,60,12:30-13:30,0.5,0,1,-1,230,6.419
XHY-XHB,60,12:30-13:30,0.5,0,1,0,230,6.419
XHY-XHB,60,12:30-13:30,0.05,0,1,1,230,6.425
XHY-XHB,60,13:00-14:00,0.005,0,0,0,165,6.27
XHY-XHB,60,13:00-14:00,0.01,0,0,0,165,6.285
XHY-XHB,60,13:00-14:00,0.001,0,0,-1,165,6.346
XHY-XHB,60,13:00-14:00,0.001,0,1,1,165,6.925
XHY-XHB,60,13:00-14:00,0.001,0,1,1,165,6.927
XHY-XHB,60,13:00-14:00,0.01,-1,1,1000,165,7.012
XHY-XHB,60,13:00-14:00,0.01,0,0,1000,165,7.054
XHY-XHB,60,13:00-14:00,0.01,0,1,1,165,7.076
XHY-XHB,60,13:30-14:30,0.5,0,0,1,254,5.972
XHY-XHB,60,13:30-14:30,0.001,0,0,0,254,6.079
XHY-XHB,60,13:30-14:30,0.001,0,0,1,254,6.269
XHY-XHB,60,13:30-14:30,0.01,0,0,-1,254,6.334
XHY-XHB,60,13:30-14:30,0.01,0,1,-1,254,6.682
XHY-XHB,60,13:30-14:30,0.1,0,0,1000,254,8.613
XHY-XHB,60,13:30-14:30,0.005,0,2,1,254,8.822
XHY-XHB,60,13:30-14:30,0.0001,0,3,-1,254,9.069
XHY-XHB,60,14:00-15:00,0.005,0,1,0,238,5.287
XHY-XHB,60,14:00-15:00,0.05,0,1,-1,238,5.96
XHY-XHB,60,14:00-15:00,0.5,0,1,-1,238,5.989
XHY-XHB,60,14:00-15:00,0.1,0,0,-1,238,6.189
XHY-XHB,60,14:00-15:00,0.5,0,1,1000,238,7.355
XHY-XHB,60,14:00-15:00,0.001,2,0,10,238,7.902
XHY-XHB,60,14:00-15:00,0.005,2,1,1,238,8.186
XHY-XHB,60,14:00-15:00,0.001,2,0,-1,238,8.22
XHY-XHB,60,14:30-15:30,0.05,0,1,-1,327,6.533
XHY-XHB,60,14:30-15:30,0.001,1,1,0,327,6.732
XHY-XHB,60,14:30-15:30,0.0001,1,1,-1,327,6.755
XHY-XHB,60,14:30-15:30,0.0001,-1,1,1,327,6.814
XHY-XHB,60,14:30-15:30,0.0001,1,1,-1,327,6.878
XHY-XHB,60,14:30-15:30,0.001,2,1,-1,327,6.972
XHY-XHB,60,14:30-15:30,0.0001,2,1,-1,327,7.028
XHY-XHB,60,14:30-15:30,0.001,-1,0,-1,327,7.086
XHY-XHB,60,15:00-16:00,0.005,0,1,1000,154,3.392
XHY-XHB,60,15:00-16:00,0.01,0,0,1000,154,3.499
XHY-XHB,60,15:00-16:00,0.001,0,0,1000,154,3.535
XHY-XHB,60,15:00-16:00,0.05,0,0,100,154,3.966
XHY-XHB,60,15:00-16:00,0.5,0,0,100,154,4.012
XHY-XHB,60,15:00-16:00,0.5,0,0,100,154,4.025
XHY-XHB,60,15:00-16:00,0.1,0,1,100,154,4.091
XHY-XHB,60,15:00-16:00,0.5,-1,1,100,154,4.326
XHY-XHB,60,15:30-16:30,0.01,2,0,1000,195,2.159
XHY-XHB,60,15:30-16:30,0.1,2,1,100,195,2.338
XHY-XHB,60,15:30-16:30,0.0001,3,1,1000,195,2.355
XHY-XHB,60,15:30-16:30,0.0001,3,1,1000,195,2.356
XHY-XHB,60,15:30-16:30,0.0001,3,1,1000,195,2.374
XHY-XHB,60,15:30-16:30,0.01,3,1,100,195,2.502
XHY-XHB,60,15:30-16:30,0.001,0,1,100,195,2.808
XHY-XHB,60,15:30-16:30,0.0001,2,2,100,195,2.88
XHY-XHB,60,16:00-17:00,0.005,0,1,-1,102,2.515
XHY-XHB,60,16:00-17:00,0.005,0,1,1,102,2.572
XHY-XHB,60,16:00-17:00,0.005,0,1,1,102,2.609
XHY-XHB,60,16:00-17:00,0.001,0,0,100,102,2.736
XHY-XHB,60,16:00-17:00,0.1,0,0,-1,102,2.948
XHY-XHB,60,16:00-17:00,0.5,0,1,-1,102,3.007
XHY-XHB,60,16:00-17:00,0.005,0,3,0,102,3.27
XHY-XHB,60,16:00-17:00,0.001,0,3,0,102,3.299
XHY-XHB,60,07:00-08:00,0.005,0,0,1,1.00E+100,14.174
XHY-XHB,60,07:00-08:00,0.005,0,1,0,1.00E+100,14.182
XHY-XHB,60,07:00-08:00,0.005,0,0,10,1.00E+100,14.219
XHY-XHB,60,07:00-08:00,0.01,0,0,10,1.00E+100,14.404
XHY-XHB,60,07:00-08:00,0.001,2,1,100,1.00E+100,14.956
XHY-XHB,60,07:00-08:00,0.005,2,0,1000,1.00E+100,14.983
XHY-XHB,60,07:00-08:00,0.001,2,0,1000,1.00E+100,15.058
XHY-XHB,60,07:00-08:00,0.005,0,0,100,1.00E+100,15.059
XHY-XHB,60,16:30-17:30,0.0001,0,1,-1,327,2.96
XHY-XHB,60,16:30-17:30,0.0001,0,1,1,327,2.989
XHY-XHB,60,16:30-17:30,0.0001,0,0,1,327,3.011
XHY-XHB,60,16:30-17:30,0.1,0,0,10,327,3.371
XHY-XHB,60,16:30-17:30,0.05,0,0,-1,327,3.379
XHY-XHB,60,16:30-17:30,0.001,1,0,1,327,3.608
XHY-XHB,60,16:30-17:30,0.0001,1,1,0,327,3.622
XHY-XHB,60,16:30-17:30,0.0005,-1,0,0,327,3.659
XHY-XHB,60,17:00-18:00,0.005,0,0,0,192,2.03
XHY-XHB,60,17:00-18:00,0.005,0,0,10,192,2.176
XHY-XHB,60,17:00-18:00,0.5,0,0,0,192,2.409
XHY-XHB,60,17:00-18:00,0.005,1,0,1,192,2.494
XHY-XHB,60,17:00-18:00,0.005,2,0,1,192,2.504
XHY-XHB,60,17:00-18:00,0.001,2,1,1,192,2.511
XHY-XHB,60,17:00-18:00,0.001,1,1,-1,192,2.548
XHY-XHB,60,17:00-18:00,0.001,0,2,1,192,2.578
XHY-XHB,60,17:30-18:30,0.001,0,0,1000,144,1.292
XHY-XHB,60,17:30-18:30,0.01,0,1,1000,144,1.503
XHY-XHB,60,17:30-18:30,0.0005,-1,0,100,144,1.607
XHY-XHB,60,17:30-18:30,0.0001,0,0,0,144,1.616
XHY-XHB,60,17:30-18:30,0.0005,-1,0,1000,144,1.628
XHY-XHB,60,17:30-18:30,0.0001,0,0,-1,144,1.646
XHY-XHB,60,17:30-18:30,0.05,0,1,100,144,1.664
XHY-XHB,60,17:30-18:30,0.0005,2,0,1000,144,1.667
XHY-XHB,60,18:00-19:00,0.01,0,1,-1,156,1.686
XHY-XHB,60,18:00-19:00,0.1,0,1,100,156,1.696
XHY-XHB,60,18:00-19:00,0.01,0,0,0,156,1.726
XHY-XHB,60,18:00-19:00,0.5,0,1,100,156,1.728
XHY-XHB,60,18:00-19:00,0.005,2,0,-1,156,1.795
XHY-XHB,60,18:00-19:00,0.01,0,1,10,156,1.8
XHY-XHB,60,18:00-19:00,0.1,0,1,1,156,1.824
XHY-XHB,60,18:00-19:00,0.05,0,1,1,156,1.859
XHY-XHB,60,18:30-19:30,0.005,2,0,-1,224,1.618
XHY-XHB,60,18:30-19:30,0.001,-1,0,-1,224,1.665
XHY-XHB,60,18:30-19:30,0.001,1,1,1,224,1.721
XHY-XHB,60,18:30-19:30,0.0001,1,1,1,224,1.732
XHY-XHB,60,18:30-19:30,0.0005,-1,1,1,224,1.763
XHY-XHB,60,18:30-19:30,0.001,0,0,1000,224,1.817
XHY-XHB,60,18:30-19:30,0.001,0,0,100,224,1.833
XHY-XHB,60,18:30-19:30,0.0005,-1,0,1,224,1.835
XHY-XHB,60,19:00-20:00,0.005,0,0,0,209,1.268
XHY-XHB,60,19:00-20:00,0.001,1,1,-1,209,1.328
XHY-XHB,60,19:00-20:00,0.001,-1,1,0,209,1.339
XHY-XHB,60,19:00-20:00,0.05,0,0,-1,209,1.377
XHY-XHB,60,19:00-20:00,0.001,2,0,1,209,1.379
XHY-XHB,60,19:00-20:00,0.005,1,1,1,209,1.395
XHY-XHB,60,19:00-20:00,0.005,-1,0,1,209,1.463
XHY-XHB,60,19:00-20:00,0.5,0,0,-1,209,1.472
XHY-XHB,60,19:30-20:30,0.0001,0,0,0,239,0.896
XHY-XHB,60,19:30-20:30,0.001,1,1,-1,239,0.925
XHY-XHB,60,19:30-20:30,0.001,1,0,-1,239,0.928
XHY-XHB,60,19:30-20:30,0.0005,-1,0,1,239,0.932
XHY-XHB,60,19:30-20:30,0.001,1,1,-1,239,0.938
XHY-XHB,60,19:30-20:30,0.001,2,0,0,239,0.948
XHY-XHB,60,19:30-20:30,0.001,2,0,1,239,0.951
XHY-XHB,60,19:30-20:30,0.0001,1,1,-1,239,0.953
XHY-XHB,60,20:00-21:00,0.005,0,1,1000,229,0.584
XHY-XHB,60,20:00-21:00,0.005,0,1,100,229,0.592
XHY-XHB,60,20:00-21:00,0.005,0,1,100,229,0.592
XHY-XHB,60,20:00-21:00,0.001,-1,1,1000,229,0.593
XHY-XHB,60,20:00-21:00,0.005,1,1,100,229,0.597
XHY-XHB,60,20:00-21:00,0.001,-1,0,10,229,0.605
XHY-XHB,60,20:00-21:00,0.001,0,0,0,229,0.608
XHY-XHB,60,20:00-21:00,0.001,2,0,10,229,0.609
XHY-XHB,60,20:30-21:30,0.005,2,1,10,155,0.501
XHY-XHB,60,20:30-21:30,0.001,2,0,10,155,0.501
XHY-XHB,60,20:30-21:30,0.005,1,0,0,155,0.507
XHY-XHB,60,20:30-21:30,0.001,2,0,0,155,0.512
XHY-XHB,60,20:30-21:30,0.001,2,0,100,155,0.514
XHY-XHB,60,20:30-21:30,0.0001,1,1,-1,155,0.515
XHY-XHB,60,20:30-21:30,0.005,1,2,0,155,0.525
XHY-XHB,60,20:30-21:30,0.005,-1,0,1,155,0.529
XHY-XHB,60,21:00-22:00,0.001,3,1,-1,236,1.001
XHY-XHB,60,21:00-22:00,0.001,-1,2,1,236,1.037
XHY-XHB,60,21:00-22:00,0.001,3,0,1,236,1.064
XHY-XHB,60,21:00-22:00,0.01,3,1,-1,236,1.169
XHY-XHB,60,21:00-22:00,0.01,0,0,0,236,1.179
XHY-XHB,60,21:00-22:00,0.1,3,1,1,236,1.217
XHY-XHB,60,21:00-22:00,0.001,2,3,1,236,1.238
XHY-XHB,60,21:00-22:00,0.1,0,0,-1,236,1.242
XHY-XHB,60,07:30-08:30,0.0005,-1,0,10,187,21.477
XHY-XHB,60,07:30-08:30,0.1,0,0,10,187,21.705
XHY-XHB,60,07:30-08:30,0.5,0,1,1000,187,21.719
XHY-XHB,60,07:30-08:30,0.005,0,0,10,187,22.073
XHY-XHB,60,07:30-08:30,0.01,0,0,10,187,22.295
XHY-XHB,60,07:30-08:30,0.0005,0,1,1,187,22.633
XHY-XHB,60,07:30-08:30,0.5,0,1,0,187,22.976
XHY-XHB,60,07:30-08:30,0.01,2,1,100,187,23.885
XHY-XHB,60,21:30-22:30,0.0001,2,1,-1,243,0.441
XHY-XHB,60,21:30-22:30,0.0005,2,1,0,243,0.447
XHY-XHB,60,21:30-22:30,0.001,2,1,0,243,0.452
XHY-XHB,60,21:30-22:30,0.001,2,3,0,243,0.46
XHY-XHB,60,21:30-22:30,0.0001,1,2,-1,243,0.464
XHY-XHB,60,21:30-22:30,0.0001,-1,2,0,243,0.469
XHY-XHB,60,21:30-22:30,0.0005,3,1,0,243,0.477
XHY-XHB,60,21:30-22:30,0.005,3,0,-1,243,0.481
XHY-XHB,60,22:00-23:00,0.001,1,0,100,0,0.383
XHY-XHB,60,22:00-23:00,0.005,0,0,100,0,0.383
XHY-XHB,60,22:00-23:00,0.005,0,0,1000,0,0.385
XHY-XHB,60,22:00-23:00,0.001,-1,2,10,0,0.386
XHY-XHB,60,22:00-23:00,0.005,1,0,1000,0,0.386
XHY-XHB,60,22:00-23:00,0.005,1,0,10,0,0.386
XHY-XHB,60,22:00-23:00,0.001,1,0,1000,0,0.387
XHY-XHB,60,22:00-23:00,0.005,2,1,100,0,0.388
BDL-DHY,90,06:00-07:30,0.001,0,0,-1,74,13.935
BDL-DHY,90,06:00-07:30,0.01,0,1,10,74,13.954
BDL-DHY,90,06:00-07:30,0.05,0,1,10,74,14.978
BDL-DHY,90,06:00-07:30,0.0005,1,1,0,74,15.437
BDL-DHY,90,06:00-07:30,0.0005,1,1,-1,74,15.444
BDL-DHY,90,06:00-07:30,0.01,-1,0,1,74,15.522
BDL-DHY,90,06:00-07:30,0.01,1,1,1,74,15.536
BDL-DHY,90,06:00-07:30,0.0005,2,1,1,74,15.545
BDL-DHY,90,08:00-09:30,0.005,0,0,1,487,24.361
BDL-DHY,90,08:00-09:30,0.01,1,0,1,487,29.214
BDL-DHY,90,08:00-09:30,0.01,2,1,0,487,30.28
BDL-DHY,90,08:00-09:30,0.5,0,0,-1,487,32.124
BDL-DHY,90,08:00-09:30,0.05,-1,1,-1,487,32.854
BDL-DHY,90,08:00-09:30,0.5,-1,1,-1,487,32.875
BDL-DHY,90,08:00-09:30,0.5,-1,1,-1,487,32.944
BDL-DHY,90,08:00-09:30,0.1,-1,0,10,487,33.127
BDL-DHY,90,08:30-10:00,0.01,2,0,100,455,22.845
BDL-DHY,90,08:30-10:00,0.5,1,0,1000,455,23.241
BDL-DHY,90,08:30-10:00,0.05,1,0,1000,455,23.29
BDL-DHY,90,08:30-10:00,0.01,3,0,1000,455,24.098
BDL-DHY,90,08:30-10:00,0.05,-1,1,100,455,25.969
BDL-DHY,90,08:30-10:00,0.5,1,1,1000,455,27.014
BDL-DHY,90,08:30-10:00,0.05,2,1,100,455,28.581
BDL-DHY,90,08:30-10:00,0.01,0,0,10,455,30.432
BDL-DHY,90,09:00-10:30,0.01,0,0,-1,459,24.177
BDL-DHY,90,09:00-10:30,0.05,-1,0,100,459,25.737
BDL-DHY,90,09:00-10:30,0.1,-1,0,100,459,25.814
BDL-DHY,90,09:00-10:30,0.5,0,0,0,459,26.755
BDL-DHY,90,09:00-10:30,0.05,-1,1,100,459,29.155
BDL-DHY,90,09:00-10:30,0.5,0,1,0,459,29.42
BDL-DHY,90,09:00-10:30,0.5,2,1,1000,459,33.264
BDL-DHY,90,09:00-10:30,0.0005,0,2,1,459,36.753
BDL-DHY,90,09:30-11:00,0.1,0,0,0,454,22.713
BDL-DHY,90,09:30-11:00,0.01,0,0,0,454,23.147
BDL-DHY,90,09:30-11:00,0.01,0,0,0,454,23.209
BDL-DHY,90,09:30-11:00,0.5,0,2,0,454,39.362
BDL-DHY,90,09:30-11:00,0.001,0,2,10,454,42.025
BDL-DHY,90,09:30-11:00,0.01,0,2,10,454,43.088
BDL-DHY,90,09:30-11:00,0.05,2,0,0,454,44.965
BDL-DHY,90,09:30-11:00,0.05,2,0,0,454,46.168
BDL-DHY,90,10:00-11:30,0.1,0,0,0,429,35.187
BDL-DHY,90,10:00-11:30,0.001,0,3,10,429,38.301
BDL-DHY,90,10:00-11:30,0.005,0,0,-1,429,41.481
BDL-DHY,90,10:00-11:30,0.1,0,2,0,429,41.625
BDL-DHY,90,10:00-11:30,0.05,1,0,1000,429,46.184
BDL-DHY,90,10:00-11:30,0.1,1,0,10,429,46.551
BDL-DHY,90,10:00-11:30,0.0005,-1,0,1000,429,47.454
BDL-DHY,90,10:00-11:30,0.0001,-1,1,100,429,48.539
BDL-DHY,90,10:30-12:00,0.05,0,0,1,574,56.555
BDL-DHY,90,10:30-12:00,0.05,1,1,-1,574,57.014
BDL-DHY,90,10:30-12:00,0.05,1,0,-1,574,57.807
BDL-DHY,90,10:30-12:00,0.5,1,2,-1,574,58.108
BDL-DHY,90,10:30-12:00,0.001,-1,0,1,574,58.147
BDL-DHY,90,10:30-12:00,0.5,0,2,1,574,58.846
BDL-DHY,90,10:30-12:00,0.005,-1,0,1,574,59.406
BDL-DHY,90,10:30-12:00,0.1,2,0,0,574,60.904
BDL-DHY,90,11:00-12:30,0.05,-1,0,-1,539,48.235
BDL-DHY,90,11:00-12:30,0.05,1,0,-1,539,49.274
BDL-DHY,90,11:00-12:30,0.1,1,1,0,539,50.879
BDL-DHY,90,11:00-12:30,0.01,1,1,10,539,62.454
BDL-DHY,90,11:00-12:30,0.0005,1,1,1,539,64.798
BDL-DHY,90,11:00-12:30,0.0005,1,1,1,539,64.999
BDL-DHY,90,11:00-12:30,0.0001,1,1,10,539,66.906
BDL-DHY,90,11:00-12:30,0.1,2,0,0,539,75.644
BDL-DHY,90,06:30-08:00,0.0005,0,1,-1,76,16.398
BDL-DHY,90,06:30-08:00,0.0005,0,0,1,76,16.412
BDL-DHY,90,06:30-08:00,0.0001,0,0,-1,76,16.492
BDL-DHY,90,06:30-08:00,0.005,0,0,-1,76,16.626
BDL-DHY,90,06:30-08:00,0.01,0,0,0,76,16.758
BDL-DHY,90,06:30-08:00,0.05,0,0,0,76,18.12
BDL-DHY,90,06:30-08:00,0.1,0,1,0,76,18.147
BDL-DHY,90,06:30-08:00,0.5,0,1,-1,76,18.158
BDL-DHY,90,11:30-13:00,0.001,-1,1,1,730,47.433
BDL-DHY,90,11:30-13:00,0.0005,1,1,0,730,47.788
BDL-DHY,90,11:30-13:00,0.005,-1,1,1,730,50.469
BDL-DHY,90,11:30-13:00,0.1,1,2,10,730,60.127
BDL-DHY,90,11:30-13:00,0.01,1,0,0,730,68.729
BDL-DHY,90,11:30-13:00,0.05,-1,0,10,730,76.737
BDL-DHY,90,11:30-13:00,0.5,-1,1,0,730,76.823
BDL-DHY,90,11:30-13:00,0.1,1,1,10,730,76.949
BDL-DHY,90,12:00-13:30,0.0005,-1,1,1000,480,37.674
BDL-DHY,90,12:00-13:30,0.0005,-1,1,100,480,38.261
BDL-DHY,90,12:00-13:30,0.0001,-1,1,100,480,38.954
BDL-DHY,90,12:00-13:30,0.001,-1,1,-1,480,40.126
BDL-DHY,90,12:00-13:30,0.005,-1,1,-1,480,40.187
BDL-DHY,90,12:00-13:30,0.01,0,0,10,480,40.263
BDL-DHY,90,12:00-13:30,0.1,0,0,1,480,40.765
BDL-DHY,90,12:00-13:30,0.0005,1,1,0,480,41.023
BDL-DHY,90,12:30-14:00,0.01,2,2,-1,539,52.242
BDL-DHY,90,12:30-14:00,0.01,3,2,0,539,52.383
BDL-DHY,90,12:30-14:00,0.01,2,2,-1,539,53.53
BDL-DHY,90,12:30-14:00,0.0005,1,0,1,539,53.662
BDL-DHY,90,12:30-14:00,0.01,-1,2,-1,539,54.227
BDL-DHY,90,12:30-14:00,0.1,-1,2,-1,539,55.537
BDL-DHY,90,12:30-14:00,0.001,1,0,1,539,56.342
BDL-DHY,90,12:30-14:00,0.001,1,0,0,539,56.533
BDL-DHY,90,13:00-14:30,0.005,-1,0,-1,514,50.986
BDL-DHY,90,13:00-14:30,0.005,-1,0,0,514,53.89
BDL-DHY,90,13:00-14:30,0.005,-1,0,10,514,55.068
BDL-DHY,90,13:00-14:30,0.01,1,2,-1,514,57.037
BDL-DHY,90,13:00-14:30,0.0005,1,2,1,514,57.577
BDL-DHY,90,13:00-14:30,0.1,3,0,0,514,59.332
BDL-DHY,90,13:00-14:30,0.001,0,0,0,514,59.446
BDL-DHY,90,13:00-14:30,0.1,3,0,-1,514,60.364
BDL-DHY,90,13:30-15:00,0.001,0,0,1,447,11.351
BDL-DHY,90,13:30-15:00,0.0005,0,2,-1,447,15.115
BDL-DHY,90,13:30-15:00,0.005,0,2,1,447,15.537
BDL-DHY,90,13:30-15:00,0.005,0,3,0,447,16.476
BDL-DHY,90,13:30-15:00,0.005,0,3,0,447,16.686
BDL-DHY,90,13:30-15:00,0.5,-1,1,-1,447,20.058
BDL-DHY,90,13:30-15:00,0.001,-1,0,-1,447,20.091
BDL-DHY,90,13:30-15:00,0.1,0,1,0,447,20.498
BDL-DHY,90,14:00-15:30,0.001,0,0,-1,617,13.008
BDL-DHY,90,14:00-15:30,0.0005,0,0,-1,617,13.146
BDL-DHY,90,14:00-15:30,0.1,0,0,0,617,14.915
BDL-DHY,90,14:00-15:30,0.5,0,0,-1,617,17.377
BDL-DHY,90,14:00-15:30,0.05,-1,1,-1,617,17.448
BDL-DHY,90,14:00-15:30,0.001,-1,0,1,617,17.888
BDL-DHY,90,14:00-15:30,0.5,1,1,-1,617,19.13
BDL-DHY,90,14:00-15:30,0.05,-1,1,0,617,19.224
BDL-DHY,90,14:30-16:00,0.001,0,2,1,535,7.215
BDL-DHY,90,14:30-16:00,0.0001,0,3,-1,535,7.443
BDL-DHY,90,14:30-16:00,0.0001,0,3,1,535,7.445
BDL-DHY,90,14:30-16:00,0.0005,2,1,-1,535,9.768
BDL-DHY,90,14:30-16:00,0.5,0,3,1,535,9.954
BDL-DHY,90,14:30-16:00,0.0001,2,1,1,535,10.111
BDL-DHY,90,14:30-16:00,0.0001,2,1,-1,535,10.309
BDL-DHY,90,14:30-16:00,0.005,2,1,-1,535,10.33
BDL-DHY,90,15:00-16:30,0.05,0,1,1,527,4.797
BDL-DHY,90,15:00-16:30,0.1,0,0,-1,527,5.818
BDL-DHY,90,15:00-16:30,0.5,0,1,-1,527,5.943
BDL-DHY,90,15:00-16:30,0.0001,0,2,1,527,7.444
BDL-DHY,90,15:00-16:30,0.005,2,0,1,527,7.501
BDL-DHY,90,15:00-16:30,0.0005,0,3,-1,527,7.508
BDL-DHY,90,15:00-16:30,0.001,2,0,-1,527,7.508
BDL-DHY,90,15:00-16:30,0.0005,0,3,-1,527,7.519
BDL-DHY,90,15:30-17:00,0.005,0,0,1000,277,3.939
BDL-DHY,90,15:30-17:00,0.0001,0,0,1000,277,3.976
BDL-DHY,90,15:30-17:00,0.0005,0,0,1000,277,4.005
BDL-DHY,90,15:30-17:00,0.1,0,1,-1,277,4.12
BDL-DHY,90,15:30-17:00,0.005,0,2,1,277,4.21
BDL-DHY,90,15:30-17:00,0.0001,0,2,0,277,4.243
BDL-DHY,90,15:30-17:00,0.0001,0,2,-1,277,4.341
BDL-DHY,90,15:30-17:00,0.1,1,0,1000,277,4.357
BDL-DHY,90,16:00-17:30,0.0005,0,0,-1,440,3.889
BDL-DHY,90,16:00-17:30,0.005,0,2,0,440,4.198
BDL-DHY,90,16:00-17:30,0.01,0,3,-1,440,4.446
BDL-DHY,90,16:00-17:30,0.005,0,1,0,440,4.495
BDL-DHY,90,16:00-17:30,0.0005,0,2,1,440,4.527
BDL-DHY,90,16:00-17:30,0.0001,0,1,-1,440,4.594
BDL-DHY,90,16:00-17:30,0.005,0,3,1,440,4.895
BDL-DHY,90,16:00-17:30,0.001,0,1,10,440,5.605
BDL-DHY,90,07:00-08:30,0.01,-1,0,-1,256,26.402
BDL-DHY,90,07:00-08:30,0.1,1,1,-1,256,27.72
BDL-DHY,90,07:00-08:30,0.01,-1,1,0,256,28.373
BDL-DHY,90,07:00-08:30,0.5,-1,1,0,256,28.421
BDL-DHY,90,07:00-08:30,0.5,0,0,100,256,28.426
BDL-DHY,90,07:00-08:30,0.1,2,0,0,256,28.893
BDL-DHY,90,07:00-08:30,0.1,-1,0,1000,256,29.771
BDL-DHY,90,07:00-08:30,0.05,0,1,100,256,29.835
BDL-DHY,90,16:30-18:00,0.01,0,0,1,438,4.037
BDL-DHY,90,16:30-18:00,0.0005,0,2,1,438,5.063
BDL-DHY,90,16:30-18:00,0.005,0,2,1,438,5.073
BDL-DHY,90,16:30-18:00,0.0001,0,2,-1,438,5.162
BDL-DHY,90,16:30-18:00,0.5,0,0,-1,438,5.347
BDL-DHY,90,16:30-18:00,0.01,0,2,-1,438,5.395
BDL-DHY,90,16:30-18:00,0.005,0,3,1,438,5.53
BDL-DHY,90,16:30-18:00,0.0001,0,0,-1,438,5.602
BDL-DHY,90,17:00-18:30,0.01,0,0,0,434,9.386
BDL-DHY,90,17:00-18:30,0.01,0,0,0,434,10.216
BDL-DHY,90,17:00-18:30,0.0005,2,0,-1,434,10.76
BDL-DHY,90,17:00-18:30,0.0001,0,2,0,434,11.239
BDL-DHY,90,17:00-18:30,0.1,1,0,1,434,11.24
BDL-DHY,90,17:00-18:30,0.1,-1,0,1,434,11.968
BDL-DHY,90,17:00-18:30,0.05,1,2,1,434,11.995
BDL-DHY,90,17:00-18:30,0.01,-1,2,1,434,12.407
BDL-DHY,90,17:30-19:00,0.0005,0,0,-1,516.999999,2.777
BDL-DHY,90,17:30-19:00,0.1,0,0,0,516.999999,3.169
BDL-DHY,90,17:30-19:00,0.005,2,0,1,516.999999,3.401
BDL-DHY,90,17:30-19:00,0.0001,-1,0,0,516.999999,3.418
BDL-DHY,90,17:30-19:00,0.0005,2,0,0,516.999999,3.513
BDL-DHY,90,17:30-19:00,0.005,2,1,0,516.999999,3.585
BDL-DHY,90,17:30-19:00,0.0001,2,1,1,516.999999,3.63
BDL-DHY,90,17:30-19:00,0.001,1,1,1,516.999999,3.656
BDL-DHY,90,18:00-19:30,0.5,3,0,1,412,4.282
BDL-DHY,90,18:00-19:30,0.0005,-1,1,0,412,4.819
BDL-DHY,90,18:00-19:30,0.0001,1,1,0,412,4.931
BDL-DHY,90,18:00-19:30,0.0005,-1,0,10,412,4.995
BDL-DHY,90,18:00-19:30,0.0005,1,1,0,412,5.034
BDL-DHY,90,18:00-19:30,0.0001,1,0,10,412,5.272
BDL-DHY,90,18:00-19:30,0.01,0,0,0,412,5.277
BDL-DHY,90,18:00-19:30,0.005,1,0,0,412,5.287
BDL-DHY,90,18:30-20:00,0.005,1,2,1,564,6.772
BDL-DHY,90,18:30-20:00,0.0001,3,1,0,564,8.593
BDL-DHY,90,18:30-20:00,0.05,2,1,1,564,9.056
BDL-DHY,90,18:30-20:00,0.5,1,0,-1,564,9.527
BDL-DHY,90,18:30-20:00,0.001,3,1,-1,564,9.617
BDL-DHY,90,18:30-20:00,0.01,1,2,0,564,9.792
BDL-DHY,90,18:30-20:00,0.005,-1,0,-1,564,12.584
BDL-DHY,90,18:30-20:00,0.005,-1,0,0,564,12.599
BDL-DHY,90,19:00-20:30,0.0001,-1,1,-1,599,3.347
BDL-DHY,90,19:00-20:30,0.001,-1,0,-1,599,4.254
BDL-DHY,90,19:00-20:30,0.001,-1,0,0,599,4.284
BDL-DHY,90,19:00-20:30,0.1,-1,0,0,599,4.401
BDL-DHY,90,19:00-20:30,0.1,1,1,0,599,4.625
BDL-DHY,90,19:00-20:30,0.1,-1,1,-1,599,4.802
BDL-DHY,90,19:00-20:30,0.5,-1,0,0,599,4.822
BDL-DHY,90,19:00-20:30,0.0001,1,0,0,599,4.843
BDL-DHY,90,19:30-21:00,0.001,0,1,1,548,1.356
BDL-DHY,90,19:30-21:00,0.005,3,1,1,548,1.368
BDL-DHY,90,19:30-21:00,0.005,3,0,1,548,1.392
BDL-DHY,90,19:30-21:00,0.0001,1,1,1,548,1.412
BDL-DHY,90,19:30-21:00,0.001,-1,1,1,548,1.431
BDL-DHY,90,19:30-21:00,0.01,-1,0,1,548,1.495
BDL-DHY,90,19:30-21:00,0.005,3,0,0,548,1.509
BDL-DHY,90,19:30-21:00,0.5,0,0,1,548,1.526
BDL-DHY,90,20:00-21:30,0.0005,0,0,1000,393,0.756
BDL-DHY,90,20:00-21:30,0.001,-1,1,1000,393,0.79
BDL-DHY,90,20:00-21:30,0.0005,-1,0,-1,393,0.801
BDL-DHY,90,20:00-21:30,0.0001,-1,1,10,393,0.812
BDL-DHY,90,20:00-21:30,0.0005,1,0,-1,393,0.816
BDL-DHY,90,20:00-21:30,0.001,1,0,0,393,0.82
BDL-DHY,90,20:00-21:30,0.0001,1,0,0,393,0.823
BDL-DHY,90,20:00-21:30,0.005,0,2,-1,393,0.831
BDL-DHY,90,20:30-22:00,0.0005,3,2,-1,255,1.513
BDL-DHY,90,20:30-22:00,0.001,3,1,1,255,1.551
BDL-DHY,90,20:30-22:00,0.0005,0,0,-1,255,1.679
BDL-DHY,90,20:30-22:00,0.5,0,2,0,255,1.692
BDL-DHY,90,20:30-22:00,0.005,-1,1,-1,255,1.692
BDL-DHY,90,20:30-22:00,0.0001,1,1,-1,255,1.719
BDL-DHY,90,20:30-22:00,0.1,3,1,1,255,1.725
BDL-DHY,90,20:30-22:00,0.001,3,2,1,255,1.735
BDL-DHY,90,21:00-22:30,0.0005,0,2,0,415,4.315
BDL-DHY,90,21:00-22:30,0.0005,2,2,-1,415,4.44
BDL-DHY,90,21:00-22:30,0.001,2,2,-1,415,4.497
BDL-DHY,90,21:00-22:30,0.05,0,2,0,415,4.833
BDL-DHY,90,21:00-22:30,0.005,1,0,-1,415,4.943
BDL-DHY,90,21:00-22:30,0.001,2,0,-1,415,5.117
BDL-DHY,90,21:00-22:30,0.001,-1,0,0,415,5.12
BDL-DHY,90,21:00-22:30,0.0001,1,2,-1,415,5.15
BDL-DHY,90,07:30-09:00,0.1,-1,1,10,381,32.099
BDL-DHY,90,07:30-09:00,0.5,1,1,10,381,32.801
BDL-DHY,90,07:30-09:00,0.1,1,1,-1,381,33.527
BDL-DHY,90,07:30-09:00,0.05,0,1,10,381,36.014
BDL-DHY,90,07:30-09:00,0.005,-1,0,10,381,36.177
BDL-DHY,90,07:30-09:00,0.5,-1,1,1,381,38.17
BDL-DHY,90,07:30-09:00,0.001,1,1,10,381,38.554
BDL-DHY,90,07:30-09:00,0.005,3,0,-1,381,41.747
BDL-DHY,90,21:30-23:00,0.0001,2,3,-1,337,0.584
BDL-DHY,90,21:30-23:00,0.0001,2,1,0,337,0.646
BDL-DHY,90,21:30-23:00,0.0001,2,1,0,337,0.647
BDL-DHY,90,21:30-23:00,0.0005,2,1,-1,337,0.649
BDL-DHY,90,21:30-23:00,0.001,2,0,-1,337,0.671
BDL-DHY,90,21:30-23:00,0.0005,1,2,0,337,0.671
BDL-DHY,90,21:30-23:00,0.0001,2,0,1,337,0.683
BDL-DHY,90,21:30-23:00,0.005,1,3,-1,337,0.687
BJB-QHZ,90,06:00-07:30,0.0005,0,0,-1,22,13.564
BJB-QHZ,90,06:00-07:30,0.0001,0,1,-1,22,13.6
BJB-QHZ,90,06:00-07:30,0.005,0,0,0,22,13.805
BJB-QHZ,90,06:00-07:30,0.0005,0,0,0,22,13.968
BJB-QHZ,90,06:00-07:30,0.0005,0,0,-1,22,14.263
BJB-QHZ,90,06:00-07:30,0.001,1,1,1,22,15.101
BJB-QHZ,90,06:00-07:30,0.005,1,1,-1,22,15.245
BJB-QHZ,90,06:00-07:30,0.005,1,1,0,22,15.284
BJB-QHZ,90,08:00-09:30,0.005,0,1,1,121,13.044
BJB-QHZ,90,08:00-09:30,0.0005,0,0,0,121,13.052
BJB-QHZ,90,08:00-09:30,0.5,0,1,-1,121,13.876
BJB-QHZ,90,08:00-09:30,0.05,0,1,1,121,13.983
BJB-QHZ,90,08:00-09:30,0.05,0,1,1,121,14.162
BJB-QHZ,90,08:00-09:30,0.001,-1,1,-1,121,14.78
BJB-QHZ,90,08:00-09:30,0.0001,-1,1,0,121,14.801
BJB-QHZ,90,08:00-09:30,0.001,-1,0,-1,121,14.834
BJB-QHZ,90,08:30-10:00,0.005,0,0,-1,238,17.982
BJB-QHZ,90,08:30-10:00,0.5,0,0,0,238,18.419
BJB-QHZ,90,08:30-10:00,0.0001,0,0,1,238,18.916
BJB-QHZ,90,08:30-10:00,0.001,0,0,1,238,19.128
BJB-QHZ,90,08:30-10:00,0.05,0,0,0,238,20.092
BJB-QHZ,90,08:30-10:00,0.0001,1,0,10,238,20.701
BJB-QHZ,90,08:30-10:00,0.005,1,0,10,238,20.746
BJB-QHZ,90,08:30-10:00,0.0005,1,0,1,238,21.607
BJB-QHZ,90,09:00-10:30,0.0001,0,0,10,148,14.865
BJB-QHZ,90,09:00-10:30,0.001,0,0,10,148,15.028
BJB-QHZ,90,09:00-10:30,0.0001,0,0,1,148,15.249
BJB-QHZ,90,09:00-10:30,0.0001,0,0,-1,148,15.696
BJB-QHZ,90,09:00-10:30,0.005,0,0,-1,148,15.729
BJB-QHZ,90,09:00-10:30,0.5,0,0,10,148,16.992
BJB-QHZ,90,09:00-10:30,0.5,0,0,1,148,17.253
BJB-QHZ,90,09:00-10:30,0.01,2,0,1,148,19.528
BJB-QHZ,90,09:30-11:00,0.0001,0,0,-1,148,12.364
BJB-QHZ,90,09:30-11:00,0.0005,0,1,1,148,12.391
BJB-QHZ,90,09:30-11:00,0.005,0,1,10,148,12.444
BJB-QHZ,90,09:30-11:00,0.005,0,0,1,148,12.464
BJB-QHZ,90,09:30-11:00,0.001,0,1,10,148,12.525
BJB-QHZ,90,09:30-11:00,0.0005,0,1,1,148,12.565
BJB-QHZ,90,09:30-11:00,0.05,0,1,0,148,12.624
BJB-QHZ,90,09:30-11:00,0.05,0,1,-1,148,12.65
BJB-QHZ,90,10:00-11:30,0.01,0,0,1000,153,12.335
BJB-QHZ,90,10:00-11:30,0.01,-1,1,1000,153,12.962
BJB-QHZ,90,10:00-11:30,0.01,-1,0,100,153,13.027
BJB-QHZ,90,10:00-11:30,0.0001,0,0,0,153,13.632
BJB-QHZ,90,10:00-11:30,0.5,0,1,100,153,13.844
BJB-QHZ,90,10:00-11:30,0.005,0,0,10,153,14.257
BJB-QHZ,90,10:00-11:30,0.05,-1,0,1000,153,15.483
BJB-QHZ,90,10:00-11:30,0.5,-1,0,1000,153,15.525
BJB-QHZ,90,10:30-12:00,0.001,0,1,1,145,12.248
BJB-QHZ,90,10:30-12:00,0.005,0,1,-1,145,13.05
BJB-QHZ,90,10:30-12:00,0.005,0,1,0,145,13.165
BJB-QHZ,90,10:30-12:00,0.005,0,0,0,145,13.189
BJB-QHZ,90,10:30-12:00,0.0005,0,0,10,145,13.239
BJB-QHZ,90,10:30-12:00,0.1,0,0,1,145,13.363
BJB-QHZ,90,10:30-12:00,0.05,0,1,0,145,13.563
BJB-QHZ,90,10:30-12:00,0.5,0,0,0,145,13.569
BJB-QHZ,90,11:00-12:30,0.001,0,0,1,112,9.921
BJB-QHZ,90,11:00-12:30,0.005,0,0,10,112,10.148
BJB-QHZ,90,11:00-12:30,0.001,0,0,-1,112,10.836
BJB-QHZ,90,11:00-12:30,0.0001,0,1,0,112,10.86
BJB-QHZ,90,11:00-12:30,0.005,0,1,0,112,10.896
BJB-QHZ,90,11:00-12:30,0.01,0,1,0,112,10.922
BJB-QHZ,90,11:00-12:30,0.5,0,0,10,112,11.628
BJB-QHZ,90,11:00-12:30,0.5,0,0,10,112,11.634
BJB-QHZ,90,06:30-08:00,0.0001,0,1,-1,81,16.774
BJB-QHZ,90,06:30-08:00,0.0001,0,1,-1,81,16.803
BJB-QHZ,90,06:30-08:00,0.01,0,1,-1,81,16.966
BJB-QHZ,90,06:30-08:00,0.05,0,1,0,81,17.668
BJB-QHZ,90,06:30-08:00,0.05,0,0,1000,81,19.244
BJB-QHZ,90,06:30-08:00,0.01,-1,1,0,81,20.631
BJB-QHZ,90,06:30-08:00,0.05,-1,1,0,81,20.756
BJB-QHZ,90,06:30-08:00,0.5,1,0,1,81,21.114
BJB-QHZ,90,11:30-13:00,0.01,1,0,1000,131,9.305
BJB-QHZ,90,11:30-13:00,0.01,-1,0,100,131,9.349
BJB-QHZ,90,11:30-13:00,0.0005,0,0,1000,131,9.404
BJB-QHZ,90,11:30-13:00,0.005,0,1,1000,131,9.608
BJB-QHZ,90,11:30-13:00,0.005,0,1,-1,131,9.694
BJB-QHZ,90,11:30-13:00,0.001,0,0,0,131,9.972
BJB-QHZ,90,11:30-13:00,0.01,2,1,1000,131,9.995
BJB-QHZ,90,11:30-13:00,0.05,0,0,100,131,10.254
BJB-QHZ,90,12:00-13:30,0.0005,0,0,-1,226,7.549
BJB-QHZ,90,12:00-13:30,0.001,0,0,-1,226,7.594
BJB-QHZ,90,12:00-13:30,0.01,0,0,100,226,7.948
BJB-QHZ,90,12:00-13:30,0.005,0,1,1,226,10.237
BJB-QHZ,90,12:00-13:30,0.001,0,0,1,226,10.291
BJB-QHZ,90,12:00-13:30,0.0005,0,0,1,226,10.292
BJB-QHZ,90,12:00-13:30,0.01,1,1,10,226,10.386
BJB-QHZ,90,12:00-13:30,0.01,1,1,10,226,10.407
BJB-QHZ,90,12:30-14:00,0.5,0,1,1000,341,7.708
BJB-QHZ,90,12:30-14:00,0.5,0,1,1000,341,7.712
BJB-QHZ,90,12:30-14:00,0.005,0,0,-1,341,7.822
BJB-QHZ,90,12:30-14:00,0.0005,0,1,-1,341,7.864
BJB-QHZ,90,12:30-14:00,0.01,0,1,-1,341,7.871
BJB-QHZ,90,12:30-14:00,0.01,0,0,-1,341,7.899
BJB-QHZ,90,12:30-14:00,0.01,0,0,-1,341,7.949
BJB-QHZ,90,12:30-14:00,0.05,0,1,-1,341,8.839
BJB-QHZ,90,13:00-14:30,0.01,0,0,100,221,5.066
BJB-QHZ,90,13:00-14:30,0.01,0,1,1000,221,5.244
BJB-QHZ,90,13:00-14:30,0.01,-1,1,1000,221,5.47
BJB-QHZ,90,13:00-14:30,0.5,0,0,1000,221,5.884
BJB-QHZ,90,13:00-14:30,0.5,0,0,100,221,5.893
BJB-QHZ,90,13:00-14:30,0.5,0,0,100,221,5.907
BJB-QHZ,90,13:00-14:30,0.1,0,1,1000,221,6.004
BJB-QHZ,90,13:00-14:30,0.001,0,1,1,221,6.212
BJB-QHZ,90,13:30-15:00,0.001,0,1,100,127,3.225
BJB-QHZ,90,13:30-15:00,0.005,0,0,1000,127,3.287
BJB-QHZ,90,13:30-15:00,0.005,2,1,1000,127,3.845
BJB-QHZ,90,13:30-15:00,0.01,-1,1,1000,127,4.028
BJB-QHZ,90,13:30-15:00,0.0001,0,1,-1,127,4.312
BJB-QHZ,90,13:30-15:00,0.0001,0,0,-1,127,4.812
BJB-QHZ,90,13:30-15:00,0.001,1,3,1000,127,5.126
BJB-QHZ,90,13:30-15:00,0.1,-1,1,100,127,5.13
BJB-QHZ,90,14:00-15:30,0.5,3,2,1000,74,2.65
BJB-QHZ,90,14:00-15:30,0.5,1,2,100,74,2.663
BJB-QHZ,90,14:00-15:30,0.05,3,3,1000,74,2.667
BJB-QHZ,90,14:00-15:30,0.05,2,2,100,74,2.667
BJB-QHZ,90,14:00-15:30,0.05,-1,3,100,74,2.69
BJB-QHZ,90,14:00-15:30,0.5,3,3,1000,74,2.696
BJB-QHZ,90,14:00-15:30,0.05,3,3,100,74,2.703
BJB-QHZ,90,14:00-15:30,0.1,-1,2,100,74,2.708
BJB-QHZ,90,14:30-16:00,0.005,2,0,1000,50,2.283
BJB-QHZ,90,14:30-16:00,0.001,-1,1,100,50,2.289
BJB-QHZ,90,14:30-16:00,0.0001,1,1,100,50,2.317
BJB-QHZ,90,14:30-16:00,0.001,1,1,100,50,2.324
BJB-QHZ,90,14:30-16:00,0.01,-1,1,100,50,2.415
BJB-QHZ,90,14:30-16:00,0.01,2,1,1000,50,2.425
BJB-QHZ,90,14:30-16:00,0.01,-1,1,1000,50,2.434
BJB-QHZ,90,14:30-16:00,0.01,0,0,100,50,2.445
BJB-QHZ,90,15:00-16:30,0.01,-1,0,100,129,2.946
BJB-QHZ,90,15:00-16:30,0.0001,0,0,10,129,2.991
BJB-QHZ,90,15:00-16:30,0.01,1,1,100,129,2.994
BJB-QHZ,90,15:00-16:30,0.0001,0,1,10,129,3.031
BJB-QHZ,90,15:00-16:30,0.001,0,1,100,129,3.163
BJB-QHZ,90,15:00-16:30,0.01,0,1,10,129,3.175
BJB-QHZ,90,15:00-16:30,0.001,0,0,100,129,3.188
BJB-QHZ,90,15:00-16:30,0.0005,0,0,1,129,3.212
BJB-QHZ,90,15:30-17:00,0.0005,2,1,1000,232,1.824
BJB-QHZ,90,15:30-17:00,0.0005,2,0,100,232,1.831
BJB-QHZ,90,15:30-17:00,0.001,0,0,100,232,1.929
BJB-QHZ,90,15:30-17:00,0.001,0,1,1000,232,1.946
BJB-QHZ,90,15:30-17:00,0.0005,1,0,100,232,2.033
BJB-QHZ,90,15:30-17:00,0.0005,1,1,1000,232,2.041
BJB-QHZ,90,15:30-17:00,0.001,1,0,100,232,2.046
BJB-QHZ,90,15:30-17:00,0.0001,-1,1,100,232,2.054
BJB-QHZ,90,16:00-17:30,0.0005,0,1,0,129,1.787
BJB-QHZ,90,16:00-17:30,0.001,0,1,-1,129,1.8
BJB-QHZ,90,16:00-17:30,0.0001,0,0,0,129,1.815
BJB-QHZ,90,16:00-17:30,0.005,0,0,1,129,1.862
BJB-QHZ,90,16:00-17:30,0.1,0,1,10,129,1.972
BJB-QHZ,90,16:00-17:30,0.05,0,0,1,129,2.125
BJB-QHZ,90,16:00-17:30,0.5,0,1,100,129,2.377
BJB-QHZ,90,16:00-17:30,0.005,3,1,1000,129,2.501
BJB-QHZ,90,07:00-08:30,0.0005,0,1,0,145,16.573
BJB-QHZ,90,07:00-08:30,0.0005,0,1,-1,145,16.73
BJB-QHZ,90,07:00-08:30,0.05,0,1,-1,145,19.128
BJB-QHZ,90,07:00-08:30,0.005,0,1,10,145,19.684
BJB-QHZ,90,07:00-08:30,0.5,0,0,1000,145,19.716
BJB-QHZ,90,07:00-08:30,0.1,0,0,-1,145,21.121
BJB-QHZ,90,07:00-08:30,0.1,-1,0,100,145,21.757
BJB-QHZ,90,07:00-08:30,0.5,1,1,100,145,21.769
BJB-QHZ,90,16:30-18:00,0.0001,0,0,10,111,1.863
BJB-QHZ,90,16:30-18:00,0.001,0,0,1000,111,1.876
BJB-QHZ,90,16:30-18:00,0.005,0,1,10,111,1.891
BJB-QHZ,90,16:30-18:00,0.001,2,1,1000,111,1.95
BJB-QHZ,90,16:30-18:00,0.0001,2,1,1000,111,1.952
BJB-QHZ,90,16:30-18:00,0.005,2,1,100,111,1.959
BJB-QHZ,90,16:30-18:00,0.1,0,0,-1,111,1.965
BJB-QHZ,90,16:30-18:00,0.01,0,0,10,111,1.983
BJB-QHZ,90,17:00-18:30,0.0005,1,0,1000,395,1.399
BJB-QHZ,90,17:00-18:30,0.0001,2,1,1000,395,1.413
BJB-QHZ,90,17:00-18:30,0.001,0,0,10,395,1.434
BJB-QHZ,90,17:00-18:30,0.0005,1,0,1000,395,1.437
BJB-QHZ,90,17:00-18:30,0.001,1,0,1000,395,1.442
BJB-QHZ,90,17:00-18:30,0.01,2,1,1000,395,1.571
BJB-QHZ,90,17:00-18:30,0.01,0,1,10,395,1.579
BJB-QHZ,90,17:00-18:30,0.5,0,0,100,395,1.615
BJB-QHZ,90,17:30-19:00,0.0001,0,0,100,122,1.205
BJB-QHZ,90,17:30-19:00,0.005,0,1,1000,122,1.222
BJB-QHZ,90,17:30-19:00,0.0005,2,1,1000,122,1.228
BJB-QHZ,90,17:30-19:00,0.0005,0,0,100,122,1.235
BJB-QHZ,90,17:30-19:00,0.005,-1,1,100,122,1.353
BJB-QHZ,90,17:30-19:00,0.001,3,0,1000,122,1.367
BJB-QHZ,90,17:30-19:00,0.001,-1,0,1000,122,1.379
BJB-QHZ,90,17:30-19:00,0.0001,-1,1,1000,122,1.379
BJB-QHZ,90,18:00-19:30,0.005,0,0,1000,232,0.879
BJB-QHZ,90,18:00-19:30,0.0001,2,0,100,232,0.965
BJB-QHZ,90,18:00-19:30,0.0001,1,1,1000,232,1.001
BJB-QHZ,90,18:00-19:30,0.005,3,0,100,232,1.096
BJB-QHZ,90,18:00-19:30,0.0005,3,0,1000,232,1.124
BJB-QHZ,90,18:00-19:30,0.01,2,1,100,232,1.132
BJB-QHZ,90,18:00-19:30,0.5,0,0,1000,232,1.198
BJB-QHZ,90,18:00-19:30,0.0001,0,1,0,232,1.204
BJB-QHZ,90,18:30-20:00,0.005,0,0,100,134,1.033
BJB-QHZ,90,18:30-20:00,0.005,0,0,1000,134,1.039
BJB-QHZ,90,18:30-20:00,0.001,0,0,10,134,1.071
BJB-QHZ,90,18:30-20:00,0.0001,0,0,10,134,1.085
BJB-QHZ,90,18:30-20:00,0.0001,-1,1,10,134,1.087
BJB-QHZ,90,18:30-20:00,0.001,0,1,10,134,1.087
BJB-QHZ,90,18:30-20:00,0.005,0,0,-1,134,1.098
BJB-QHZ,90,18:30-20:00,0.0001,1,0,10,134,1.108
BJB-QHZ,90,19:00-20:30,0.005,2,1,10,147,0.729
BJB-QHZ,90,19:00-20:30,0.0001,2,1,10,147,0.731
BJB-QHZ,90,19:00-20:30,0.0005,0,1,10,147,0.758
BJB-QHZ,90,19:00-20:30,0.0001,2,1,10,147,0.767
BJB-QHZ,90,19:00-20:30,0.001,0,1,10,147,0.774
BJB-QHZ,90,19:00-20:30,0.005,3,1,10,147,0.819
BJB-QHZ,90,19:00-20:30,0.005,1,1,10,147,0.856
BJB-QHZ,90,19:00-20:30,0.0005,1,1,1000,147,0.86
BJB-QHZ,90,19:30-21:00,0.0001,0,1,1000,370,0.541
BJB-QHZ,90,19:30-21:00,0.0001,0,0,10,370,0.553
BJB-QHZ,90,19:30-21:00,0.001,2,0,10,370,0.563
BJB-QHZ,90,19:30-21:00,0.005,1,1,10,370,0.57
BJB-QHZ,90,19:30-21:00,0.0001,2,0,1000,370,0.571
BJB-QHZ,90,19:30-21:00,0.0005,2,1,1000,370,0.572
BJB-QHZ,90,19:30-21:00,0.001,-1,1,100,370,0.574
BJB-QHZ,90,19:30-21:00,0.0001,-1,0,1000,370,0.582
BJB-QHZ,90,20:00-21:30,0.005,0,1,100,170,0.462
BJB-QHZ,90,20:00-21:30,0.0001,0,1,100,170,0.467
BJB-QHZ,90,20:00-21:30,0.0001,0,1,10,170,0.472
BJB-QHZ,90,20:00-21:30,0.0005,2,1,10,170,0.476
BJB-QHZ,90,20:00-21:30,0.0001,1,0,10,170,0.479
BJB-QHZ,90,20:00-21:30,0.005,-1,0,10,170,0.479
BJB-QHZ,90,20:00-21:30,0.001,-1,0,10,170,0.482
BJB-QHZ,90,20:00-21:30,0.0005,2,1,10,170,0.486
BJB-QHZ,90,20:30-22:00,0.0005,-1,1,100,70,0.437
BJB-QHZ,90,20:30-22:00,0.005,1,0,-1,70,0.439
BJB-QHZ,90,20:30-22:00,0.0005,2,0,-1,70,0.441
BJB-QHZ,90,20:30-22:00,0.0005,0,0,1,70,0.442
BJB-QHZ,90,20:30-22:00,0.0001,2,1,10,70,0.443
BJB-QHZ,90,20:30-22:00,0.0005,-1,1,10,70,0.445
BJB-QHZ,90,20:30-22:00,0.0005,3,0,-1,70,0.446
BJB-QHZ,90,20:30-22:00,0.0005,1,1,-1,70,0.446
BJB-QHZ,90,21:00-22:30,0.0005,2,0,10,335,0.382
BJB-QHZ,90,21:00-22:30,0.0005,0,0,1000,335,0.386
BJB-QHZ,90,21:00-22:30,0.005,1,0,100,335,0.387
BJB-QHZ,90,21:00-22:30,0.0001,1,0,100,335,0.387
BJB-QHZ,90,21:00-22:30,0.0001,-1,0,100,335,0.387
BJB-QHZ,90,21:00-22:30,0.0001,-1,0,10,335,0.388
BJB-QHZ,90,21:00-22:30,0.0001,2,1,1000,335,0.389
BJB-QHZ,90,21:00-22:30,0.0005,-1,0,100,335,0.39
BJB-QHZ,90,07:30-09:00,0.0001,0,0,10,133,16.502
BJB-QHZ,90,07:30-09:00,0.0005,0,1,10,133,16.503
BJB-QHZ,90,07:30-09:00,0.001,0,0,-1,133,16.549
BJB-QHZ,90,07:30-09:00,0.01,0,0,0,133,16.594
BJB-QHZ,90,07:30-09:00,0.05,0,1,0,133,17.332
BJB-QHZ,90,07:30-09:00,0.5,0,0,10,133,17.479
BJB-QHZ,90,07:30-09:00,0.001,-1,0,10,133,18.446
BJB-QHZ,90,07:30-09:00,0.01,1,1,10,133,18.461
BJB-QHZ,90,21:30-23:00,0.005,1,2,0,139,0.4
BJB-QHZ,90,21:30-23:00,0.005,2,1,-1,139,0.401
BJB-QHZ,90,21:30-23:00,0.001,1,3,0,139,0.401
BJB-QHZ,90,21:30-23:00,0.001,-1,2,-1,139,0.401
BJB-QHZ,90,21:30-23:00,0.0005,-1,1,0,139,0.402
BJB-QHZ,90,21:30-23:00,0.001,-1,0,0,139,0.404
BJB-QHZ,90,21:30-23:00,0.001,1,2,-1,139,0.405
BJB-QHZ,90,21:30-23:00,0.005,1,1,-1,139,0.407
CPZ-BDL,90,06:00-07:30,0.0001,0,0,0,102,15.549
CPZ-BDL,90,06:00-07:30,0.001,0,1,-1,102,15.58
CPZ-BDL,90,06:00-07:30,0.005,0,0,-1,102,15.603
CPZ-BDL,90,06:00-07:30,0.0001,0,1,0,102,15.605
CPZ-BDL,90,06:00-07:30,0.0001,0,0,0,102,15.659
CPZ-BDL,90,06:00-07:30,0.005,0,0,10,102,16.662
CPZ-BDL,90,06:00-07:30,0.01,0,0,10,102,16.743
CPZ-BDL,90,06:00-07:30,0.005,0,1,10,102,16.809
CPZ-BDL,90,08:00-09:30,0.1,1,0,1,420,25.029
CPZ-BDL,90,08:00-09:30,0.1,-1,0,1,420,25.07
CPZ-BDL,90,08:00-09:30,0.1,1,0,1,420,25.091
CPZ-BDL,90,08:00-09:30,0.5,1,0,-1,420,26.129
CPZ-BDL,90,08:00-09:30,0.01,2,1,-1,420,26.223
CPZ-BDL,90,08:00-09:30,0.05,2,1,0,420,26.67
CPZ-BDL,90,08:00-09:30,0.05,0,1,10,420,28.528
CPZ-BDL,90,08:00-09:30,0.1,3,0,1,420,31.259
CPZ-BDL,90,08:30-10:00,0.005,0,0,1,391,33.808
CPZ-BDL,90,08:30-10:00,0.01,3,1,100,391,34.339
CPZ-BDL,90,08:30-10:00,0.01,3,1,1000,391,34.607
CPZ-BDL,90,08:30-10:00,0.5,3,0,100,391,38.531
CPZ-BDL,90,08:30-10:00,0.1,1,3,1000,391,39.579
CPZ-BDL,90,08:30-10:00,0.01,0,2,10,391,41.985
CPZ-BDL,90,08:30-10:00,0.5,3,1,1000,391,42.157
CPZ-BDL,90,08:30-10:00,0.0005,-1,1,100,391,42.287
CPZ-BDL,90,09:00-10:30,0.001,0,0,-1,386,22.585
CPZ-BDL,90,09:00-10:30,0.01,0,0,0,386,22.755
CPZ-BDL,90,09:00-10:30,0.1,0,0,10,386,23.359
CPZ-BDL,90,09:00-10:30,0.01,0,0,10,386,24.015
CPZ-BDL,90,09:00-10:30,0.001,0,0,10,386,24.127
CPZ-BDL,90,09:00-10:30,0.5,0,1,0,386,26.446
CPZ-BDL,90,09:00-10:30,0.5,0,1,-1,386,26.539
CPZ-BDL,90,09:00-10:30,0.05,0,1,10,386,26.997
CPZ-BDL,90,09:30-11:00,0.001,0,0,1,401,24.834
CPZ-BDL,90,09:30-11:00,0.0001,0,1,1,401,31.466
CPZ-BDL,90,09:30-11:00,0.5,0,1,-1,401,34.395
CPZ-BDL,90,09:30-11:00,0.0001,0,1,-1,401,35.738
CPZ-BDL,90,09:30-11:00,0.01,0,1,0,401,35.919
CPZ-BDL,90,09:30-11:00,0.05,-1,0,1000,401,40.62
CPZ-BDL,90,09:30-11:00,0.5,0,3,1,401,41.612
CPZ-BDL,90,09:30-11:00,0.1,1,1,-1,401,41.817
CPZ-BDL,90,10:00-11:30,0.1,1,0,10,495,76.417
CPZ-BDL,90,10:00-11:30,0.005,1,0,0,495,76.654
CPZ-BDL,90,10:00-11:30,0.0001,-1,0,1,495,78.369
CPZ-BDL,90,10:00-11:30,0.005,1,0,0,495,79.477
CPZ-BDL,90,10:00-11:30,0.005,-1,0,1,495,80.304
CPZ-BDL,90,10:00-11:30,0.1,-1,0,0,495,83.046
CPZ-BDL,90,10:00-11:30,0.0001,1,0,0,495,83.094
CPZ-BDL,90,10:00-11:30,0.01,-1,2,0,495,83.142
CPZ-BDL,90,10:30-12:00,0.005,0,0,-1,490,26.291
CPZ-BDL,90,10:30-12:00,0.5,0,0,0,490,26.296
CPZ-BDL,90,10:30-12:00,0.005,0,0,0,490,26.773
CPZ-BDL,90,10:30-12:00,0.0001,0,2,-1,490,31.4
CPZ-BDL,90,10:30-12:00,0.01,0,1,-1,490,31.447
CPZ-BDL,90,10:30-12:00,0.01,0,2,-1,490,32.09
CPZ-BDL,90,10:30-12:00,0.5,0,2,-1,490,34.018
CPZ-BDL,90,10:30-12:00,0.1,1,1,1,490,35.805
CPZ-BDL,90,11:00-12:30,0.1,3,0,-1,443,112.673
CPZ-BDL,90,11:00-12:30,0.1,3,2,10,443,189.691
CPZ-BDL,90,11:00-12:30,0.05,3,2,1,443,208.983
CPZ-BDL,90,11:00-12:30,0.005,1,0,1,443,210.458
CPZ-BDL,90,11:00-12:30,0.005,1,1,100,443,218.849
CPZ-BDL,90,11:00-12:30,0.05,2,1,1000,443,220.792
CPZ-BDL,90,11:00-12:30,0.01,3,1,10,443,223.646
CPZ-BDL,90,11:00-12:30,0.01,-1,0,1000,443,225.718
CPZ-BDL,90,06:30-08:00,0.01,0,1,-1,129,17.349
CPZ-BDL,90,06:30-08:00,0.001,0,0,-1,129,17.537
CPZ-BDL,90,06:30-08:00,0.005,0,0,-1,129,17.542
CPZ-BDL,90,06:30-08:00,0.0001,0,0,1,129,17.794
CPZ-BDL,90,06:30-08:00,0.1,0,0,-1,129,18.381
CPZ-BDL,90,06:30-08:00,0.1,0,0,-1,129,18.447
CPZ-BDL,90,06:30-08:00,0.05,0,1,0,129,18.454
CPZ-BDL,90,06:30-08:00,0.1,0,0,0,129,18.506
CPZ-BDL,90,11:30-13:00,0.001,2,1,100,606,144.312
CPZ-BDL,90,11:30-13:00,0.0001,2,1,1000,606,145.062
CPZ-BDL,90,11:30-13:00,0.001,2,3,1000,606,210.579
CPZ-BDL,90,11:30-13:00,0.1,-1,1,100,606,216.024
CPZ-BDL,90,11:30-13:00,0.005,3,1,100,606,219.008
CPZ-BDL,90,11:30-13:00,0.0005,1,0,1000,606,222.769
CPZ-BDL,90,11:30-13:00,0.01,1,0,1000,606,224.538
CPZ-BDL,90,11:30-13:00,0.01,-1,1,1000,606,229.318
CPZ-BDL,90,12:00-13:30,0.1,-1,1,1,713,72.335
CPZ-BDL,90,12:00-13:30,0.01,1,0,-1,713,74.954
CPZ-BDL,90,12:00-13:30,0.05,1,1,-1,713,81.178
CPZ-BDL,90,12:00-13:30,0.001,-1,0,-1,713,88.486
CPZ-BDL,90,12:00-13:30,0.0001,3,1,1,713,98.138
CPZ-BDL,90,12:00-13:30,0.001,3,1,1,713,102.274
CPZ-BDL,90,12:00-13:30,0.1,2,0,10,713,108.69
CPZ-BDL,90,12:00-13:30,0.001,2,0,-1,713,110.531
CPZ-BDL,90,12:30-14:00,0.05,3,0,1,478,54.642
CPZ-BDL,90,12:30-14:00,0.5,3,0,1,478,57.734
CPZ-BDL,90,12:30-14:00,0.5,3,0,1,478,57.999
CPZ-BDL,90,12:30-14:00,0.5,2,0,1,478,63.514
CPZ-BDL,90,12:30-14:00,0.0005,-1,0,0,478,67.446
CPZ-BDL,90,12:30-14:00,0.0005,-1,0,0,478,70.007
CPZ-BDL,90,12:30-14:00,0.5,2,2,10,478,74.903
CPZ-BDL,90,12:30-14:00,0.01,3,1,1,478,75.463
CPZ-BDL,90,13:00-14:30,0.05,1,0,1,581,41.906
CPZ-BDL,90,13:00-14:30,0.0005,1,0,1,581,50.218
CPZ-BDL,90,13:00-14:30,0.01,1,0,1,581,50.379
CPZ-BDL,90,13:00-14:30,0.5,-1,0,-1,581,54.666
CPZ-BDL,90,13:00-14:30,0.1,1,2,1,581,54.963
CPZ-BDL,90,13:00-14:30,0.05,1,2,-1,581,55.81
CPZ-BDL,90,13:00-14:30,0.01,2,0,-1,581,58.45
CPZ-BDL,90,13:00-14:30,0.005,0,2,1,581,58.968
CPZ-BDL,90,13:30-15:00,0.001,0,0,10,385,17.111
CPZ-BDL,90,13:30-15:00,0.0001,0,2,-1,385,20.031
CPZ-BDL,90,13:30-15:00,0.0005,0,2,0,385,20.417
CPZ-BDL,90,13:30-15:00,0.0005,0,2,0,385,20.644
CPZ-BDL,90,13:30-15:00,0.01,1,0,1,385,21.872
CPZ-BDL,90,13:30-15:00,0.5,0,0,0,385,22.187
CPZ-BDL,90,13:30-15:00,0.05,0,2,-1,385,22.283
CPZ-BDL,90,13:30-15:00,0.1,0,2,-1,385,22.392
CPZ-BDL,90,14:00-15:30,0.0001,1,0,0,665,26.943
CPZ-BDL,90,14:00-15:30,0.001,0,2,-1,665,28.699
CPZ-BDL,90,14:00-15:30,0.0001,-1,0,1,665,29.026
CPZ-BDL,90,14:00-15:30,0.01,1,0,1,665,29.705
CPZ-BDL,90,14:00-15:30,0.001,0,2,0,665,29.991
CPZ-BDL,90,14:00-15:30,0.0001,1,2,10,665,30.064
CPZ-BDL,90,14:00-15:30,0.001,1,2,10,665,30.252
CPZ-BDL,90,14:00-15:30,0.0001,1,0,10,665,30.357
CPZ-BDL,90,14:30-16:00,0.01,0,0,1,421,5.586
CPZ-BDL,90,14:30-16:00,0.5,0,0,-1,421,6.468
CPZ-BDL,90,14:30-16:00,0.05,0,0,100,421,6.856
CPZ-BDL,90,14:30-16:00,0.5,0,0,10,421,7.869
CPZ-BDL,90,14:30-16:00,0.001,0,3,-1,421,8.455
CPZ-BDL,90,14:30-16:00,0.01,0,2,-1,421,8.562
CPZ-BDL,90,14:30-16:00,0.01,1,0,100,421,8.787
CPZ-BDL,90,14:30-16:00,0.01,1,0,100,421,8.867
CPZ-BDL,90,15:00-16:30,0.05,0,1,1,437,5.305
CPZ-BDL,90,15:00-16:30,0.05,0,1,10,437,6.087
CPZ-BDL,90,15:00-16:30,0.01,0,2,1,437,6.227
CPZ-BDL,90,15:00-16:30,0.01,0,3,-1,437,6.46
CPZ-BDL,90,15:00-16:30,0.1,0,2,1,437,6.555
CPZ-BDL,90,15:00-16:30,0.05,0,2,0,437,6.694
CPZ-BDL,90,15:00-16:30,0.01,0,2,10,437,6.873
CPZ-BDL,90,15:00-16:30,0.001,0,1,1,437,7.072
CPZ-BDL,90,15:30-17:00,0.0005,0,0,1,283,3.25
CPZ-BDL,90,15:30-17:00,0.001,0,1,10,283,3.254
CPZ-BDL,90,15:30-17:00,0.005,0,1,1,283,3.301
CPZ-BDL,90,15:30-17:00,0.005,0,1,100,283,3.301
CPZ-BDL,90,15:30-17:00,0.0001,0,3,0,283,3.716
CPZ-BDL,90,15:30-17:00,0.5,0,0,100,283,3.76
CPZ-BDL,90,15:30-17:00,0.005,0,3,0,283,3.764
CPZ-BDL,90,15:30-17:00,0.0005,0,3,1,283,3.806
CPZ-BDL,90,16:00-17:30,0.001,2,1,0,466,5.953
CPZ-BDL,90,16:00-17:30,0.005,-1,1,0,466,6.594
CPZ-BDL,90,16:00-17:30,0.0005,1,1,1,466,6.882
CPZ-BDL,90,16:00-17:30,0.005,1,1,0,466,7.007
CPZ-BDL,90,16:00-17:30,0.0005,1,1,1,466,7.061
CPZ-BDL,90,16:00-17:30,0.001,-1,1,-1,466,7.069
CPZ-BDL,90,16:00-17:30,0.0005,1,1,1,466,7.08
CPZ-BDL,90,16:00-17:30,0.0001,1,0,0,466,7.247
CPZ-BDL,90,07:00-08:30,0.05,0,1,1,333,21.072
CPZ-BDL,90,07:00-08:30,0.0001,0,0,-1,333,22.987
CPZ-BDL,90,07:00-08:30,0.005,0,1,0,333,23.018
CPZ-BDL,90,07:00-08:30,0.01,0,0,0,333,23.167
CPZ-BDL,90,07:00-08:30,0.0005,0,0,10,333,26.998
CPZ-BDL,90,07:00-08:30,0.1,-1,0,0,333,27.542
CPZ-BDL,90,07:00-08:30,0.05,-1,1,-1,333,27.988
CPZ-BDL,90,07:00-08:30,0.5,-1,0,-1,333,28.178
CPZ-BDL,90,16:30-18:00,0.05,0,1,1,256,3.997
CPZ-BDL,90,16:30-18:00,0.1,0,2,-1,256,4.712
CPZ-BDL,90,16:30-18:00,0.01,0,2,0,256,5.074
CPZ-BDL,90,16:30-18:00,0.005,1,1,10,256,5.13
CPZ-BDL,90,16:30-18:00,0.001,2,1,10,256,5.166
CPZ-BDL,90,16:30-18:00,0.01,-1,0,10,256,5.17
CPZ-BDL,90,16:30-18:00,0.0005,1,0,10,256,5.215
CPZ-BDL,90,16:30-18:00,0.0001,0,3,-1,256,5.327
CPZ-BDL,90,17:00-18:30,0.01,1,0,1,547,8.469
CPZ-BDL,90,17:00-18:30,0.0001,0,2,0,547,9.06
CPZ-BDL,90,17:00-18:30,0.0001,0,2,-1,547,9.099
CPZ-BDL,90,17:00-18:30,0.001,0,2,-1,547,9.203
CPZ-BDL,90,17:00-18:30,0.5,0,0,-1,547,9.646
CPZ-BDL,90,17:00-18:30,0.0001,1,0,-1,547,10.521
CPZ-BDL,90,17:00-18:30,0.0005,0,3,-1,547,10.538
CPZ-BDL,90,17:00-18:30,0.1,1,2,0,547,10.545
CPZ-BDL,90,17:30-19:00,0.0005,0,0,0,555,5.827
CPZ-BDL,90,17:30-19:00,0.001,0,0,-1,555,6.001
CPZ-BDL,90,17:30-19:00,0.0005,1,1,0,555,7.187
CPZ-BDL,90,17:30-19:00,0.001,1,1,0,555,7.265
CPZ-BDL,90,17:30-19:00,0.0005,-1,1,-1,555,7.304
CPZ-BDL,90,17:30-19:00,0.005,-1,1,0,555,7.31
CPZ-BDL,90,17:30-19:00,0.1,-1,0,1,555,7.339
CPZ-BDL,90,17:30-19:00,0.0005,-1,1,-1,555,7.859
CPZ-BDL,90,18:00-19:30,0.1,1,1,0,439,7.902
CPZ-BDL,90,18:00-19:30,0.1,-1,1,-1,439,8.07
CPZ-BDL,90,18:00-19:30,0.001,1,1,-1,439,8.889
CPZ-BDL,90,18:00-19:30,0.05,-1,0,1,439,9.375
CPZ-BDL,90,18:00-19:30,0.005,1,0,1,439,9.437
CPZ-BDL,90,18:00-19:30,0.001,1,2,-1,439,9.573
CPZ-BDL,90,18:00-19:30,0.1,-1,0,1,439,9.652
CPZ-BDL,90,18:00-19:30,0.005,0,2,-1,439,10.079
CPZ-BDL,90,18:30-20:00,0.0001,0,0,0,371,5.889
CPZ-BDL,90,18:30-20:00,0.01,0,0,0,371,6.234
CPZ-BDL,90,18:30-20:00,0.05,0,0,-1,371,6.381
CPZ-BDL,90,18:30-20:00,0.0005,-1,0,0,371,6.56
CPZ-BDL,90,18:30-20:00,0.1,-1,0,0,371,6.776
CPZ-BDL,90,18:30-20:00,0.005,-1,0,-1,371,6.802
CPZ-BDL,90,18:30-20:00,0.05,0,0,-1,371,6.825
CPZ-BDL,90,18:30-20:00,0.1,-1,1,1,371,6.879
CPZ-BDL,90,19:00-20:30,0.005,2,0,0,626,33.46
CPZ-BDL,90,19:00-20:30,0.0005,1,2,1,626,35.768
CPZ-BDL,90,19:00-20:30,0.005,1,2,0,626,36.813
CPZ-BDL,90,19:00-20:30,0.05,3,0,1,626,37.385
CPZ-BDL,90,19:00-20:30,0.005,2,2,1,626,38.764
CPZ-BDL,90,19:00-20:30,0.05,2,2,0,626,38.867
CPZ-BDL,90,19:00-20:30,0.01,2,1,-1,626,43.116
CPZ-BDL,90,19:00-20:30,0.1,2,1,-1,626,43.348
CPZ-BDL,90,19:30-21:00,0.0001,-1,0,-1,360,0.931
CPZ-BDL,90,19:30-21:00,0.0005,2,0,0,360,0.952
CPZ-BDL,90,19:30-21:00,0.001,2,0,0,360,0.964
CPZ-BDL,90,19:30-21:00,0.0005,1,1,-1,360,0.97
CPZ-BDL,90,19:30-21:00,0.0005,-1,0,-1,360,0.974
CPZ-BDL,90,19:30-21:00,0.001,2,1,-1,360,0.988
CPZ-BDL,90,19:30-21:00,0.005,0,0,1000,360,1.01
CPZ-BDL,90,19:30-21:00,0.0001,-1,0,1,360,1.033
CPZ-BDL,90,20:00-21:30,0.001,1,0,0,513,0.781
CPZ-BDL,90,20:00-21:30,0.0005,2,1,-1,513,0.789
CPZ-BDL,90,20:00-21:30,0.0001,0,0,-1,513,0.807
CPZ-BDL,90,20:00-21:30,0.0001,0,1,0,513,0.815
CPZ-BDL,90,20:00-21:30,0.0001,-1,1,-1,513,0.833
CPZ-BDL,90,20:00-21:30,0.0005,3,1,0,513,0.841
CPZ-BDL,90,20:00-21:30,0.005,0,1,-1,513,0.844
CPZ-BDL,90,20:00-21:30,0.005,3,0,0,513,0.845
CPZ-BDL,90,20:30-22:00,0.005,0,2,-1,343,1.246
CPZ-BDL,90,20:30-22:00,0.005,3,2,-1,343,1.287
CPZ-BDL,90,20:30-22:00,0.0005,3,1,0,343,1.306
CPZ-BDL,90,20:30-22:00,0.0001,0,2,-1,343,1.309
CPZ-BDL,90,20:30-22:00,0.005,0,2,0,343,1.315
CPZ-BDL,90,20:30-22:00,0.0001,3,2,0,343,1.315
CPZ-BDL,90,20:30-22:00,0.001,3,2,1,343,1.332
CPZ-BDL,90,20:30-22:00,0.05,3,0,1,343,1.413
CPZ-BDL,90,21:00-22:30,0.001,2,0,1,388,5.2
CPZ-BDL,90,21:00-22:30,0.001,1,0,0,388,5.218
CPZ-BDL,90,21:00-22:30,0.005,1,0,0,388,5.314
CPZ-BDL,90,21:00-22:30,0.005,1,0,0,388,5.493
CPZ-BDL,90,21:00-22:30,0.0005,2,2,-1,388,5.554
CPZ-BDL,90,21:00-22:30,0.1,1,0,-1,388,5.66
CPZ-BDL,90,21:00-22:30,0.01,-1,0,0,388,6.28
CPZ-BDL,90,21:00-22:30,0.0005,-1,1,0,388,6.337
CPZ-BDL,90,07:30-09:00,0.01,1,0,-1,346,30.591
CPZ-BDL,90,07:30-09:00,0.0005,0,0,-1,346,31.563
CPZ-BDL,90,07:30-09:00,0.005,0,0,10,346,31.605
CPZ-BDL,90,07:30-09:00,0.005,0,0,10,346,31.896
CPZ-BDL,90,07:30-09:00,0.01,2,1,10,346,32.504
CPZ-BDL,90,07:30-09:00,0.05,-1,0,1,346,33.121
CPZ-BDL,90,07:30-09:00,0.0005,0,1,1,346,34.731
CPZ-BDL,90,07:30-09:00,0.1,1,0,10,346,36.699
CPZ-BDL,90,21:30-23:00,0.005,2,0,0,312,0.687
CPZ-BDL,90,21:30-23:00,0.0005,2,1,-1,312,0.699
CPZ-BDL,90,21:30-23:00,0.005,2,2,-1,312,0.704
CPZ-BDL,90,21:30-23:00,0.001,2,2,-1,312,0.715
CPZ-BDL,90,21:30-23:00,0.0005,3,2,-1,312,0.748
CPZ-BDL,90,21:30-23:00,0.005,3,3,0,312,0.755
CPZ-BDL,90,21:30-23:00,0.0001,3,2,-1,312,0.759
CPZ-BDL,90,21:30-23:00,0.0005,3,2,0,312,0.78
DHY-HLZ,90,06:00-07:30,0.001,0,0,-1,1139,13.739
DHY-HLZ,90,06:00-07:30,0.01,0,0,-1,1139,13.85
DHY-HLZ,90,06:00-07:30,0.005,0,0,1,1139,13.874
DHY-HLZ,90,06:00-07:30,0.001,0,1,0,1139,13.928
DHY-HLZ,90,06:00-07:30,0.1,0,0,0,1139,14.577
DHY-HLZ,90,06:00-07:30,0.1,0,1,0,1139,14.579
DHY-HLZ,90,06:00-07:30,0.1,0,0,1,1139,14.646
DHY-HLZ,90,06:00-07:30,0.5,0,1,10,1139,14.913
DHY-HLZ,90,08:00-09:30,0.01,-1,1,0,422,23.353
DHY-HLZ,90,08:00-09:30,0.005,-1,1,0,422,31.729
DHY-HLZ,90,08:00-09:30,0.0001,-1,1,-1,422,31.796
DHY-HLZ,90,08:00-09:30,0.0001,-1,1,0,422,31.882
DHY-HLZ,90,08:00-09:30,0.005,2,0,-1,422,31.961
DHY-HLZ,90,08:00-09:30,0.0005,-1,1,1,422,32.427
DHY-HLZ,90,08:00-09:30,0.0005,0,1,-1,422,32.78
DHY-HLZ,90,08:00-09:30,0.5,1,0,1,422,32.949
DHY-HLZ,90,08:30-10:00,0.05,1,0,100,529,27.968
DHY-HLZ,90,08:30-10:00,0.5,1,0,1000,529,29.505
DHY-HLZ,90,08:30-10:00,0.5,-1,0,100,529,29.99
DHY-HLZ,90,08:30-10:00,0.1,2,1,1000,529,38.216
DHY-HLZ,90,08:30-10:00,0.05,1,0,0,529,39.131
DHY-HLZ,90,08:30-10:00,0.1,1,1,-1,529,48.879
DHY-HLZ,90,08:30-10:00,0.1,-1,1,1,529,49.456
DHY-HLZ,90,08:30-10:00,0.1,2,0,-1,529,50.152
DHY-HLZ,90,09:00-10:30,0.1,0,0,0,553,19.468
DHY-HLZ,90,09:00-10:30,0.001,0,0,-1,553,23.284
DHY-HLZ,90,09:00-10:30,0.05,0,1,1,553,25.922
DHY-HLZ,90,09:00-10:30,0.05,1,1,1,553,33.081
DHY-HLZ,90,09:00-10:30,0.01,1,1,1000,553,34.185
DHY-HLZ,90,09:00-10:30,0.1,0,3,10,553,34.76
DHY-HLZ,90,09:00-10:30,0.05,2,1,0,553,35.125
DHY-HLZ,90,09:00-10:30,0.005,1,1,1000,553,38.386
DHY-HLZ,90,09:30-11:00,0.001,0,1,-1,415,21.48
DHY-HLZ,90,09:30-11:00,0.05,0,1,1,415,22.564
DHY-HLZ,90,09:30-11:00,0.05,0,0,10,415,23.115
DHY-HLZ,90,09:30-11:00,0.5,0,0,0,415,24.522
DHY-HLZ,90,09:30-11:00,0.0005,0,2,-1,415,31.784
DHY-HLZ,90,09:30-11:00,0.001,0,2,-1,415,31.95
DHY-HLZ,90,09:30-11:00,0.0001,0,2,-1,415,32.06
DHY-HLZ,90,09:30-11:00,0.01,-1,1,100,415,32.255
DHY-HLZ,90,10:00-11:30,0.05,0,0,0,406,22.488
DHY-HLZ,90,10:00-11:30,0.1,1,0,1000,406,31.651
DHY-HLZ,90,10:00-11:30,0.1,1,0,100,406,31.962
DHY-HLZ,90,10:00-11:30,0.0001,0,2,0,406,34.67
DHY-HLZ,90,10:00-11:30,0.5,1,0,1000,406,34.962
DHY-HLZ,90,10:00-11:30,0.01,0,2,1,406,35.034
DHY-HLZ,90,10:00-11:30,0.5,1,0,1000,406,35.21
DHY-HLZ,90,10:00-11:30,0.01,0,0,1,406,36.178
DHY-HLZ,90,10:30-12:00,0.1,-1,0,100,564,58.965
DHY-HLZ,90,10:30-12:00,0.0005,-1,1,100,564,59.996
DHY-HLZ,90,10:30-12:00,0.001,1,1,100,564,60.437
DHY-HLZ,90,10:30-12:00,0.0005,-1,1,100,564,60.524
DHY-HLZ,90,10:30-12:00,0.5,1,0,1000,564,63.204
DHY-HLZ,90,10:30-12:00,0.1,1,2,0,564,71.985
DHY-HLZ,90,10:30-12:00,0.05,3,0,100,564,90.972
DHY-HLZ,90,10:30-12:00,0.01,-1,0,100,564,94.154
DHY-HLZ,90,11:00-12:30,0.0005,1,1,1,662,76.165
DHY-HLZ,90,11:00-12:30,0.0001,-1,1,0,662,79.979
DHY-HLZ,90,11:00-12:30,0.001,-1,1,-1,662,80.805
DHY-HLZ,90,11:00-12:30,0.5,-1,1,0,662,86.109
DHY-HLZ,90,11:00-12:30,0.005,-1,1,1,662,89.821
DHY-HLZ,90,11:00-12:30,0.005,-1,0,100,662,93.784
DHY-HLZ,90,11:00-12:30,0.0001,-1,0,-1,662,96.119
DHY-HLZ,90,11:00-12:30,0.0001,-1,0,1,662,97.787
DHY-HLZ,90,06:30-08:00,0.001,0,0,1,147,13.822
DHY-HLZ,90,06:30-08:00,0.05,0,1,1,147,14.582
DHY-HLZ,90,06:30-08:00,0.05,0,0,-1,147,16.53
DHY-HLZ,90,06:30-08:00,0.0001,0,0,10,147,18.056
DHY-HLZ,90,06:30-08:00,0.0001,0,0,10,147,18.056
DHY-HLZ,90,06:30-08:00,0.1,0,1,10,147,18.17
DHY-HLZ,90,06:30-08:00,0.0001,0,1,10,147,20.121
DHY-HLZ,90,06:30-08:00,0.01,2,0,10,147,20.491
DHY-HLZ,90,11:30-13:00,0.05,0,0,10,749,55.681
DHY-HLZ,90,11:30-13:00,0.01,0,2,-1,749,64.847
DHY-HLZ,90,11:30-13:00,0.5,0,0,0,749,68.828
DHY-HLZ,90,11:30-13:00,0.01,0,0,10,749,73.946
DHY-HLZ,90,11:30-13:00,0.0005,0,3,1,749,76.042
DHY-HLZ,90,11:30-13:00,0.0005,0,3,1,749,77.456
DHY-HLZ,90,11:30-13:00,0.1,0,2,10,749,77.556
DHY-HLZ,90,11:30-13:00,0.01,2,2,-1,749,83.436
DHY-HLZ,90,12:00-13:30,0.05,0,2,10,594,19.726
DHY-HLZ,90,12:00-13:30,0.0005,0,2,1,594,20.451
DHY-HLZ,90,12:00-13:30,0.005,0,0,1,594,20.48
DHY-HLZ,90,12:00-13:30,0.005,0,0,1,594,20.482
DHY-HLZ,90,12:00-13:30,0.0005,0,1,1,594,20.918
DHY-HLZ,90,12:00-13:30,0.001,1,1,1000,594,23.695
DHY-HLZ,90,12:00-13:30,0.5,0,3,1,594,25.491
DHY-HLZ,90,12:00-13:30,0.05,0,3,0,594,25.594
DHY-HLZ,90,12:30-14:00,0.5,0,0,0,528,20.648
DHY-HLZ,90,12:30-14:00,0.1,0,2,1,528,22.364
DHY-HLZ,90,12:30-14:00,0.05,0,3,1,528,23.868
DHY-HLZ,90,12:30-14:00,0.05,1,0,1,528,27.853
DHY-HLZ,90,12:30-14:00,0.001,0,3,-1,528,29.093
DHY-HLZ,90,12:30-14:00,0.01,1,0,0,528,29.386
DHY-HLZ,90,12:30-14:00,0.0001,-1,0,100,528,29.393
DHY-HLZ,90,12:30-14:00,0.001,-1,0,1000,528,29.462
DHY-HLZ,90,13:00-14:30,0.01,0,0,-1,457,21.693
DHY-HLZ,90,13:00-14:30,0.5,0,2,0,457,22.674
DHY-HLZ,90,13:00-14:30,0.1,0,0,1,457,22.764
DHY-HLZ,90,13:00-14:30,0.001,0,0,1,457,23.986
DHY-HLZ,90,13:00-14:30,0.005,0,0,0,457,24.744
DHY-HLZ,90,13:00-14:30,0.1,1,1,-1,457,25.585
DHY-HLZ,90,13:00-14:30,0.0005,0,0,10,457,27.005
DHY-HLZ,90,13:00-14:30,0.5,0,0,0,457,27.408
DHY-HLZ,90,13:30-15:00,0.5,-1,0,1,548,21.786
DHY-HLZ,90,13:30-15:00,0.1,1,0,-1,548,22.996
DHY-HLZ,90,13:30-15:00,0.1,-1,0,1,548,23.376
DHY-HLZ,90,13:30-15:00,0.05,2,1,0,548,24.689
DHY-HLZ,90,13:30-15:00,0.5,0,2,10,548,25.673
DHY-HLZ,90,13:30-15:00,0.0001,-1,0,1,548,25.785
DHY-HLZ,90,13:30-15:00,0.005,1,2,-1,548,26.225
DHY-HLZ,90,13:30-15:00,0.001,1,2,-1,548,26.261
DHY-HLZ,90,14:00-15:30,0.005,1,1,10,501,18.16
DHY-HLZ,90,14:00-15:30,0.005,-1,1,1,501,18.454
DHY-HLZ,90,14:00-15:30,0.0005,2,1,1,501,18.818
DHY-HLZ,90,14:00-15:30,0.0001,0,2,-1,501,19.142
DHY-HLZ,90,14:00-15:30,0.005,0,2,1,501,19.312
DHY-HLZ,90,14:00-15:30,0.0005,1,2,-1,501,19.536
DHY-HLZ,90,14:00-15:30,0.0005,2,1,10,501,19.696
DHY-HLZ,90,14:00-15:30,0.0005,2,0,1,501,20.149
DHY-HLZ,90,14:30-16:00,0.05,0,0,1,645,9.473
DHY-HLZ,90,14:30-16:00,0.5,0,2,1,645,13.52
DHY-HLZ,90,14:30-16:00,0.005,0,2,0,645,16.059
DHY-HLZ,90,14:30-16:00,0.001,0,2,1,645,16.546
DHY-HLZ,90,14:30-16:00,0.0005,-1,1,0,645,16.939
DHY-HLZ,90,14:30-16:00,0.0001,-1,1,-1,645,17.28
DHY-HLZ,90,14:30-16:00,0.01,1,1,0,645,17.484
DHY-HLZ,90,14:30-16:00,0.005,3,1,-1,645,17.922
DHY-HLZ,90,15:00-16:30,0.005,0,1,1,546,4.925
DHY-HLZ,90,15:00-16:30,0.005,0,0,1,546,4.935
DHY-HLZ,90,15:00-16:30,0.0005,0,1,0,546,5.103
DHY-HLZ,90,15:00-16:30,0.1,0,1,0,546,7.477
DHY-HLZ,90,15:00-16:30,0.1,0,3,1,546,8.258
DHY-HLZ,90,15:00-16:30,0.1,0,3,0,546,8.292
DHY-HLZ,90,15:00-16:30,0.5,1,2,1000,546,9.226
DHY-HLZ,90,15:00-16:30,0.0005,1,1,100,546,9.569
DHY-HLZ,90,15:30-17:00,0.001,0,0,-1,406,5.247
DHY-HLZ,90,15:30-17:00,0.5,0,0,0,406,5.357
DHY-HLZ,90,15:30-17:00,0.5,0,0,10,406,6.646
DHY-HLZ,90,15:30-17:00,0.5,0,3,-1,406,7.527
DHY-HLZ,90,15:30-17:00,0.0005,-1,1,0,406,7.686
DHY-HLZ,90,15:30-17:00,0.0001,0,2,0,406,7.813
DHY-HLZ,90,15:30-17:00,0.0005,2,1,0,406,7.828
DHY-HLZ,90,15:30-17:00,0.005,-1,0,0,406,7.851
DHY-HLZ,90,16:00-17:30,0.05,0,0,0,381,4.233
DHY-HLZ,90,16:00-17:30,0.1,0,0,10,381,5.42
DHY-HLZ,90,16:00-17:30,0.5,0,2,-1,381,5.579
DHY-HLZ,90,16:00-17:30,0.5,0,2,1,381,5.612
DHY-HLZ,90,16:00-17:30,0.0005,0,3,1,381,5.723
DHY-HLZ,90,16:00-17:30,0.5,0,3,1,381,6.135
DHY-HLZ,90,16:00-17:30,0.1,0,1,1,381,6.574
DHY-HLZ,90,16:00-17:30,0.0001,0,2,-1,381,6.943
DHY-HLZ,90,07:00-08:30,0.05,0,1,1,201,19.697
DHY-HLZ,90,07:00-08:30,0.05,0,0,1,201,19.991
DHY-HLZ,90,07:00-08:30,0.1,0,1,-1,201,20.341
DHY-HLZ,90,07:00-08:30,0.001,0,1,1000,201,22.524
DHY-HLZ,90,07:00-08:30,0.0005,0,1,1000,201,22.606
DHY-HLZ,90,07:00-08:30,0.01,0,0,1000,201,22.646
DHY-HLZ,90,07:00-08:30,0.5,0,0,100,201,25.216
DHY-HLZ,90,07:00-08:30,0.5,-1,1,1,201,25.363
DHY-HLZ,90,16:30-18:00,0.01,0,0,0,460,4.584
DHY-HLZ,90,16:30-18:00,0.0005,0,2,1,460,5.211
DHY-HLZ,90,16:30-18:00,0.01,0,2,1,460,5.48
DHY-HLZ,90,16:30-18:00,0.01,0,2,0,460,5.719
DHY-HLZ,90,16:30-18:00,0.05,0,2,0,460,6.057
DHY-HLZ,90,16:30-18:00,0.0005,0,3,-1,460,6.473
DHY-HLZ,90,16:30-18:00,0.1,0,3,1,460,6.532
DHY-HLZ,90,16:30-18:00,0.01,0,3,-1,460,6.617
DHY-HLZ,90,17:00-18:30,0.0005,0,2,-1,483,5.681
DHY-HLZ,90,17:00-18:30,0.001,0,2,-1,483,5.75
DHY-HLZ,90,17:00-18:30,0.1,0,2,0,483,6.249
DHY-HLZ,90,17:00-18:30,0.0001,0,0,-1,483,6.942
DHY-HLZ,90,17:00-18:30,0.1,0,0,-1,483,7.004
DHY-HLZ,90,17:00-18:30,0.0001,0,1,-1,483,7.178
DHY-HLZ,90,17:00-18:30,0.005,0,3,0,483,7.242
DHY-HLZ,90,17:00-18:30,0.0001,-1,0,1,483,7.824
DHY-HLZ,90,17:30-19:00,0.005,0,0,0,431,2.88
DHY-HLZ,90,17:30-19:00,0.005,0,0,0,431,2.914
DHY-HLZ,90,17:30-19:00,0.5,0,0,0,431,3.238
DHY-HLZ,90,17:30-19:00,0.001,-1,0,0,431,3.787
DHY-HLZ,90,17:30-19:00,0.005,0,1,0,431,3.871
DHY-HLZ,90,17:30-19:00,0.0005,1,0,0,431,3.929
DHY-HLZ,90,17:30-19:00,0.01,0,1,0,431,3.962
DHY-HLZ,90,17:30-19:00,0.0005,0,2,0,431,3.963
DHY-HLZ,90,18:00-19:30,0.1,0,0,0,426,3.656
DHY-HLZ,90,18:00-19:30,0.0001,1,1,-1,426,4.352
DHY-HLZ,90,18:00-19:30,0.05,-1,0,-1,426,4.859
DHY-HLZ,90,18:00-19:30,0.0005,-1,1,1,426,5.297
DHY-HLZ,90,18:00-19:30,0.005,-1,1,0,426,5.302
DHY-HLZ,90,18:00-19:30,0.0001,-1,0,1,426,5.4
DHY-HLZ,90,18:00-19:30,0.05,-1,1,0,426,5.41
DHY-HLZ,90,18:00-19:30,0.5,1,1,-1,426,5.443
DHY-HLZ,90,18:30-20:00,0.5,0,0,0,445,3.377
DHY-HLZ,90,18:30-20:00,0.5,0,1,0,445,3.907
DHY-HLZ,90,18:30-20:00,0.5,0,2,-1,445,4.099
DHY-HLZ,90,18:30-20:00,0.0001,-1,1,0,445,4.235
DHY-HLZ,90,18:30-20:00,0.001,1,1,0,445,4.322
DHY-HLZ,90,18:30-20:00,0.001,1,1,1,445,4.411
DHY-HLZ,90,18:30-20:00,0.001,1,1,1,445,4.499
DHY-HLZ,90,18:30-20:00,0.005,1,1,-1,445,4.537
DHY-HLZ,90,19:00-20:30,0.005,0,3,0,493,2.428
DHY-HLZ,90,19:00-20:30,0.05,0,3,-1,493,2.688
DHY-HLZ,90,19:00-20:30,0.005,1,1,0,493,2.96
DHY-HLZ,90,19:00-20:30,0.0005,1,1,-1,493,3.035
DHY-HLZ,90,19:00-20:30,0.0005,1,1,0,493,3.139
DHY-HLZ,90,19:00-20:30,0.05,1,1,-1,493,3.171
DHY-HLZ,90,19:00-20:30,0.01,-1,1,-1,493,3.201
DHY-HLZ,90,19:00-20:30,0.01,-1,1,1,493,3.361
DHY-HLZ,90,19:30-21:00,0.0005,1,3,0,449,1.258
DHY-HLZ,90,19:30-21:00,0.001,2,3,-1,449,1.309
DHY-HLZ,90,19:30-21:00,0.005,0,3,-1,449,1.344
DHY-HLZ,90,19:30-21:00,0.0005,1,2,1,449,1.364
DHY-HLZ,90,19:30-21:00,0.001,0,2,1,449,1.38
DHY-HLZ,90,19:30-21:00,0.0001,0,3,1,449,1.387
DHY-HLZ,90,19:30-21:00,0.005,2,3,1,449,1.398
DHY-HLZ,90,19:30-21:00,0.001,0,1,-1,449,1.418
DHY-HLZ,90,20:00-21:30,0.0001,2,0,-1,303,0.74
DHY-HLZ,90,20:00-21:30,0.001,1,0,-1,303,0.784
DHY-HLZ,90,20:00-21:30,0.001,-1,0,0,303,0.815
DHY-HLZ,90,20:00-21:30,0.001,1,1,0,303,0.818
DHY-HLZ,90,20:00-21:30,0.0005,1,1,0,303,0.821
DHY-HLZ,90,20:00-21:30,0.0005,2,1,-1,303,0.831
DHY-HLZ,90,20:00-21:30,0.005,-1,0,0,303,0.834
DHY-HLZ,90,20:00-21:30,0.0005,2,1,-1,303,0.837
DHY-HLZ,90,20:30-22:00,0.05,0,0,-1,387,5.71
DHY-HLZ,90,20:30-22:00,0.0001,0,2,0,387,5.936
DHY-HLZ,90,20:30-22:00,0.1,0,0,1,387,6.017
DHY-HLZ,90,20:30-22:00,0.0001,-1,0,-1,387,6.067
DHY-HLZ,90,20:30-22:00,0.01,-1,0,-1,387,6.132
DHY-HLZ,90,20:30-22:00,0.01,-1,0,0,387,6.146
DHY-HLZ,90,20:30-22:00,0.005,1,2,-1,387,6.229
DHY-HLZ,90,20:30-22:00,0.0005,1,0,-1,387,6.252
DHY-HLZ,90,21:00-22:30,0.0001,3,0,1,358,1.348
DHY-HLZ,90,21:00-22:30,0.001,3,0,0,358,1.421
DHY-HLZ,90,21:00-22:30,0.001,3,0,-1,358,1.441
DHY-HLZ,90,21:00-22:30,0.001,3,1,1,358,1.442
DHY-HLZ,90,21:00-22:30,0.005,-1,1,0,358,1.7
DHY-HLZ,90,21:00-22:30,0.0005,0,2,1,358,1.784
DHY-HLZ,90,21:00-22:30,0.1,0,2,-1,358,1.819
DHY-HLZ,90,21:00-22:30,0.0005,3,2,0,358,1.827
DHY-HLZ,90,07:30-09:00,0.0001,0,0,10,324,23.713
DHY-HLZ,90,07:30-09:00,0.0005,0,0,10,324,23.74
DHY-HLZ,90,07:30-09:00,0.0001,0,0,1,324,24.062
DHY-HLZ,90,07:30-09:00,0.5,0,1,-1,324,24.625
DHY-HLZ,90,07:30-09:00,0.01,0,0,0,324,24.905
DHY-HLZ,90,07:30-09:00,0.5,0,1,1,324,25.315
DHY-HLZ,90,07:30-09:00,0.01,2,1,0,324,28.154
DHY-HLZ,90,07:30-09:00,0.01,-1,0,1000,324,30.715
DHY-HLZ,90,21:30-23:00,0.0001,2,2,0,459,0.756
DHY-HLZ,90,21:30-23:00,0.0001,3,3,-1,459,0.771
DHY-HLZ,90,21:30-23:00,0.001,-1,3,0,459,0.798
DHY-HLZ,90,21:30-23:00,0.0001,3,3,-1,459,0.812
DHY-HLZ,90,21:30-23:00,0.005,3,0,-1,459,0.828
DHY-HLZ,90,21:30-23:00,0.0001,3,0,-1,459,0.835
DHY-HLZ,90,21:30-23:00,0.01,2,0,0,459,0.907
DHY-HLZ,90,21:30-23:00,0.5,2,0,0,459,0.911
HLZ-XHY,90,06:00-07:30,0.0001,0,1,1,49,13.951
HLZ-XHY,90,06:00-07:30,0.0001,0,0,10,49,13.963
HLZ-XHY,90,06:00-07:30,0.001,0,0,0,49,13.995
HLZ-XHY,90,06:00-07:30,0.0001,0,1,10,49,14.113
HLZ-XHY,90,06:00-07:30,0.01,0,0,10,49,14.187
HLZ-XHY,90,06:00-07:30,0.5,0,1,1,49,14.814
HLZ-XHY,90,06:00-07:30,0.5,0,1,-1,49,14.928
HLZ-XHY,90,06:00-07:30,0.5,0,1,-1,49,14.952
HLZ-XHY,90,08:00-09:30,0.1,1,0,0,415,23.78
HLZ-XHY,90,08:00-09:30,0.05,1,1,1,415,24.607
HLZ-XHY,90,08:00-09:30,0.05,-1,1,1,415,24.64
HLZ-XHY,90,08:00-09:30,0.5,-1,1,-1,415,25.518
HLZ-XHY,90,08:00-09:30,0.5,-1,1,-1,415,25.56
HLZ-XHY,90,08:00-09:30,0.5,-1,0,0,415,26.208
HLZ-XHY,90,08:00-09:30,0.1,2,1,0,415,27.27
HLZ-XHY,90,08:00-09:30,0.5,1,0,100,415,27.832
HLZ-XHY,90,08:30-10:00,0.1,1,0,-1,429,40.207
HLZ-XHY,90,08:30-10:00,0.1,0,0,0,429,44.27
HLZ-XHY,90,08:30-10:00,0.1,0,0,-1,429,45.187
HLZ-XHY,90,08:30-10:00,0.5,2,1,0,429,49.207
HLZ-XHY,90,08:30-10:00,0.0005,0,0,0,429,51.396
HLZ-XHY,90,08:30-10:00,0.001,-1,1,-1,429,52.062
HLZ-XHY,90,08:30-10:00,0.005,0,2,-1,429,52.674
HLZ-XHY,90,08:30-10:00,0.001,1,1,-1,429,52.76
HLZ-XHY,90,09:00-10:30,0.0005,0,0,-1,342,19.447
HLZ-XHY,90,09:00-10:30,0.05,0,1,1,342,20.347
HLZ-XHY,90,09:00-10:30,0.0005,0,1,0,342,20.463
HLZ-XHY,90,09:00-10:30,0.05,0,1,-1,342,20.748
HLZ-XHY,90,09:00-10:30,0.5,0,0,0,342,21.665
HLZ-XHY,90,09:00-10:30,0.5,0,0,-1,342,22.322
HLZ-XHY,90,09:00-10:30,0.0005,2,1,1,342,24.633
HLZ-XHY,90,09:00-10:30,0.005,2,1,1,342,24.824
HLZ-XHY,90,09:30-11:00,0.5,0,1,1,408,26.225
HLZ-XHY,90,09:30-11:00,0.1,-1,1,1000,408,26.526
HLZ-XHY,90,09:30-11:00,0.005,1,1,1000,408,33.031
HLZ-XHY,90,09:30-11:00,0.0005,0,2,-1,408,33.656
HLZ-XHY,90,09:30-11:00,0.0001,0,2,-1,408,33.669
HLZ-XHY,90,09:30-11:00,0.001,0,2,0,408,33.713
HLZ-XHY,90,09:30-11:00,0.005,-1,1,100,408,33.815
HLZ-XHY,90,09:30-11:00,0.05,0,2,1,408,34.169
HLZ-XHY,90,10:00-11:30,0.01,-1,0,1000,423,38.398
HLZ-XHY,90,10:00-11:30,0.01,0,2,10,423,42.311
HLZ-XHY,90,10:00-11:30,0.05,0,0,1,423,43.24
HLZ-XHY,90,10:00-11:30,0.5,2,0,1000,423,45.177
HLZ-XHY,90,10:00-11:30,0.1,0,3,0,423,45.6
HLZ-XHY,90,10:00-11:30,0.0001,0,0,-1,423,51.027
HLZ-XHY,90,10:00-11:30,0.05,2,0,100,423,56.237
HLZ-XHY,90,10:00-11:30,0.0001,-1,1,1000,423,56.494
HLZ-XHY,90,10:30-12:00,0.0005,-1,1,100,543,66.356
HLZ-XHY,90,10:30-12:00,0.001,1,1,100,543,66.808
HLZ-XHY,90,10:30-12:00,0.05,1,1,100,543,68.736
HLZ-XHY,90,10:30-12:00,0.1,1,1,100,543,72.525
HLZ-XHY,90,10:30-12:00,0.5,2,0,100,543,84.871
HLZ-XHY,90,10:30-12:00,0.001,1,0,1000,543,86.24
HLZ-XHY,90,10:30-12:00,0.005,1,1,-1,543,88.781
HLZ-XHY,90,10:30-12:00,0.005,-1,0,10,543,88.886
HLZ-XHY,90,11:00-12:30,0.1,-1,0,1,530,78.975
HLZ-XHY,90,11:00-12:30,0.1,-1,2,10,530,78.981
HLZ-XHY,90,11:00-12:30,0.05,-1,0,0,530,84.232
HLZ-XHY,90,11:00-12:30,0.001,1,1,0,530,89.731
HLZ-XHY,90,11:00-12:30,0.0005,1,0,0,530,93.514
HLZ-XHY,90,11:00-12:30,0.0005,1,2,-1,530,95.564
HLZ-XHY,90,11:00-12:30,0.5,1,0,1,530,96.613
HLZ-XHY,90,11:00-12:30,0.005,1,2,0,530,98.145
HLZ-XHY,90,06:30-08:00,0.001,0,0,-1,140,14.234
HLZ-XHY,90,06:30-08:00,0.001,0,0,0,140,14.235
HLZ-XHY,90,06:30-08:00,0.001,0,0,-1,140,14.277
HLZ-XHY,90,06:30-08:00,0.005,0,1,1,140,14.309
HLZ-XHY,90,06:30-08:00,0.1,0,0,-1,140,15.158
HLZ-XHY,90,06:30-08:00,0.05,0,0,-1,140,15.189
HLZ-XHY,90,06:30-08:00,0.05,0,1,-1,140,15.302
HLZ-XHY,90,06:30-08:00,0.0005,-1,0,0,140,15.674
HLZ-XHY,90,11:30-13:00,0.05,1,1,0,638,47.421
HLZ-XHY,90,11:30-13:00,0.5,-1,1,-1,638,47.897
HLZ-XHY,90,11:30-13:00,0.05,1,0,-1,638,48.413
HLZ-XHY,90,11:30-13:00,0.05,1,0,-1,638,48.908
HLZ-XHY,90,11:30-13:00,0.5,2,2,1,638,60.019
HLZ-XHY,90,11:30-13:00,0.05,1,0,1000,638,71.901
HLZ-XHY,90,11:30-13:00,0.0005,-1,1,10,638,73.599
HLZ-XHY,90,11:30-13:00,0.0005,1,2,10,638,75.013
HLZ-XHY,90,12:00-13:30,0.1,1,1,1,505,30.788
HLZ-XHY,90,12:00-13:30,0.1,-1,0,1,505,31.316
HLZ-XHY,90,12:00-13:30,0.0001,1,2,100,505,35.085
HLZ-XHY,90,12:00-13:30,0.0005,1,2,100,505,35.163
HLZ-XHY,90,12:00-13:30,0.5,1,0,10,505,35.693
HLZ-XHY,90,12:00-13:30,0.5,0,1,0,505,36.412
HLZ-XHY,90,12:00-13:30,0.01,1,2,100,505,36.529
HLZ-XHY,90,12:00-13:30,0.005,1,2,100,505,36.743
HLZ-XHY,90,12:30-14:00,0.0005,0,1,-1,545,11.287
HLZ-XHY,90,12:30-14:00,0.0001,0,1,0,545,11.292
HLZ-XHY,90,12:30-14:00,0.0005,0,1,1,545,11.708
HLZ-XHY,90,12:30-14:00,0.01,0,1,0,545,11.923
HLZ-XHY,90,12:30-14:00,0.001,0,0,-1,545,11.924
HLZ-XHY,90,12:30-14:00,0.001,0,0,0,545,12.019
HLZ-XHY,90,12:30-14:00,0.05,0,1,0,545,13.066
HLZ-XHY,90,12:30-14:00,0.5,0,1,10,545,14.473
HLZ-XHY,90,13:00-14:30,0.01,0,0,-1,448,23.809
HLZ-XHY,90,13:00-14:30,0.1,0,2,1,448,24.776
HLZ-XHY,90,13:00-14:30,0.005,0,2,0,448,27.269
HLZ-XHY,90,13:00-14:30,0.0005,0,3,0,448,31.223
HLZ-XHY,90,13:00-14:30,0.005,0,3,-1,448,31.677
HLZ-XHY,90,13:00-14:30,0.005,0,3,0,448,31.758
HLZ-XHY,90,13:00-14:30,0.0005,0,3,1,448,33.949
HLZ-XHY,90,13:00-14:30,0.5,1,0,10,448,35.05
HLZ-XHY,90,13:30-15:00,0.05,1,1,0,610,24.294
HLZ-XHY,90,13:30-15:00,0.5,-1,1,1,610,24.997
HLZ-XHY,90,13:30-15:00,0.5,2,1,-1,610,26.315
HLZ-XHY,90,13:30-15:00,0.05,0,0,-1,610,29.013
HLZ-XHY,90,13:30-15:00,0.005,-1,1,0,610,29.491
HLZ-XHY,90,13:30-15:00,0.5,1,0,1,610,29.547
HLZ-XHY,90,13:30-15:00,0.05,-1,0,0,610,32.174
HLZ-XHY,90,13:30-15:00,0.005,1,2,1,610,32.792
HLZ-XHY,90,14:00-15:30,0.5,0,0,10,469,10.228
HLZ-XHY,90,14:00-15:30,0.0001,2,1,0,469,20.046
HLZ-XHY,90,14:00-15:30,0.5,0,2,-1,469,20.599
HLZ-XHY,90,14:00-15:30,0.001,2,0,10,469,20.616
HLZ-XHY,90,14:00-15:30,0.0005,-1,0,1000,469,21.07
HLZ-XHY,90,14:00-15:30,0.5,-1,0,1,469,21.155
HLZ-XHY,90,14:00-15:30,0.0005,2,0,1,469,21.705
HLZ-XHY,90,14:00-15:30,0.0001,1,0,10,469,21.901
HLZ-XHY,90,14:30-16:00,0.0005,0,2,-1,528,9.389
HLZ-XHY,90,14:30-16:00,0.001,0,3,1,528,9.703
HLZ-XHY,90,14:30-16:00,0.01,0,3,-1,528,9.82
HLZ-XHY,90,14:30-16:00,0.0005,0,3,-1,528,9.97
HLZ-XHY,90,14:30-16:00,0.5,0,2,0,528,10.22
HLZ-XHY,90,14:30-16:00,0.001,0,0,1,528,13.68
HLZ-XHY,90,14:30-16:00,0.01,0,0,1,528,14.109
HLZ-XHY,90,14:30-16:00,0.5,0,3,10,528,14.536
HLZ-XHY,90,15:00-16:30,0.0001,0,0,100,446,5.586
HLZ-XHY,90,15:00-16:30,0.01,0,0,1000,446,5.802
HLZ-XHY,90,15:00-16:30,0.05,0,0,1000,446,6.39
HLZ-XHY,90,15:00-16:30,0.05,0,0,0,446,7.031
HLZ-XHY,90,15:00-16:30,0.005,-1,0,100,446,8.059
HLZ-XHY,90,15:00-16:30,0.5,0,0,10,446,9.07
HLZ-XHY,90,15:00-16:30,0.005,0,3,-1,446,9.329
HLZ-XHY,90,15:00-16:30,0.0005,0,2,1,446,9.974
HLZ-XHY,90,15:30-17:00,0.0001,0,0,-1,316.9999991,4.154
HLZ-XHY,90,15:30-17:00,0.001,0,0,-1,316.9999991,4.189
HLZ-XHY,90,15:30-17:00,0.5,0,0,10,316.9999991,4.257
HLZ-XHY,90,15:30-17:00,0.01,0,0,0,316.9999991,4.312
HLZ-XHY,90,15:30-17:00,0.001,0,3,1,316.9999991,4.497
HLZ-XHY,90,15:30-17:00,0.0005,0,2,1,316.9999991,4.568
HLZ-XHY,90,15:30-17:00,0.0001,0,3,-1,316.9999991,4.58
HLZ-XHY,90,15:30-17:00,0.005,0,3,0,316.9999991,4.58
HLZ-XHY,90,16:00-17:30,0.5,0,0,0,396,4.083
HLZ-XHY,90,16:00-17:30,0.5,0,0,-1,396,4.422
HLZ-XHY,90,16:00-17:30,0.1,0,0,-1,396,4.888
HLZ-XHY,90,16:00-17:30,0.0001,0,1,10,396,4.925
HLZ-XHY,90,16:00-17:30,0.05,0,0,0,396,4.938
HLZ-XHY,90,16:00-17:30,0.0001,0,0,-1,396,5.602
HLZ-XHY,90,16:00-17:30,0.001,0,0,-1,396,5.706
HLZ-XHY,90,16:00-17:30,0.1,0,0,1,396,5.963
HLZ-XHY,90,07:00-08:30,0.005,0,0,1,192,17.885
HLZ-XHY,90,07:00-08:30,0.001,0,0,10,192,18.117
HLZ-XHY,90,07:00-08:30,0.1,0,1,10,192,21.555
HLZ-XHY,90,07:00-08:30,0.0005,0,0,100,192,22.334
HLZ-XHY,90,07:00-08:30,0.001,0,0,100,192,22.525
HLZ-XHY,90,07:00-08:30,0.0005,3,0,-1,192,25.185
HLZ-XHY,90,07:00-08:30,0.0005,3,1,0,192,25.368
HLZ-XHY,90,07:00-08:30,0.01,3,1,0,192,25.465
HLZ-XHY,90,16:30-18:00,0.0001,0,0,1,506,9.545
HLZ-XHY,90,16:30-18:00,0.05,0,2,1,506,10.082
HLZ-XHY,90,16:30-18:00,0.005,1,2,1,506,10.492
HLZ-XHY,90,16:30-18:00,0.0001,0,0,-1,506,11.143
HLZ-XHY,90,16:30-18:00,0.0005,0,2,-1,506,11.681
HLZ-XHY,90,16:30-18:00,0.0001,0,2,0,506,11.725
HLZ-XHY,90,16:30-18:00,0.0005,0,2,-1,506,11.735
HLZ-XHY,90,16:30-18:00,0.0005,-1,0,-1,506,12.488
HLZ-XHY,90,17:00-18:30,0.1,0,0,0,398,5.539
HLZ-XHY,90,17:00-18:30,0.0005,0,2,-1,398,6.019
HLZ-XHY,90,17:00-18:30,0.001,2,0,10,398,6.312
HLZ-XHY,90,17:00-18:30,0.5,0,2,0,398,6.589
HLZ-XHY,90,17:00-18:30,0.001,-1,2,0,398,6.828
HLZ-XHY,90,17:00-18:30,0.01,-1,2,0,398,7.121
HLZ-XHY,90,17:00-18:30,0.005,2,2,-1,398,7.266
HLZ-XHY,90,17:00-18:30,0.005,2,2,0,398,7.271
HLZ-XHY,90,17:30-19:00,0.5,0,0,-1,428,3.759
HLZ-XHY,90,17:30-19:00,0.0005,-1,1,0,428,3.823
HLZ-XHY,90,17:30-19:00,0.0005,1,1,-1,428,3.913
HLZ-XHY,90,17:30-19:00,0.001,1,1,1,428,3.967
HLZ-XHY,90,17:30-19:00,0.01,1,0,0,428,4.051
HLZ-XHY,90,17:30-19:00,0.01,-1,1,0,428,4.106
HLZ-XHY,90,17:30-19:00,0.005,2,1,1,428,4.136
HLZ-XHY,90,17:30-19:00,0.001,-1,0,0,428,4.204
HLZ-XHY,90,18:00-19:30,0.001,2,0,10,425,5.296
HLZ-XHY,90,18:00-19:30,0.005,2,0,10,425,5.5
HLZ-XHY,90,18:00-19:30,0.0001,-1,1,-1,425,5.606
HLZ-XHY,90,18:00-19:30,0.0005,1,0,0,425,5.79
HLZ-XHY,90,18:00-19:30,0.0005,1,0,-1,425,5.817
HLZ-XHY,90,18:00-19:30,0.001,1,0,1,425,5.94
HLZ-XHY,90,18:00-19:30,0.0005,2,1,1,425,6.099
HLZ-XHY,90,18:00-19:30,0.01,-1,0,1,425,6.13
HLZ-XHY,90,18:30-20:00,0.0001,-1,0,-1,446,6.028
HLZ-XHY,90,18:30-20:00,0.5,1,1,1,446,6.058
HLZ-XHY,90,18:30-20:00,0.0001,2,1,0,446,6.262
HLZ-XHY,90,18:30-20:00,0.005,-1,0,0,446,6.269
HLZ-XHY,90,18:30-20:00,0.05,-1,1,-1,446,6.412
HLZ-XHY,90,18:30-20:00,0.0001,1,0,0,446,6.529
HLZ-XHY,90,18:30-20:00,0.0001,1,0,0,446,6.659
HLZ-XHY,90,18:30-20:00,0.005,2,1,0,446,6.791
HLZ-XHY,90,19:00-20:30,0.0005,0,3,0,509,2.872
HLZ-XHY,90,19:00-20:30,0.0005,0,3,0,509,2.884
HLZ-XHY,90,19:00-20:30,0.001,0,2,0,509,2.895
HLZ-XHY,90,19:00-20:30,0.0005,0,3,-1,509,2.945
HLZ-XHY,90,19:00-20:30,0.005,-1,0,0,509,3.181
HLZ-XHY,90,19:00-20:30,0.005,0,3,1,509,3.194
HLZ-XHY,90,19:00-20:30,0.0005,-1,1,1,509,3.218
HLZ-XHY,90,19:00-20:30,0.005,1,0,-1,509,3.234
HLZ-XHY,90,19:30-21:00,0.001,0,3,-1,433,1.395
HLZ-XHY,90,19:30-21:00,0.005,0,2,0,433,1.425
HLZ-XHY,90,19:30-21:00,0.0005,0,2,0,433,1.436
HLZ-XHY,90,19:30-21:00,0.001,0,3,0,433,1.437
HLZ-XHY,90,19:30-21:00,0.0001,0,2,1,433,1.469
HLZ-XHY,90,19:30-21:00,0.0005,0,2,1,433,1.472
HLZ-XHY,90,19:30-21:00,0.0001,1,2,-1,433,1.477
HLZ-XHY,90,19:30-21:00,0.0001,2,2,-1,433,1.489
HLZ-XHY,90,20:00-21:30,0.005,1,1,-1,402,0.874
HLZ-XHY,90,20:00-21:30,0.0001,2,0,1,402,0.891
HLZ-XHY,90,20:00-21:30,0.0005,2,0,-1,402,0.897
HLZ-XHY,90,20:00-21:30,0.001,-1,0,-1,402,0.899
HLZ-XHY,90,20:00-21:30,0.0001,-1,1,-1,402,0.9
HLZ-XHY,90,20:00-21:30,0.0005,1,1,-1,402,0.904
HLZ-XHY,90,20:00-21:30,0.001,1,0,1,402,0.907
HLZ-XHY,90,20:00-21:30,0.005,2,1,0,402,0.91
HLZ-XHY,90,20:30-22:00,0.01,0,0,0,396,3.869
HLZ-XHY,90,20:30-22:00,0.005,0,3,1,396,3.919
HLZ-XHY,90,20:30-22:00,0.05,-1,3,-1,396,4.38
HLZ-XHY,90,20:30-22:00,0.01,0,0,1,396,4.68
HLZ-XHY,90,20:30-22:00,0.0005,0,0,1,396,4.71
HLZ-XHY,90,20:30-22:00,0.005,-1,0,1,396,4.881
HLZ-XHY,90,20:30-22:00,0.05,-1,0,0,396,4.924
HLZ-XHY,90,20:30-22:00,0.1,-1,3,0,396,5.12
HLZ-XHY,90,21:00-22:30,0.001,2,0,1,462,0.914
HLZ-XHY,90,21:00-22:30,0.0005,2,0,1,462,0.927
HLZ-XHY,90,21:00-22:30,0.001,-1,2,1,462,1.05
HLZ-XHY,90,21:00-22:30,0.001,3,2,0,462,1.193
HLZ-XHY,90,21:00-22:30,0.0001,2,3,-1,462,1.203
HLZ-XHY,90,21:00-22:30,0.0001,2,3,1,462,1.222
HLZ-XHY,90,21:00-22:30,0.5,3,1,1,462,1.247
HLZ-XHY,90,21:00-22:30,0.001,3,2,1,462,1.257
HLZ-XHY,90,07:30-09:00,0.1,1,1,0,425,30.801
HLZ-XHY,90,07:30-09:00,0.1,0,1,0,425,31.137
HLZ-XHY,90,07:30-09:00,0.5,0,1,1,425,33.494
HLZ-XHY,90,07:30-09:00,0.1,1,0,0,425,33.788
HLZ-XHY,90,07:30-09:00,0.1,-1,0,10,425,33.957
HLZ-XHY,90,07:30-09:00,0.1,-1,0,10,425,34.004
HLZ-XHY,90,07:30-09:00,0.5,-1,0,10,425,35.229
HLZ-XHY,90,07:30-09:00,0.005,-1,1,0,425,36.127
HLZ-XHY,90,21:30-23:00,0.001,1,2,0,380,0.475
HLZ-XHY,90,21:30-23:00,0.0005,1,3,0,380,0.481
HLZ-XHY,90,21:30-23:00,0.005,-1,0,-1,380,0.482
HLZ-XHY,90,21:30-23:00,0.0001,1,3,-1,380,0.483
HLZ-XHY,90,21:30-23:00,0.001,1,1,-1,380,0.488
HLZ-XHY,90,21:30-23:00,0.005,2,2,0,380,0.497
HLZ-XHY,90,21:30-23:00,0.0005,2,1,-1,380,0.504
HLZ-XHY,90,21:30-23:00,0.005,-1,2,-1,380,0.518
QHZ-CPZ,90,06:00-07:30,0.01,0,1,10,119,15.971
QHZ-CPZ,90,06:00-07:30,0.01,0,0,0,119,16.925
QHZ-CPZ,90,06:00-07:30,0.0001,0,0,0,119,16.995
QHZ-CPZ,90,06:00-07:30,0.0005,0,0,0,119,17.032
QHZ-CPZ,90,06:00-07:30,0.0001,0,1,-1,119,17.131
QHZ-CPZ,90,06:00-07:30,0.0005,0,1,0,119,17.565
QHZ-CPZ,90,06:00-07:30,0.005,0,0,0,119,17.789
QHZ-CPZ,90,06:00-07:30,0.0005,0,1,0,119,17.813
QHZ-CPZ,90,08:00-09:30,0.1,2,1,0,418,28.805
QHZ-CPZ,90,08:00-09:30,0.1,-1,0,0,418,28.966
QHZ-CPZ,90,08:00-09:30,0.1,-1,0,0,418,28.992
QHZ-CPZ,90,08:00-09:30,0.001,-1,1,0,418,31.566
QHZ-CPZ,90,08:00-09:30,0.01,-1,0,-1,418,31.649
QHZ-CPZ,90,08:00-09:30,0.05,2,1,-1,418,31.751
QHZ-CPZ,90,08:00-09:30,0.0005,0,1,0,418,31.894
QHZ-CPZ,90,08:00-09:30,0.1,-1,0,10,418,31.978
QHZ-CPZ,90,08:30-10:00,0.1,1,1,100,391,30.084
QHZ-CPZ,90,08:30-10:00,0.05,1,0,1000,391,30.424
QHZ-CPZ,90,08:30-10:00,0.01,2,1,1000,391,30.655
QHZ-CPZ,90,08:30-10:00,0.5,3,1,10,391,36.582
QHZ-CPZ,90,08:30-10:00,0.0001,1,1,100,391,37.12
QHZ-CPZ,90,08:30-10:00,0.0001,1,1,-1,391,40.393
QHZ-CPZ,90,08:30-10:00,0.05,1,2,100,391,40.626
QHZ-CPZ,90,08:30-10:00,0.0005,-1,1,-1,391,41.417
QHZ-CPZ,90,09:00-10:30,0.0001,0,0,10,386,32.603
QHZ-CPZ,90,09:00-10:30,0.1,1,1,-1,386,35.691
QHZ-CPZ,90,09:00-10:30,0.5,-1,1,-1,386,37.53
QHZ-CPZ,90,09:00-10:30,0.5,-1,1,-1,386,37.553
QHZ-CPZ,90,09:00-10:30,0.1,1,0,-1,386,39.116
QHZ-CPZ,90,09:00-10:30,0.05,1,0,100,386,40.28
QHZ-CPZ,90,09:00-10:30,0.001,-1,1,1,386,42.751
QHZ-CPZ,90,09:00-10:30,0.05,2,0,-1,386,42.797
QHZ-CPZ,90,09:30-11:00,0.01,0,0,-1,406,23.877
QHZ-CPZ,90,09:30-11:00,0.5,0,0,-1,406,25.553
QHZ-CPZ,90,09:30-11:00,0.5,0,1,0,406,30.526
QHZ-CPZ,90,09:30-11:00,0.1,-1,1,-1,406,33.461
QHZ-CPZ,90,09:30-11:00,0.1,1,0,0,406,36.866
QHZ-CPZ,90,09:30-11:00,0.05,2,1,0,406,37.861
QHZ-CPZ,90,09:30-11:00,0.01,-1,0,10,406,39.37
QHZ-CPZ,90,09:30-11:00,0.0005,-1,0,10,406,43.64
QHZ-CPZ,90,10:00-11:30,0.1,2,1,-1,395,48.652
QHZ-CPZ,90,10:00-11:30,0.1,1,1,-1,395,49.398
QHZ-CPZ,90,10:00-11:30,0.05,1,1,-1,395,50.694
QHZ-CPZ,90,10:00-11:30,0.1,-1,1,0,395,53.476
QHZ-CPZ,90,10:00-11:30,0.1,-1,1,0,395,53.632
QHZ-CPZ,90,10:00-11:30,0.5,1,0,1,395,56.935
QHZ-CPZ,90,10:00-11:30,0.5,1,0,-1,395,64.377
QHZ-CPZ,90,10:00-11:30,0.1,-1,0,1,395,68.308
QHZ-CPZ,90,10:30-12:00,0.05,0,0,10,597,25.303
QHZ-CPZ,90,10:30-12:00,0.1,-1,1,0,597,33.182
QHZ-CPZ,90,10:30-12:00,0.0001,1,1,-1,597,34.188
QHZ-CPZ,90,10:30-12:00,0.0005,1,1,-1,597,34.369
QHZ-CPZ,90,10:30-12:00,0.001,-1,1,0,597,34.409
QHZ-CPZ,90,10:30-12:00,0.5,-1,1,-1,597,34.427
QHZ-CPZ,90,10:30-12:00,0.005,2,0,0,597,35.995
QHZ-CPZ,90,10:30-12:00,0.01,-1,1,100,597,37.09
QHZ-CPZ,90,11:00-12:30,0.001,1,2,1,427,80.359
QHZ-CPZ,90,11:00-12:30,0.1,-1,0,100,427,107.794
QHZ-CPZ,90,11:00-12:30,0.01,-1,0,1000,427,121.743
QHZ-CPZ,90,11:00-12:30,0.005,1,0,0,427,128.819
QHZ-CPZ,90,11:00-12:30,0.01,2,3,0,427,136.252
QHZ-CPZ,90,11:00-12:30,0.005,3,2,-1,427,149.308
QHZ-CPZ,90,11:00-12:30,0.5,2,2,100,427,165.742
QHZ-CPZ,90,11:00-12:30,0.01,-1,3,1000,427,167.104
QHZ-CPZ,90,06:30-08:00,0.001,0,0,100,151,19.812
QHZ-CPZ,90,06:30-08:00,0.0001,0,0,100,151,19.82
QHZ-CPZ,90,06:30-08:00,0.005,0,0,1,151,19.865
QHZ-CPZ,90,06:30-08:00,0.0001,0,1,100,151,19.977
QHZ-CPZ,90,06:30-08:00,0.01,0,0,0,151,20.054
QHZ-CPZ,90,06:30-08:00,0.0001,0,1,1,151,20.098
QHZ-CPZ,90,06:30-08:00,0.0001,0,1,10,151,20.509
QHZ-CPZ,90,06:30-08:00,0.0001,0,0,0,151,20.754
QHZ-CPZ,90,11:30-13:00,0.0001,-1,0,1,492,218.01
QHZ-CPZ,90,11:30-13:00,0.001,3,2,100,492,223.625
QHZ-CPZ,90,11:30-13:00,0.005,2,3,1000,492,229.477
QHZ-CPZ,90,11:30-13:00,0.0005,-1,0,10,492,230.964
QHZ-CPZ,90,11:30-13:00,0.01,-1,1,100,492,231.443
QHZ-CPZ,90,11:30-13:00,0.005,3,3,1,492,233.152
QHZ-CPZ,90,11:30-13:00,0.001,2,2,1000,492,234.238
QHZ-CPZ,90,11:30-13:00,0.05,3,3,1,492,235.182
QHZ-CPZ,90,12:00-13:30,0.1,1,0,1,697,61.925
QHZ-CPZ,90,12:00-13:30,0.5,-1,0,1,697,76.186
QHZ-CPZ,90,12:00-13:30,0.05,-1,0,-1,697,76.491
QHZ-CPZ,90,12:00-13:30,0.01,2,0,0,697,106.122
QHZ-CPZ,90,12:00-13:30,0.5,2,1,-1,697,110.245
QHZ-CPZ,90,12:00-13:30,0.001,2,1,1,697,113.277
QHZ-CPZ,90,12:00-13:30,0.0001,3,1,100,697,157.05
QHZ-CPZ,90,12:00-13:30,0.005,3,0,10,697,164.089
QHZ-CPZ,90,12:30-14:00,0.001,-1,0,-1,570,59.936
QHZ-CPZ,90,12:30-14:00,0.0005,-1,0,-1,570,62.323
QHZ-CPZ,90,12:30-14:00,0.0005,-1,0,-1,570,64.342
QHZ-CPZ,90,12:30-14:00,0.1,1,2,-1,570,69.03
QHZ-CPZ,90,12:30-14:00,0.001,1,2,1,570,73.343
QHZ-CPZ,90,12:30-14:00,0.01,1,2,0,570,79.354
QHZ-CPZ,90,12:30-14:00,0.005,2,0,0,570,85.392
QHZ-CPZ,90,12:30-14:00,0.001,2,1,0,570,91.188
QHZ-CPZ,90,13:00-14:30,0.0005,1,2,-1,691,123.937
QHZ-CPZ,90,13:00-14:30,0.005,1,0,10,691,128.962
QHZ-CPZ,90,13:00-14:30,0.0001,1,0,1,691,132.797
QHZ-CPZ,90,13:00-14:30,0.05,1,2,0,691,133.784
QHZ-CPZ,90,13:00-14:30,0.0001,1,2,10,691,147.919
QHZ-CPZ,90,13:00-14:30,0.005,3,1,100,691,150.106
QHZ-CPZ,90,13:00-14:30,0.1,2,0,1,691,151.91
QHZ-CPZ,90,13:00-14:30,0.0001,-1,0,10,691,153.326
QHZ-CPZ,90,13:30-15:00,0.005,0,0,-1,492,17.695
QHZ-CPZ,90,13:30-15:00,0.0001,0,0,0,492,18.158
QHZ-CPZ,90,13:30-15:00,0.0005,0,2,0,492,20.98
QHZ-CPZ,90,13:30-15:00,0.05,1,1,10,492,22.371
QHZ-CPZ,90,13:30-15:00,0.05,1,1,10,492,22.922
QHZ-CPZ,90,13:30-15:00,0.5,0,0,-1,492,23.282
QHZ-CPZ,90,13:30-15:00,0.001,1,0,1,492,23.739
QHZ-CPZ,90,13:30-15:00,0.05,0,2,-1,492,23.941
QHZ-CPZ,90,14:00-15:30,0.0001,0,2,0,559,26.206
QHZ-CPZ,90,14:00-15:30,0.0001,1,0,0,559,26.913
QHZ-CPZ,90,14:00-15:30,0.0005,0,2,-1,559,28.139
QHZ-CPZ,90,14:00-15:30,0.005,1,0,-1,559,28.508
QHZ-CPZ,90,14:00-15:30,0.001,-1,0,0,559,29.063
QHZ-CPZ,90,14:00-15:30,0.1,1,2,-1,559,30.637
QHZ-CPZ,90,14:00-15:30,0.005,1,2,-1,559,30.673
QHZ-CPZ,90,14:00-15:30,0.005,-1,2,1,559,30.914
QHZ-CPZ,90,14:30-16:00,0.0001,0,0,-1,326,5.39
QHZ-CPZ,90,14:30-16:00,0.5,0,0,10,326,6.17
QHZ-CPZ,90,14:30-16:00,0.01,-1,0,1000,326,6.364
QHZ-CPZ,90,14:30-16:00,0.1,0,0,0,326,6.444
QHZ-CPZ,90,14:30-16:00,0.0001,0,0,10,326,6.706
QHZ-CPZ,90,14:30-16:00,0.01,0,0,1000,326,7.369
QHZ-CPZ,90,14:30-16:00,0.001,2,0,10,326,8.398
QHZ-CPZ,90,14:30-16:00,0.005,2,0,-1,326,8.488
QHZ-CPZ,90,15:00-16:30,0.0005,1,0,10,527,7.343
QHZ-CPZ,90,15:00-16:30,0.05,0,0,-1,527,7.36
QHZ-CPZ,90,15:00-16:30,0.5,0,0,10,527,7.519
QHZ-CPZ,90,15:00-16:30,0.01,0,3,10,527,7.589
QHZ-CPZ,90,15:00-16:30,0.0001,1,0,-1,527,7.746
QHZ-CPZ,90,15:00-16:30,0.001,1,0,10,527,7.835
QHZ-CPZ,90,15:00-16:30,0.01,-1,0,1,527,7.879
QHZ-CPZ,90,15:00-16:30,0.001,2,0,10,527,7.972
QHZ-CPZ,90,15:30-17:00,0.01,1,1,1000,278,3.582
QHZ-CPZ,90,15:30-17:00,0.0005,0,0,1000,278,3.608
QHZ-CPZ,90,15:30-17:00,0.0001,0,0,1000,278,3.628
QHZ-CPZ,90,15:30-17:00,0.0001,0,0,100,278,3.639
QHZ-CPZ,90,15:30-17:00,0.01,0,0,10,278,3.71
QHZ-CPZ,90,15:30-17:00,0.0001,0,0,-1,278,3.847
QHZ-CPZ,90,15:30-17:00,0.001,0,1,1,278,3.861
QHZ-CPZ,90,15:30-17:00,0.01,2,0,100,278,4.054
QHZ-CPZ,90,16:00-17:30,0.0005,2,0,1,441,4.788
QHZ-CPZ,90,16:00-17:30,0.0005,2,0,1,441,4.808
QHZ-CPZ,90,16:00-17:30,0.005,0,0,-1,441,4.816
QHZ-CPZ,90,16:00-17:30,0.001,-1,1,1,441,4.844
QHZ-CPZ,90,16:00-17:30,0.0005,-1,0,1,441,4.857
QHZ-CPZ,90,16:00-17:30,0.005,-1,0,0,441,4.894
QHZ-CPZ,90,16:00-17:30,0.01,1,1,-1,441,5.269
QHZ-CPZ,90,16:00-17:30,0.01,2,0,10,441,5.817
QHZ-CPZ,90,07:00-08:30,0.01,-1,1,0,352,27.114
QHZ-CPZ,90,07:00-08:30,0.1,0,0,0,352,27.351
QHZ-CPZ,90,07:00-08:30,0.01,1,0,-1,352,28.824
QHZ-CPZ,90,07:00-08:30,0.1,-1,1,-1,352,29.252
QHZ-CPZ,90,07:00-08:30,0.1,-1,1,0,352,29.374
QHZ-CPZ,90,07:00-08:30,0.05,-1,1,-1,352,29.631
QHZ-CPZ,90,07:00-08:30,0.5,1,1,0,352,30.092
QHZ-CPZ,90,07:00-08:30,0.5,0,0,100,352,30.121
QHZ-CPZ,90,16:30-18:00,0.005,0,0,1,333,2.706
QHZ-CPZ,90,16:30-18:00,0.005,0,0,1,333,2.718
QHZ-CPZ,90,16:30-18:00,0.5,0,1,-1,333,4.299
QHZ-CPZ,90,16:30-18:00,0.0001,2,1,-1,333,4.538
QHZ-CPZ,90,16:30-18:00,0.05,2,0,0,333,4.67
QHZ-CPZ,90,16:30-18:00,0.0001,1,0,1,333,4.732
QHZ-CPZ,90,16:30-18:00,0.01,0,2,1,333,4.795
QHZ-CPZ,90,16:30-18:00,0.005,1,1,0,333,4.843
QHZ-CPZ,90,17:00-18:30,0.1,0,0,-1,530,9.071
QHZ-CPZ,90,17:00-18:30,0.005,0,2,1,530,9.536
QHZ-CPZ,90,17:00-18:30,0.001,1,2,1,530,9.836
QHZ-CPZ,90,17:00-18:30,0.01,0,2,1,530,9.931
QHZ-CPZ,90,17:00-18:30,0.005,1,0,-1,530,10.043
QHZ-CPZ,90,17:00-18:30,0.0001,0,2,-1,530,10.07
QHZ-CPZ,90,17:00-18:30,0.01,0,0,-1,530,10.283
QHZ-CPZ,90,17:00-18:30,0.005,1,2,0,530,10.285
QHZ-CPZ,90,17:30-19:00,0.01,1,0,1,536,6.313
QHZ-CPZ,90,17:30-19:00,0.05,-1,1,0,536,7.308
QHZ-CPZ,90,17:30-19:00,0.001,-1,1,-1,536,7.448
QHZ-CPZ,90,17:30-19:00,0.5,1,0,1,536,7.46
QHZ-CPZ,90,17:30-19:00,0.1,0,0,0,536,7.484
QHZ-CPZ,90,17:30-19:00,0.5,1,0,1,536,7.591
QHZ-CPZ,90,17:30-19:00,0.1,1,1,-1,536,7.644
QHZ-CPZ,90,17:30-19:00,0.001,2,1,-1,536,7.74
QHZ-CPZ,90,18:00-19:30,0.005,1,1,-1,445,17.627
QHZ-CPZ,90,18:00-19:30,0.01,2,2,0,445,17.657
QHZ-CPZ,90,18:00-19:30,0.01,-1,2,0,445,17.898
QHZ-CPZ,90,18:00-19:30,0.005,2,2,-1,445,17.972
QHZ-CPZ,90,18:00-19:30,0.005,-1,1,0,445,18.003
QHZ-CPZ,90,18:00-19:30,0.001,3,0,0,445,18.065
QHZ-CPZ,90,18:00-19:30,0.0001,2,0,-1,445,18.338
QHZ-CPZ,90,18:00-19:30,0.0001,-1,1,0,445,18.579
QHZ-CPZ,90,18:30-20:00,0.005,-1,1,0,471,8.939
QHZ-CPZ,90,18:30-20:00,0.0001,1,0,-1,471,9.152
QHZ-CPZ,90,18:30-20:00,0.0001,1,0,0,471,9.415
QHZ-CPZ,90,18:30-20:00,0.005,1,0,-1,471,9.613
QHZ-CPZ,90,18:30-20:00,0.0001,-1,1,1,471,9.801
QHZ-CPZ,90,18:30-20:00,0.05,1,1,-1,471,10.102
QHZ-CPZ,90,18:30-20:00,0.1,1,0,1,471,10.324
QHZ-CPZ,90,18:30-20:00,0.001,-1,1,1,471,10.595
QHZ-CPZ,90,19:00-20:30,0.005,1,2,-1,624,51.725
QHZ-CPZ,90,19:00-20:30,0.0005,2,2,0,624,51.796
QHZ-CPZ,90,19:00-20:30,0.0001,3,0,-1,624,57.537
QHZ-CPZ,90,19:00-20:30,0.0005,3,1,1,624,57.869
QHZ-CPZ,90,19:00-20:30,0.01,1,1,0,624,60.593
QHZ-CPZ,90,19:00-20:30,0.0005,3,1,-1,624,61.077
QHZ-CPZ,90,19:00-20:30,0.01,-1,1,-1,624,61.771
QHZ-CPZ,90,19:00-20:30,0.0005,3,1,-1,624,61.915
QHZ-CPZ,90,19:30-21:00,0.0005,2,1,-1,437,0.903
QHZ-CPZ,90,19:30-21:00,0.0005,1,0,1,437,0.908
QHZ-CPZ,90,19:30-21:00,0.0001,-1,0,0,437,0.92
QHZ-CPZ,90,19:30-21:00,0.001,1,0,-1,437,0.93
QHZ-CPZ,90,19:30-21:00,0.0001,-1,1,0,437,0.932
QHZ-CPZ,90,19:30-21:00,0.0001,1,1,1,437,0.937
QHZ-CPZ,90,19:30-21:00,0.001,-1,1,0,437,0.938
QHZ-CPZ,90,19:30-21:00,0.005,1,1,-1,437,0.949
QHZ-CPZ,90,20:00-21:30,0.0001,0,1,100,393,0.595
QHZ-CPZ,90,20:00-21:30,0.001,-1,0,1000,393,0.629
QHZ-CPZ,90,20:00-21:30,0.001,-1,1,1000,393,0.644
QHZ-CPZ,90,20:00-21:30,0.0001,-1,0,0,393,0.651
QHZ-CPZ,90,20:00-21:30,0.001,0,1,0,393,0.661
QHZ-CPZ,90,20:00-21:30,0.001,1,0,-1,393,0.663
QHZ-CPZ,90,20:00-21:30,0.0005,-1,0,1,393,0.667
QHZ-CPZ,90,20:00-21:30,0.0005,2,1,-1,393,0.683
QHZ-CPZ,90,20:30-22:00,0.001,1,0,-1,217,0.586
QHZ-CPZ,90,20:30-22:00,0.005,1,0,0,217,0.591
QHZ-CPZ,90,20:30-22:00,0.0005,1,0,-1,217,0.592
QHZ-CPZ,90,20:30-22:00,0.0001,-1,0,0,217,0.611
QHZ-CPZ,90,20:30-22:00,0.0005,-1,1,-1,217,0.618
QHZ-CPZ,90,20:30-22:00,0.0001,3,1,0,217,0.619
QHZ-CPZ,90,20:30-22:00,0.005,3,0,-1,217,0.621
QHZ-CPZ,90,20:30-22:00,0.001,-1,0,0,217,0.628
QHZ-CPZ,90,21:00-22:30,0.005,2,0,1,351,5.708
QHZ-CPZ,90,21:00-22:30,0.0005,2,2,1,351,5.757
QHZ-CPZ,90,21:00-22:30,0.0005,1,0,1,351,5.824
QHZ-CPZ,90,21:00-22:30,0.05,-1,0,1,351,5.917
QHZ-CPZ,90,21:00-22:30,0.0001,2,0,0,351,6.018
QHZ-CPZ,90,21:00-22:30,0.001,1,2,-1,351,6.19
QHZ-CPZ,90,21:00-22:30,0.01,-1,0,1,351,6.192
QHZ-CPZ,90,21:00-22:30,0.005,-1,2,-1,351,6.223
QHZ-CPZ,90,07:30-09:00,0.01,-1,0,10,357,29.366
QHZ-CPZ,90,07:30-09:00,0.01,1,0,0,357,29.828
QHZ-CPZ,90,07:30-09:00,0.01,-1,1,1000,357,30.048
QHZ-CPZ,90,07:30-09:00,0.05,0,0,-1,357,32.219
QHZ-CPZ,90,07:30-09:00,0.5,0,0,1,357,32.811
QHZ-CPZ,90,07:30-09:00,0.01,1,1,1,357,32.838
QHZ-CPZ,90,07:30-09:00,0.01,-1,1,0,357,33.105
QHZ-CPZ,90,07:30-09:00,0.5,-1,0,100,357,33.576
QHZ-CPZ,90,21:30-23:00,0.0005,2,3,1,377,0.604
QHZ-CPZ,90,21:30-23:00,0.0005,2,0,1,377,0.638
QHZ-CPZ,90,21:30-23:00,0.0005,2,0,1,377,0.642
QHZ-CPZ,90,21:30-23:00,0.005,-1,2,-1,377,0.658
QHZ-CPZ,90,21:30-23:00,0.005,-1,2,-1,377,0.659
QHZ-CPZ,90,21:30-23:00,0.001,1,2,0,377,0.669
QHZ-CPZ,90,21:30-23:00,0.0001,1,3,1,377,0.673
QHZ-CPZ,90,21:30-23:00,0.0001,-1,2,-1,377,0.673
XHB-ZJK,90,06:00-07:30,0.001,0,1,-1,39,14.599
XHB-ZJK,90,06:00-07:30,0.0005,0,0,0,39,14.764
XHB-ZJK,90,06:00-07:30,0.5,2,2,1000,39,15.404
XHB-ZJK,90,06:00-07:30,0.0005,0,0,100,39,15.419
XHB-ZJK,90,06:00-07:30,0.0001,0,0,100,39,15.428
XHB-ZJK,90,06:00-07:30,0.05,1,2,100,39,15.441
XHB-ZJK,90,06:00-07:30,0.005,1,1,100,39,15.446
XHB-ZJK,90,06:00-07:30,0.001,1,0,100,39,15.477
XHB-ZJK,90,08:00-09:30,0.01,0,1,10,412,19.473
XHB-ZJK,90,08:00-09:30,0.1,0,0,0,412,21.796
XHB-ZJK,90,08:00-09:30,0.05,0,1,1,412,23.263
XHB-ZJK,90,08:00-09:30,0.1,2,0,-1,412,26.693
XHB-ZJK,90,08:00-09:30,0.5,-1,0,-1,412,26.972
XHB-ZJK,90,08:00-09:30,0.05,1,1,-1,412,27.964
XHB-ZJK,90,08:00-09:30,0.05,3,1,1,412,28.062
XHB-ZJK,90,08:00-09:30,0.05,1,1,0,412,28.144
XHB-ZJK,90,08:30-10:00,0.01,-1,1,1000,418,22.274
XHB-ZJK,90,08:30-10:00,0.01,-1,1,1000,418,22.484
XHB-ZJK,90,08:30-10:00,0.5,1,1,100,418,25.184
XHB-ZJK,90,08:30-10:00,0.1,1,0,100,418,25.268
XHB-ZJK,90,08:30-10:00,0.05,-1,0,100,418,25.383
XHB-ZJK,90,08:30-10:00,0.1,1,1,100,418,25.426
XHB-ZJK,90,08:30-10:00,0.5,-1,1,100,418,25.56
XHB-ZJK,90,08:30-10:00,0.01,3,1,1000,418,26.753
XHB-ZJK,90,09:00-10:30,0.01,1,0,100,511,25.136
XHB-ZJK,90,09:00-10:30,0.1,0,0,0,511,25.532
XHB-ZJK,90,09:00-10:30,0.05,1,0,1,511,32.192
XHB-ZJK,90,09:00-10:30,0.5,-1,0,100,511,32.738
XHB-ZJK,90,09:00-10:30,0.1,-1,0,1,511,35.037
XHB-ZJK,90,09:00-10:30,0.1,1,0,1,511,35.307
XHB-ZJK,90,09:00-10:30,0.0001,0,2,-1,511,35.606
XHB-ZJK,90,09:00-10:30,0.5,-1,0,1,511,35.826
XHB-ZJK,90,09:30-11:00,0.0001,0,0,1,352,20.106
XHB-ZJK,90,09:30-11:00,0.1,0,0,-1,352,20.564
XHB-ZJK,90,09:30-11:00,0.1,0,1,0,352,21.437
XHB-ZJK,90,09:30-11:00,0.1,-1,1,1000,352,26.226
XHB-ZJK,90,09:30-11:00,0.1,-1,1,100,352,26.498
XHB-ZJK,90,09:30-11:00,0.001,-1,1,100,352,26.676
XHB-ZJK,90,09:30-11:00,0.0005,-1,1,1000,352,26.847
XHB-ZJK,90,09:30-11:00,0.0001,-1,1,1000,352,26.895
XHB-ZJK,90,10:00-11:30,0.1,0,2,0,453,38.797
XHB-ZJK,90,10:00-11:30,0.0005,0,0,1,453,38.866
XHB-ZJK,90,10:00-11:30,0.5,0,3,0,453,43.468
XHB-ZJK,90,10:00-11:30,0.5,0,3,-1,453,43.51
XHB-ZJK,90,10:00-11:30,0.5,-1,1,1000,453,50.854
XHB-ZJK,90,10:00-11:30,0.05,-1,0,0,453,53.364
XHB-ZJK,90,10:00-11:30,0.05,-1,0,-1,453,53.638
XHB-ZJK,90,10:00-11:30,0.5,1,0,1,453,55.376
XHB-ZJK,90,10:30-12:00,0.1,-1,1,100,521,205.679
XHB-ZJK,90,10:30-12:00,0.0001,3,0,1000,521,220.092
XHB-ZJK,90,10:30-12:00,0.0005,2,3,1000,521,224.657
XHB-ZJK,90,10:30-12:00,0.05,-1,3,100,521,229.042
XHB-ZJK,90,10:30-12:00,0.005,-1,3,100,521,229.45
XHB-ZJK,90,10:30-12:00,0.005,3,3,100,521,229.96
XHB-ZJK,90,10:30-12:00,0.05,2,3,0,521,230.253
XHB-ZJK,90,10:30-12:00,0.005,3,3,100,521,231.255
XHB-ZJK,90,11:00-12:30,0.5,1,2,0,859,181.958
XHB-ZJK,90,11:00-12:30,0.5,-1,2,1,859,196.838
XHB-ZJK,90,11:00-12:30,0.5,1,3,1,859,197.223
XHB-ZJK,90,11:00-12:30,0.0001,-1,1,100,859,199.303
XHB-ZJK,90,11:00-12:30,0.0001,2,1,100,859,200.259
XHB-ZJK,90,11:00-12:30,0.5,-1,2,1,859,207.328
XHB-ZJK,90,11:00-12:30,0.0005,2,3,100,859,210.989
XHB-ZJK,90,11:00-12:30,0.01,2,3,0,859,221.6
XHB-ZJK,90,06:30-08:00,0.0001,0,0,0,113,15.819
XHB-ZJK,90,06:30-08:00,0.001,0,0,10,113,15.906
XHB-ZJK,90,06:30-08:00,0.01,0,1,0,113,16.02
XHB-ZJK,90,06:30-08:00,0.005,0,0,1,113,16.15
XHB-ZJK,90,06:30-08:00,0.005,0,0,1000,113,16.548
XHB-ZJK,90,06:30-08:00,0.0001,0,1,100,113,16.562
XHB-ZJK,90,06:30-08:00,0.0001,1,1,100,113,17.065
XHB-ZJK,90,06:30-08:00,0.005,-1,0,1000,113,17.076
XHB-ZJK,90,11:30-13:00,0.1,2,0,1,678,97.001
XHB-ZJK,90,11:30-13:00,0.05,2,2,0,678,97.088
XHB-ZJK,90,11:30-13:00,0.1,-1,2,1,678,104.423
XHB-ZJK,90,11:30-13:00,0.005,2,2,1,678,112.358
XHB-ZJK,90,11:30-13:00,0.0005,-1,0,1,678,114.948
XHB-ZJK,90,11:30-13:00,0.1,1,0,10,678,121.991
XHB-ZJK,90,11:30-13:00,0.005,-1,1,0,678,122.9
XHB-ZJK,90,11:30-13:00,0.1,1,0,10,678,127.307
XHB-ZJK,90,12:00-13:30,0.0005,0,0,0,502,10.396
XHB-ZJK,90,12:00-13:30,0.0005,0,0,-1,502,10.429
XHB-ZJK,90,12:00-13:30,0.0005,0,0,1,502,10.602
XHB-ZJK,90,12:00-13:30,0.001,0,0,10,502,10.64
XHB-ZJK,90,12:00-13:30,0.0001,0,0,0,502,10.772
XHB-ZJK,90,12:00-13:30,0.005,0,1,1,502,10.873
XHB-ZJK,90,12:00-13:30,0.05,0,0,-1,502,10.879
XHB-ZJK,90,12:00-13:30,0.5,0,0,1,502,11.21
XHB-ZJK,90,12:30-14:00,0.0005,0,0,0,393,11.011
XHB-ZJK,90,12:30-14:00,0.1,0,0,0,393,11.845
XHB-ZJK,90,12:30-14:00,0.5,0,0,0,393,12.265
XHB-ZJK,90,12:30-14:00,0.05,0,1,-1,393,12.662
XHB-ZJK,90,12:30-14:00,0.0001,0,1,10,393,13.643
XHB-ZJK,90,12:30-14:00,0.1,-1,0,100,393,15.819
XHB-ZJK,90,12:30-14:00,0.1,0,1,10,393,15.879
XHB-ZJK,90,12:30-14:00,0.5,-1,0,100,393,16.954
XHB-ZJK,90,13:00-14:30,0.001,0,0,1,398,15.511
XHB-ZJK,90,13:00-14:30,0.005,0,0,-1,398,16.564
XHB-ZJK,90,13:00-14:30,0.0001,0,2,1,398,17.275
XHB-ZJK,90,13:00-14:30,0.1,0,2,1,398,21.127
XHB-ZJK,90,13:00-14:30,0.05,2,1,100,398,21.446
XHB-ZJK,90,13:00-14:30,0.0001,0,2,10,398,21.456
XHB-ZJK,90,13:00-14:30,0.01,0,3,1,398,21.936
XHB-ZJK,90,13:00-14:30,0.1,2,1,1000,398,22.587
XHB-ZJK,90,13:30-15:00,0.05,2,1,-1,554,25.973
XHB-ZJK,90,13:30-15:00,0.05,1,0,-1,554,27.627
XHB-ZJK,90,13:30-15:00,0.0001,2,1,1000,554,27.984
XHB-ZJK,90,13:30-15:00,0.001,2,1,1000,554,28.267
XHB-ZJK,90,13:30-15:00,0.01,1,1,10,554,30.229
XHB-ZJK,90,13:30-15:00,0.0005,2,1,1,554,32.644
XHB-ZJK,90,13:30-15:00,0.001,2,1,10,554,33.106
XHB-ZJK,90,13:30-15:00,0.005,1,2,-1,554,34.01
XHB-ZJK,90,14:00-15:30,0.5,1,1,1,667,25.518
XHB-ZJK,90,14:00-15:30,0.001,1,1,1,667,26.103
XHB-ZJK,90,14:00-15:30,0.05,-1,1,1,667,26.345
XHB-ZJK,90,14:00-15:30,0.0005,-1,1,1,667,26.507
XHB-ZJK,90,14:00-15:30,0.01,-1,1,1,667,26.748
XHB-ZJK,90,14:00-15:30,0.05,1,1,1,667,26.77
XHB-ZJK,90,14:00-15:30,0.0001,-1,0,1,667,27.567
XHB-ZJK,90,14:00-15:30,0.0005,1,1,0,667,27.6
XHB-ZJK,90,14:30-16:00,0.05,0,2,0,634,14.341
XHB-ZJK,90,14:30-16:00,0.0001,-1,1,1000,634,15.515
XHB-ZJK,90,14:30-16:00,0.005,1,1,1000,634,15.648
XHB-ZJK,90,14:30-16:00,0.0001,-1,1,1000,634,15.733
XHB-ZJK,90,14:30-16:00,0.01,-1,1,100,634,16.772
XHB-ZJK,90,14:30-16:00,0.001,-1,1,1,634,17.035
XHB-ZJK,90,14:30-16:00,0.005,1,1,0,634,17.858
XHB-ZJK,90,14:30-16:00,0.1,0,3,-1,634,17.904
XHB-ZJK,90,15:00-16:30,0.01,0,0,-1,553,7.8
XHB-ZJK,90,15:00-16:30,0.001,0,0,1,553,7.983
XHB-ZJK,90,15:00-16:30,0.001,0,2,0,553,10.237
XHB-ZJK,90,15:00-16:30,0.01,0,2,-1,553,10.965
XHB-ZJK,90,15:00-16:30,0.1,0,2,1,553,11.061
XHB-ZJK,90,15:00-16:30,0.05,1,0,1000,553,11.379
XHB-ZJK,90,15:00-16:30,0.005,-1,1,1,553,12.136
XHB-ZJK,90,15:00-16:30,0.1,0,3,1,553,12.185
XHB-ZJK,90,15:30-17:00,0.0005,2,1,-1,469,11.764
XHB-ZJK,90,15:30-17:00,0.001,2,1,-1,469,11.829
XHB-ZJK,90,15:30-17:00,0.0005,2,1,-1,469,12.085
XHB-ZJK,90,15:30-17:00,0.05,2,1,100,469,12.121
XHB-ZJK,90,15:30-17:00,0.001,1,1,10,469,12.127
XHB-ZJK,90,15:30-17:00,0.0005,1,2,1,469,12.605
XHB-ZJK,90,15:30-17:00,0.001,3,2,0,469,12.639
XHB-ZJK,90,15:30-17:00,0.005,-1,1,10,469,12.909
XHB-ZJK,90,16:00-17:30,0.0001,0,2,-1,388,14.055
XHB-ZJK,90,16:00-17:30,0.0005,0,2,1,388,15.21
XHB-ZJK,90,16:00-17:30,0.001,1,0,0,388,15.673
XHB-ZJK,90,16:00-17:30,0.01,-1,0,-1,388,15.824
XHB-ZJK,90,16:00-17:30,0.01,-1,0,0,388,16.092
XHB-ZJK,90,16:00-17:30,0.0001,0,0,10,388,16.69
XHB-ZJK,90,16:00-17:30,0.05,0,2,-1,388,16.7
XHB-ZJK,90,16:00-17:30,0.0001,0,0,10,388,17.157
XHB-ZJK,90,07:00-08:30,0.01,0,0,1000,179,18.678
XHB-ZJK,90,07:00-08:30,0.0001,0,0,10,179,19.515
XHB-ZJK,90,07:00-08:30,0.001,0,0,10,179,19.559
XHB-ZJK,90,07:00-08:30,0.0001,0,1,1,179,20.152
XHB-ZJK,90,07:00-08:30,0.0001,0,0,1,179,20.445
XHB-ZJK,90,07:00-08:30,0.5,0,1,100,179,20.692
XHB-ZJK,90,07:00-08:30,0.05,0,1,100,179,20.746
XHB-ZJK,90,07:00-08:30,0.01,2,0,1000,179,20.789
XHB-ZJK,90,16:30-18:00,0.01,0,0,1,460,9.74
XHB-ZJK,90,16:30-18:00,0.01,0,0,1,460,10.161
XHB-ZJK,90,16:30-18:00,0.01,0,0,-1,460,10.283
XHB-ZJK,90,16:30-18:00,0.001,0,2,1,460,11.435
XHB-ZJK,90,16:30-18:00,0.0001,1,0,0,460,11.82
XHB-ZJK,90,16:30-18:00,0.01,0,2,1,460,11.99
XHB-ZJK,90,16:30-18:00,0.01,0,2,1,460,12.022
XHB-ZJK,90,16:30-18:00,0.0005,1,1,0,460,12.077
XHB-ZJK,90,17:00-18:30,0.001,0,1,1,328,2.441
XHB-ZJK,90,17:00-18:30,0.0005,0,0,1,328,2.604
XHB-ZJK,90,17:00-18:30,0.0001,0,0,1,328,2.673
XHB-ZJK,90,17:00-18:30,0.5,0,0,10,328,2.679
XHB-ZJK,90,17:00-18:30,0.0001,0,0,-1,328,2.715
XHB-ZJK,90,17:00-18:30,0.05,0,0,0,328,2.721
XHB-ZJK,90,17:00-18:30,0.005,0,0,-1,328,2.722
XHB-ZJK,90,17:00-18:30,0.5,0,1,0,328,2.745
XHB-ZJK,90,17:30-19:00,0.0001,0,1,-1,240,2.289
XHB-ZJK,90,17:30-19:00,0.001,0,1,0,240,2.307
XHB-ZJK,90,17:30-19:00,0.005,0,0,-1,240,2.34
XHB-ZJK,90,17:30-19:00,0.1,0,1,0,240,2.596
XHB-ZJK,90,17:30-19:00,0.05,0,0,-1,240,2.677
XHB-ZJK,90,17:30-19:00,0.05,0,0,0,240,2.686
XHB-ZJK,90,17:30-19:00,0.5,0,1,10,240,2.686
XHB-ZJK,90,17:30-19:00,0.1,0,1,1,240,3.25
XHB-ZJK,90,18:00-19:30,0.0001,0,1,1,317,2.204
XHB-ZJK,90,18:00-19:30,0.05,0,0,1,317,2.439
XHB-ZJK,90,18:00-19:30,0.0005,0,0,-1,317,2.515
XHB-ZJK,90,18:00-19:30,0.05,0,0,-1,317,2.593
XHB-ZJK,90,18:00-19:30,0.001,1,1,1,317,2.975
XHB-ZJK,90,18:00-19:30,0.005,1,1,1,317,3.044
XHB-ZJK,90,18:00-19:30,0.005,-1,1,1,317,3.114
XHB-ZJK,90,18:00-19:30,0.0005,1,0,1,317,3.177
XHB-ZJK,90,18:30-20:00,0.0005,0,0,-1,519,6.519
XHB-ZJK,90,18:30-20:00,0.1,0,0,1,519,6.913
XHB-ZJK,90,18:30-20:00,0.05,0,2,-1,519,7.055
XHB-ZJK,90,18:30-20:00,0.0005,1,0,0,519,8.112
XHB-ZJK,90,18:30-20:00,0.0001,-1,0,-1,519,8.316
XHB-ZJK,90,18:30-20:00,0.05,-1,1,1,519,8.643
XHB-ZJK,90,18:30-20:00,0.5,1,1,0,519,9.409
XHB-ZJK,90,18:30-20:00,0.01,0,3,1,519,9.429
XHB-ZJK,90,19:00-20:30,0.001,0,1,0,587,1.851
XHB-ZJK,90,19:00-20:30,0.005,0,1,0,587,1.875
XHB-ZJK,90,19:00-20:30,0.01,0,1,0,587,2.064
XHB-ZJK,90,19:00-20:30,0.0005,0,0,1,587,2.105
XHB-ZJK,90,19:00-20:30,0.0001,0,1,1,587,2.117
XHB-ZJK,90,19:00-20:30,0.05,0,1,0,587,2.397
XHB-ZJK,90,19:00-20:30,0.005,0,3,-1,587,2.454
XHB-ZJK,90,19:00-20:30,0.05,0,2,0,587,2.651
XHB-ZJK,90,19:30-21:00,0.001,2,2,-1,496,1.555
XHB-ZJK,90,19:30-21:00,0.0001,-1,2,0,496,1.582
XHB-ZJK,90,19:30-21:00,0.0001,1,2,-1,496,1.604
XHB-ZJK,90,19:30-21:00,0.0001,2,3,-1,496,1.655
XHB-ZJK,90,19:30-21:00,0.0001,0,2,0,496,1.666
XHB-ZJK,90,19:30-21:00,0.0001,1,3,0,496,1.673
XHB-ZJK,90,19:30-21:00,0.005,-1,3,-1,496,1.713
XHB-ZJK,90,19:30-21:00,0.0005,2,1,-1,496,1.719
XHB-ZJK,90,20:00-21:30,0.005,2,1,1,506,1.196
XHB-ZJK,90,20:00-21:30,0.001,2,2,-1,506,1.253
XHB-ZJK,90,20:00-21:30,0.0001,2,1,-1,506,1.254
XHB-ZJK,90,20:00-21:30,0.0005,-1,1,-1,506,1.272
XHB-ZJK,90,20:00-21:30,0.005,-1,1,0,506,1.277
XHB-ZJK,90,20:00-21:30,0.0005,2,1,-1,506,1.297
XHB-ZJK,90,20:00-21:30,0.0005,-1,0,-1,506,1.337
XHB-ZJK,90,20:00-21:30,0.005,1,2,1,506,1.357
XHB-ZJK,90,20:30-22:00,0.05,0,2,1,429,3.941
XHB-ZJK,90,20:30-22:00,0.0005,0,0,0,429,4.007
XHB-ZJK,90,20:30-22:00,0.05,0,2,0,429,4.268
XHB-ZJK,90,20:30-22:00,0.001,-1,0,1,429,4.457
XHB-ZJK,90,20:30-22:00,0.01,0,2,0,429,4.551
XHB-ZJK,90,20:30-22:00,0.005,1,2,-1,429,4.68
XHB-ZJK,90,20:30-22:00,0.1,1,0,-1,429,4.839
XHB-ZJK,90,20:30-22:00,0.05,1,1,-1,429,4.943
XHB-ZJK,90,21:00-22:30,0.1,2,2,-1,510,1.856
XHB-ZJK,90,21:00-22:30,0.01,3,1,1,510,1.963
XHB-ZJK,90,21:00-22:30,0.1,3,2,-1,510,1.966
XHB-ZJK,90,21:00-22:30,0.05,3,0,1,510,1.982
XHB-ZJK,90,21:00-22:30,0.005,0,2,0,510,2.117
XHB-ZJK,90,21:00-22:30,0.005,0,2,0,510,2.144
XHB-ZJK,90,21:00-22:30,0.001,1,1,1,510,2.238
XHB-ZJK,90,21:00-22:30,0.005,-1,1,0,510,2.281
XHB-ZJK,90,07:30-09:00,0.001,0,1,0,311,22.86
XHB-ZJK,90,07:30-09:00,0.0005,0,0,0,311,23.106
XHB-ZJK,90,07:30-09:00,0.0005,0,0,-1,311,23.212
XHB-ZJK,90,07:30-09:00,0.1,0,1,10,311,24.221
XHB-ZJK,90,07:30-09:00,0.0005,0,0,10,311,24.377
XHB-ZJK,90,07:30-09:00,0.005,0,0,10,311,24.388
XHB-ZJK,90,07:30-09:00,0.05,0,0,-1,311,24.542
XHB-ZJK,90,07:30-09:00,0.1,0,1,0,311,25.719
XHB-ZJK,90,21:30-23:00,0.0005,2,0,1,312,0.411
XHB-ZJK,90,21:30-23:00,0.0001,-1,1,1,312,0.413
XHB-ZJK,90,21:30-23:00,0.0001,2,0,0,312,0.414
XHB-ZJK,90,21:30-23:00,0.0005,2,1,1000,312,0.416
XHB-ZJK,90,21:30-23:00,0.0005,1,0,1,312,0.416
XHB-ZJK,90,21:30-23:00,0.005,2,1,-1,312,0.417
XHB-ZJK,90,21:30-23:00,0.0001,-1,0,100,312,0.419
XHB-ZJK,90,21:30-23:00,0.0005,2,0,100,312,0.421
XHY-XHB,90,06:00-07:30,0.0005,0,0,10,42,14.127
XHY-XHB,90,06:00-07:30,0.0001,0,0,0,42,14.142
XHY-XHB,90,06:00-07:30,0.0005,0,1,0,42,14.181
XHY-XHB,90,06:00-07:30,0.0005,0,0,1,42,14.262
XHY-XHB,90,06:00-07:30,0.001,0,1,10,42,14.287
XHY-XHB,90,06:00-07:30,0.01,0,1,1,42,14.301
XHY-XHB,90,06:00-07:30,0.005,0,1,0,42,14.35
XHY-XHB,90,06:00-07:30,0.0005,0,0,0,42,14.364
XHY-XHB,90,08:00-09:30,0.0005,0,0,10,395,19.954
XHY-XHB,90,08:00-09:30,0.01,0,0,-1,395,20.373
XHY-XHB,90,08:00-09:30,0.05,0,1,10,395,21.392
XHY-XHB,90,08:00-09:30,0.001,0,1,10,395,21.681
XHY-XHB,90,08:00-09:30,0.1,0,1,0,395,22.895
XHY-XHB,90,08:00-09:30,0.5,1,1,-1,395,25.238
XHY-XHB,90,08:00-09:30,0.1,1,0,0,395,25.44
XHY-XHB,90,08:00-09:30,0.1,1,0,-1,395,25.593
XHY-XHB,90,08:30-10:00,0.01,0,0,10,402,22.231
XHY-XHB,90,08:30-10:00,0.1,0,0,100,402,29.279
XHY-XHB,90,08:30-10:00,0.01,-1,0,1,402,30.856
XHY-XHB,90,08:30-10:00,0.01,-1,0,0,402,31.246
XHY-XHB,90,08:30-10:00,0.05,0,3,-1,402,34.148
XHY-XHB,90,08:30-10:00,0.1,-1,0,-1,402,34.65
XHY-XHB,90,08:30-10:00,0.1,0,2,0,402,35.054
XHY-XHB,90,08:30-10:00,0.05,-1,1,0,402,35.289
XHY-XHB,90,09:00-10:30,0.1,2,0,1000,410,24.591
XHY-XHB,90,09:00-10:30,0.5,2,0,1000,410,25.673
XHY-XHB,90,09:00-10:30,0.01,-1,0,100,410,25.846
XHY-XHB,90,09:00-10:30,0.01,1,0,1000,410,27.264
XHY-XHB,90,09:00-10:30,0.01,2,0,1,410,27.919
XHY-XHB,90,09:00-10:30,0.1,-1,1,100,410,31.047
XHY-XHB,90,09:00-10:30,0.005,0,2,10,410,32.188
XHY-XHB,90,09:00-10:30,0.005,0,3,10,410,32.206
XHY-XHB,90,09:30-11:00,0.0001,0,0,10,371,18.58
XHY-XHB,90,09:30-11:00,0.001,0,0,10,371,18.702
XHY-XHB,90,09:30-11:00,0.0001,0,0,0,371,19.243
XHY-XHB,90,09:30-11:00,0.01,0,0,0,371,19.535
XHY-XHB,90,09:30-11:00,0.01,0,0,0,371,19.546
XHY-XHB,90,09:30-11:00,0.05,0,0,1,371,23.492
XHY-XHB,90,09:30-11:00,0.1,-1,0,1000,371,23.652
XHY-XHB,90,09:30-11:00,0.0001,0,3,100,371,24.031
XHY-XHB,90,10:00-11:30,0.1,0,0,10,365,20.758
XHY-XHB,90,10:00-11:30,0.01,0,2,0,365,30.306
XHY-XHB,90,10:00-11:30,0.1,0,2,1,365,31.296
XHY-XHB,90,10:00-11:30,0.1,0,2,0,365,31.946
XHY-XHB,90,10:00-11:30,0.005,0,0,-1,365,35.706
XHY-XHB,90,10:00-11:30,0.005,0,0,-1,365,36.042
XHY-XHB,90,10:00-11:30,0.5,-1,0,1000,365,38.056
XHY-XHB,90,10:00-11:30,0.05,0,2,1,365,38.908
XHY-XHB,90,10:30-12:00,0.1,-1,1,-1,503,68.78
XHY-XHB,90,10:30-12:00,0.5,1,1,0,503,70.83
XHY-XHB,90,10:30-12:00,0.05,1,1,-1,503,72.179
XHY-XHB,90,10:30-12:00,0.01,-1,0,1000,503,72.423
XHY-XHB,90,10:30-12:00,0.01,-1,0,0,503,73.623
XHY-XHB,90,10:30-12:00,0.001,-1,0,100,503,76.274
XHY-XHB,90,10:30-12:00,0.01,-1,0,100,503,76.714
XHY-XHB,90,10:30-12:00,0.0005,1,2,1000,503,78.803
XHY-XHB,90,11:00-12:30,0.1,2,0,-1,718,119.557
XHY-XHB,90,11:00-12:30,0.0001,1,2,0,718,123.215
XHY-XHB,90,11:00-12:30,0.5,2,0,0,718,133.969
XHY-XHB,90,11:00-12:30,0.005,-1,0,1,718,145.484
XHY-XHB,90,11:00-12:30,0.0005,3,1,-1,718,157.85
XHY-XHB,90,11:00-12:30,0.001,3,1,-1,718,158.871
XHY-XHB,90,11:00-12:30,0.1,3,1,-1,718,168.283
XHY-XHB,90,11:00-12:30,0.0005,2,0,0,718,168.644
XHY-XHB,90,06:30-08:00,0.01,0,1,1,125,14.104
XHY-XHB,90,06:30-08:00,0.0005,0,0,-1,125,14.125
XHY-XHB,90,06:30-08:00,0.05,0,0,-1,125,14.989
XHY-XHB,90,06:30-08:00,0.05,0,0,-1,125,15.035
XHY-XHB,90,06:30-08:00,0.05,0,0,10,125,15.221
XHY-XHB,90,06:30-08:00,0.005,1,0,-1,125,15.493
XHY-XHB,90,06:30-08:00,0.0001,-1,1,0,125,15.5
XHY-XHB,90,06:30-08:00,0.005,2,1,10,125,15.538
XHY-XHB,90,11:30-13:00,0.01,2,0,-1,769,66.395
XHY-XHB,90,11:30-13:00,0.05,2,0,-1,769,75.448
XHY-XHB,90,11:30-13:00,0.001,-1,0,10,769,90.209
XHY-XHB,90,11:30-13:00,0.01,1,0,1,769,96.92
XHY-XHB,90,11:30-13:00,0.01,-1,2,-1,769,98.408
XHY-XHB,90,11:30-13:00,0.001,1,2,1,769,99.379
XHY-XHB,90,11:30-13:00,0.5,3,0,-1,769,99.579
XHY-XHB,90,11:30-13:00,0.01,1,2,1,769,105.444
XHY-XHB,90,12:00-13:30,0.5,0,1,0,491,17.688
XHY-XHB,90,12:00-13:30,0.5,0,1,1,491,18.591
XHY-XHB,90,12:00-13:30,0.1,0,0,100,491,20.259
XHY-XHB,90,12:00-13:30,0.5,-1,0,100,491,20.774
XHY-XHB,90,12:00-13:30,0.5,0,0,100,491,24.441
XHY-XHB,90,12:00-13:30,0.05,1,2,1000,491,25.528
XHY-XHB,90,12:00-13:30,0.01,0,0,10,491,29.415
XHY-XHB,90,12:00-13:30,0.01,0,3,10,491,30.542
XHY-XHB,90,12:30-14:00,0.1,0,1,100,506,10.926
XHY-XHB,90,12:30-14:00,0.001,0,0,1,506,11.482
XHY-XHB,90,12:30-14:00,0.0001,0,0,-1,506,12.035
XHY-XHB,90,12:30-14:00,0.001,0,0,-1,506,12.046
XHY-XHB,90,12:30-14:00,0.05,0,3,0,506,17.207
XHY-XHB,90,12:30-14:00,0.5,0,2,0,506,19.068
XHY-XHB,90,12:30-14:00,0.001,-1,1,100,506,21.04
XHY-XHB,90,12:30-14:00,0.5,0,3,1,506,21.197
XHY-XHB,90,13:00-14:30,0.005,0,2,0,417,26.712
XHY-XHB,90,13:00-14:30,0.0005,0,2,0,417,28.012
XHY-XHB,90,13:00-14:30,0.005,0,2,-1,417,28.362
XHY-XHB,90,13:00-14:30,0.0001,0,2,0,417,28.367
XHY-XHB,90,13:00-14:30,0.005,0,2,0,417,28.394
XHY-XHB,90,13:00-14:30,0.005,0,2,-1,417,28.744
XHY-XHB,90,13:00-14:30,0.1,0,2,-1,417,29.42
XHY-XHB,90,13:00-14:30,0.0001,0,0,1,417,31.102
XHY-XHB,90,13:30-15:00,0.5,-1,1,-1,584,25.418
XHY-XHB,90,13:30-15:00,0.5,1,0,0,584,26.494
XHY-XHB,90,13:30-15:00,0.05,-1,0,0,584,29.737
XHY-XHB,90,13:30-15:00,0.005,1,1,-1,584,39.407
XHY-XHB,90,13:30-15:00,0.5,1,3,-1,584,39.923
XHY-XHB,90,13:30-15:00,0.0001,-1,0,10,584,43.246
XHY-XHB,90,13:30-15:00,0.1,-1,2,0,584,44.703
XHY-XHB,90,13:30-15:00,0.005,-1,0,1,584,45.156
XHY-XHB,90,14:00-15:30,0.001,-1,1,-1,563,20.24
XHY-XHB,90,14:00-15:30,0.5,2,1,-1,563,21.702
XHY-XHB,90,14:00-15:30,0.001,2,0,-1,563,21.703
XHY-XHB,90,14:00-15:30,0.0005,2,0,1,563,22.067
XHY-XHB,90,14:00-15:30,0.5,0,0,10,563,22.141
XHY-XHB,90,14:00-15:30,0.0005,2,0,0,563,22.191
XHY-XHB,90,14:00-15:30,0.1,2,1,0,563,23.041
XHY-XHB,90,14:00-15:30,0.005,1,1,10,563,23.147
XHY-XHB,90,14:30-16:00,0.0005,0,0,1,648,8.384
XHY-XHB,90,14:30-16:00,0.01,-1,0,1000,648,11.253
XHY-XHB,90,14:30-16:00,0.05,-1,0,1000,648,12.214
XHY-XHB,90,14:30-16:00,0.005,1,1,-1,648,15.221
XHY-XHB,90,14:30-16:00,0.5,-1,1,0,648,15.343
XHY-XHB,90,14:30-16:00,0.001,0,2,1,648,15.463
XHY-XHB,90,14:30-16:00,0.0001,1,0,1,648,15.482
XHY-XHB,90,14:30-16:00,0.0001,-1,0,-1,648,15.485
XHY-XHB,90,15:00-16:30,0.0005,0,0,0,351,7.247
XHY-XHB,90,15:00-16:30,0.05,-1,0,100,351,7.501
XHY-XHB,90,15:00-16:30,0.1,-1,0,100,351,7.542
XHY-XHB,90,15:00-16:30,0.05,0,0,-1,351,8.087
XHY-XHB,90,15:00-16:30,0.05,0,2,-1,351,8.72
XHY-XHB,90,15:00-16:30,0.05,0,2,0,351,8.837
XHY-XHB,90,15:00-16:30,0.0001,0,2,-1,351,8.839
XHY-XHB,90,15:00-16:30,0.001,0,2,-1,351,8.884
XHY-XHB,90,15:30-17:00,0.001,0,2,1,427,5.735
XHY-XHB,90,15:30-17:00,0.001,0,2,1,427,5.735
XHY-XHB,90,15:30-17:00,0.001,0,2,0,427,5.845
XHY-XHB,90,15:30-17:00,0.1,0,0,0,427,5.985
XHY-XHB,90,15:30-17:00,0.0001,0,3,1,427,6.001
XHY-XHB,90,15:30-17:00,0.5,0,1,-1,427,6.178
XHY-XHB,90,15:30-17:00,0.0001,0,3,0,427,6.293
XHY-XHB,90,15:30-17:00,0.05,0,3,1,427,6.307
XHY-XHB,90,16:00-17:30,0.0005,0,0,1,326,5.852
XHY-XHB,90,16:00-17:30,0.1,0,0,1,326,6.33
XHY-XHB,90,16:00-17:30,0.01,0,2,1,326,7.178
XHY-XHB,90,16:00-17:30,0.0001,0,2,-1,326,7.579
XHY-XHB,90,16:00-17:30,0.005,0,2,-1,326,7.886
XHY-XHB,90,16:00-17:30,0.001,0,1,0,326,8.396
XHY-XHB,90,16:00-17:30,0.1,0,0,0,326,8.859
XHY-XHB,90,16:00-17:30,0.001,1,1,-1,326,10.751
XHY-XHB,90,07:00-08:30,0.5,0,0,0,182,19.454
XHY-XHB,90,07:00-08:30,0.01,0,0,10,182,20.183
XHY-XHB,90,07:00-08:30,0.01,-1,0,-1,182,24.976
XHY-XHB,90,07:00-08:30,0.01,2,1,0,182,25.266
XHY-XHB,90,07:00-08:30,0.01,2,0,-1,182,25.597
XHY-XHB,90,07:00-08:30,0.1,-1,1,0,182,25.754
XHY-XHB,90,07:00-08:30,0.1,-1,0,1,182,25.766
XHY-XHB,90,07:00-08:30,0.01,-1,1,1,182,26.008
XHY-XHB,90,16:30-18:00,0.1,0,0,1,631,9.663
XHY-XHB,90,16:30-18:00,0.005,0,2,-1,631,10.228
XHY-XHB,90,16:30-18:00,0.01,-1,0,1,631,10.238
XHY-XHB,90,16:30-18:00,0.01,0,2,10,631,10.758
XHY-XHB,90,16:30-18:00,0.0005,3,0,-1,631,11.208
XHY-XHB,90,16:30-18:00,0.0001,-1,1,0,631,11.519
XHY-XHB,90,16:30-18:00,0.0001,-1,0,-1,631,11.555
XHY-XHB,90,16:30-18:00,0.005,1,1,-1,631,11.596
XHY-XHB,90,17:00-18:30,0.01,0,0,0,403,3.32
XHY-XHB,90,17:00-18:30,0.05,0,0,0,403,3.414
XHY-XHB,90,17:00-18:30,0.0005,0,2,0,403,3.967
XHY-XHB,90,17:00-18:30,0.0001,0,3,0,403,3.972
XHY-XHB,90,17:00-18:30,0.0005,0,3,-1,403,4.036
XHY-XHB,90,17:00-18:30,0.1,0,3,1,403,4.197
XHY-XHB,90,17:00-18:30,0.5,0,3,1,403,4.755
XHY-XHB,90,17:00-18:30,0.005,-1,0,0,403,5.373
XHY-XHB,90,17:30-19:00,0.01,0,1,0,335,4.506
XHY-XHB,90,17:30-19:00,0.1,0,1,0,335,4.661
XHY-XHB,90,17:30-19:00,0.005,2,0,-1,335,4.854
XHY-XHB,90,17:30-19:00,0.01,0,2,-1,335,4.873
XHY-XHB,90,17:30-19:00,0.005,1,0,-1,335,4.954
XHY-XHB,90,17:30-19:00,0.001,1,0,-1,335,4.974
XHY-XHB,90,17:30-19:00,0.1,2,1,1,335,5.033
XHY-XHB,90,17:30-19:00,0.001,0,3,0,335,5.192
XHY-XHB,90,18:00-19:30,0.5,0,0,1,410,3.929
XHY-XHB,90,18:00-19:30,0.05,0,1,-1,410,4.287
XHY-XHB,90,18:00-19:30,0.5,0,2,0,410,4.763
XHY-XHB,90,18:00-19:30,0.0001,0,0,0,410,4.792
XHY-XHB,90,18:00-19:30,0.001,-1,1,0,410,5.109
XHY-XHB,90,18:00-19:30,0.0005,2,1,1,410,5.127
XHY-XHB,90,18:00-19:30,0.001,2,0,1,410,5.396
XHY-XHB,90,18:00-19:30,0.0001,2,0,1,410,5.434
XHY-XHB,90,18:30-20:00,0.01,0,1,0,519,4.853
XHY-XHB,90,18:30-20:00,0.005,0,1,-1,519,4.943
XHY-XHB,90,18:30-20:00,0.05,0,0,0,519,4.983
XHY-XHB,90,18:30-20:00,0.5,0,2,-1,519,5.217
XHY-XHB,90,18:30-20:00,0.5,0,2,-1,519,5.33
XHY-XHB,90,18:30-20:00,0.1,1,1,1,519,6.17
XHY-XHB,90,18:30-20:00,0.005,-1,0,-1,519,7.207
XHY-XHB,90,18:30-20:00,0.0005,2,1,-1,519,7.214
XHY-XHB,90,19:00-20:30,0.001,0,1,0,481,2.13
XHY-XHB,90,19:00-20:30,0.01,0,1,0,481,2.241
XHY-XHB,90,19:00-20:30,0.005,0,0,-1,481,2.309
XHY-XHB,90,19:00-20:30,0.0001,0,3,-1,481,2.464
XHY-XHB,90,19:00-20:30,0.0005,-1,1,-1,481,2.506
XHY-XHB,90,19:00-20:30,0.0005,1,1,0,481,2.54
XHY-XHB,90,19:00-20:30,0.01,0,2,0,481,2.544
XHY-XHB,90,19:00-20:30,0.01,0,2,-1,481,2.589
XHY-XHB,90,19:30-21:00,0.005,2,1,-1,511,1.586
XHY-XHB,90,19:30-21:00,0.0001,0,1,0,511,1.599
XHY-XHB,90,19:30-21:00,0.0001,2,0,-1,511,1.609
XHY-XHB,90,19:30-21:00,0.0001,0,0,-1,511,1.621
XHY-XHB,90,19:30-21:00,0.005,-1,0,1,511,1.629
XHY-XHB,90,19:30-21:00,0.001,2,0,0,511,1.659
XHY-XHB,90,19:30-21:00,0.0001,2,1,1,511,1.659
XHY-XHB,90,19:30-21:00,0.0001,-1,1,-1,511,1.68
XHY-XHB,90,20:00-21:30,0.0005,1,0,-1,401,0.855
XHY-XHB,90,20:00-21:30,0.0001,-1,0,0,401,0.864
XHY-XHB,90,20:00-21:30,0.0001,1,0,0,401,0.88
XHY-XHB,90,20:00-21:30,0.001,3,1,-1,401,0.901
XHY-XHB,90,20:00-21:30,0.005,2,0,-1,401,0.92
XHY-XHB,90,20:00-21:30,0.005,3,1,0,401,0.923
XHY-XHB,90,20:00-21:30,0.0001,3,0,-1,401,0.932
XHY-XHB,90,20:00-21:30,0.0001,1,1,-1,401,0.951
XHY-XHB,90,20:30-22:00,0.0005,3,1,0,407,1.687
XHY-XHB,90,20:30-22:00,0.01,3,2,1,407,1.824
XHY-XHB,90,20:30-22:00,0.01,3,1,0,407,1.937
XHY-XHB,90,20:30-22:00,0.0001,0,0,1,407,1.96
XHY-XHB,90,20:30-22:00,0.001,0,0,-1,407,1.966
XHY-XHB,90,20:30-22:00,0.0005,0,2,-1,407,1.977
XHY-XHB,90,20:30-22:00,0.0005,0,0,-1,407,1.978
XHY-XHB,90,20:30-22:00,0.05,3,2,-1,407,2.001
XHY-XHB,90,21:00-22:30,0.0005,3,1,1,476,1.049
XHY-XHB,90,21:00-22:30,0.005,3,2,-1,476,1.105
XHY-XHB,90,21:00-22:30,0.001,3,0,1,476,1.12
XHY-XHB,90,21:00-22:30,0.005,3,1,0,476,1.131
XHY-XHB,90,21:00-22:30,0.0005,2,0,-1,476,1.134
XHY-XHB,90,21:00-22:30,0.01,3,1,0,476,1.263
XHY-XHB,90,21:00-22:30,0.005,0,1,0,476,1.292
XHY-XHB,90,21:00-22:30,0.005,2,0,0,476,1.299
XHY-XHB,90,07:30-09:00,0.005,0,1,10,413,23.892
XHY-XHB,90,07:30-09:00,0.01,0,1,0,413,25.055
XHY-XHB,90,07:30-09:00,0.0005,0,1,1,413,25.481
XHY-XHB,90,07:30-09:00,0.005,0,0,-1,413,25.733
XHY-XHB,90,07:30-09:00,0.05,0,0,1,413,25.987
XHY-XHB,90,07:30-09:00,0.01,-1,1,-1,413,26.564
XHY-XHB,90,07:30-09:00,0.01,-1,1,0,413,26.712
XHY-XHB,90,07:30-09:00,0.1,0,0,0,413,28.386
XHY-XHB,90,21:30-23:00,0.001,-1,2,0,393,0.481
XHY-XHB,90,21:30-23:00,0.0005,2,2,0,393,0.488
XHY-XHB,90,21:30-23:00,0.005,2,2,0,393,0.491
XHY-XHB,90,21:30-23:00,0.0001,2,2,0,393,0.491
XHY-XHB,90,21:30-23:00,0.0001,1,2,-1,393,0.534
XHY-XHB,90,21:30-23:00,0.0005,1,0,0,393,0.559
XHY-XHB,90,21:30-23:00,0.0005,-1,1,-1,393,0.561
XHY-XHB,90,21:30-23:00,0.0005,1,0,-1,393,0.563
